Year,Sex,Overall Position,Finish Time (min)
2014,Male,1.0,41.433
2014,Male,2.0,41.567
2014,Male,3.0,42.967
2014,Male,4.0,43.267
2014,Male,5.0,43.6
2014,Male,6.0,43.617
2014,Male,7.0,44.367
2014,Male,8.0,47.933
2014,Male,9.0,48.75
2014,Male,10.0,48.867
2014,Male,12.0,49.217
2014,Male,13.0,49.7
2014,Male,16.0,49.867
2014,Male,17.0,49.933
2014,Male,18.0,50.15
2014,Male,19.0,50.467
2014,Male,20.0,50.633
2014,Male,21.0,50.667
2014,Male,22.0,50.783
2014,Male,23.0,50.833
2014,Male,24.0,50.9
2014,Male,25.0,50.983
2014,Male,26.0,51.0
2014,Male,27.0,51.1
2014,Male,27.0,51.1
2014,Male,29.0,51.25
2014,Male,30.0,51.55
2014,Male,31.0,51.617
2014,Male,32.0,51.75
2014,Male,33.0,51.783
2014,Male,34.0,51.817
2014,Male,35.0,51.917
2014,Male,36.0,51.983
2014,Male,37.0,52.05
2014,Male,38.0,52.183
2014,Male,38.0,52.183
2014,Male,40.0,52.2
2014,Male,41.0,52.267
2014,Male,42.0,52.65
2014,Male,43.0,52.7
2014,Male,44.0,52.817
2014,Male,45.0,52.85
2014,Male,45.0,52.85
2014,Male,47.0,52.883
2014,Male,48.0,52.983
2014,Male,49.0,53.017
2014,Male,50.0,53.1
2014,Male,50.0,53.1
2014,Male,52.0,53.117
2014,Male,53.0,53.183
2014,Male,54.0,53.217
2014,Male,55.0,53.783
2014,Male,56.0,53.817
2014,Male,58.0,54.017
2014,Male,59.0,54.25
2014,Male,60.0,54.35
2014,Male,61.0,54.417
2014,Male,63.0,54.5
2014,Male,64.0,54.617
2014,Male,64.0,54.617
2014,Male,66.0,54.767
2014,Male,67.0,54.817
2014,Male,67.0,54.817
2014,Male,70.0,54.833
2014,Male,71.0,54.883
2014,Male,72.0,55.0
2014,Male,75.0,55.167
2014,Male,76.0,55.2
2014,Male,78.0,55.367
2014,Male,78.0,55.367
2014,Male,81.0,55.417
2014,Male,82.0,55.433
2014,Male,83.0,55.583
2014,Male,84.0,55.633
2014,Male,86.0,55.717
2014,Male,87.0,55.733
2014,Male,87.0,55.733
2014,Male,89.0,55.75
2014,Male,92.0,55.883
2014,Male,93.0,55.9
2014,Male,93.0,55.9
2014,Male,95.0,56.05
2014,Male,96.0,56.167
2014,Male,98.0,56.217
2014,Male,101.0,56.4
2014,Male,101.0,56.4
2014,Male,103.0,56.417
2014,Male,104.0,56.467
2014,Male,105.0,56.65
2014,Male,106.0,56.717
2014,Male,109.0,56.883
2014,Male,110.0,56.917
2014,Male,111.0,56.95
2014,Male,113.0,57.133
2014,Male,114.0,57.25
2014,Male,115.0,57.317
2014,Male,116.0,57.333
2014,Male,116.0,57.333
2014,Male,119.0,57.433
2014,Male,119.0,57.433
2014,Male,119.0,57.433
2014,Male,122.0,57.517
2014,Male,123.0,57.533
2014,Male,126.0,57.617
2014,Male,127.0,57.65
2014,Male,127.0,57.65
2014,Male,129.0,57.7
2014,Male,129.0,57.7
2014,Male,131.0,57.717
2014,Male,132.0,57.733
2014,Male,132.0,57.733
2014,Male,134.0,57.75
2014,Male,135.0,57.767
2014,Male,136.0,57.783
2014,Male,138.0,57.817
2014,Male,139.0,57.833
2014,Male,139.0,57.833
2014,Male,141.0,57.85
2014,Male,145.0,58.033
2014,Male,148.0,58.1
2014,Male,149.0,58.117
2014,Male,150.0,58.15
2014,Male,152.0,58.233
2014,Male,153.0,58.25
2014,Male,154.0,58.4
2014,Male,154.0,58.4
2014,Male,156.0,58.433
2014,Male,157.0,58.45
2014,Male,157.0,58.45
2014,Male,159.0,58.5
2014,Male,160.0,58.517
2014,Male,163.0,58.6
2014,Male,164.0,58.617
2014,Male,165.0,58.633
2014,Male,167.0,58.717
2014,Male,168.0,58.8
2014,Male,169.0,58.833
2014,Male,170.0,58.867
2014,Male,171.0,58.983
2014,Male,172.0,59.0
2014,Male,173.0,59.033
2014,Male,175.0,59.083
2014,Male,176.0,59.1
2014,Male,177.0,59.117
2014,Male,177.0,59.117
2014,Male,179.0,59.15
2014,Male,180.0,59.2
2014,Male,181.0,59.317
2014,Male,182.0,59.383
2014,Male,183.0,59.4
2014,Male,184.0,59.45
2014,Male,186.0,59.533
2014,Male,191.0,59.633
2014,Male,192.0,59.667
2014,Male,193.0,59.683
2014,Male,193.0,59.683
2014,Male,193.0,59.683
2014,Male,196.0,59.733
2014,Male,199.0,59.75
2014,Male,200.0,59.8
2014,Male,201.0,59.817
2014,Male,202.0,59.833
2014,Male,203.0,59.85
2014,Male,203.0,59.85
2014,Male,205.0,59.917
2014,Male,206.0,59.95
2014,Male,207.0,60.0
2014,Male,208.0,60.017
2014,Male,209.0,60.1
2014,Male,210.0,60.133
2014,Male,210.0,60.133
2014,Male,212.0,60.15
2014,Male,213.0,60.183
2014,Male,214.0,60.25
2014,Male,215.0,60.267
2014,Male,215.0,60.267
2014,Male,217.0,60.317
2014,Male,218.0,60.333
2014,Male,219.0,60.35
2014,Male,220.0,60.367
2014,Male,221.0,60.383
2014,Male,221.0,60.383
2014,Male,223.0,60.4
2014,Male,223.0,60.4
2014,Male,223.0,60.4
2014,Male,227.0,60.417
2014,Male,228.0,60.433
2014,Male,229.0,60.45
2014,Male,230.0,60.467
2014,Male,230.0,60.467
2014,Male,233.0,60.483
2014,Male,233.0,60.483
2014,Male,235.0,60.5
2014,Male,237.0,60.533
2014,Male,238.0,60.55
2014,Male,238.0,60.55
2014,Male,241.0,60.583
2014,Male,242.0,60.617
2014,Male,243.0,60.633
2014,Male,244.0,60.667
2014,Male,248.0,60.733
2014,Male,249.0,60.817
2014,Male,250.0,60.833
2014,Male,251.0,60.85
2014,Male,252.0,60.867
2014,Male,253.0,60.883
2014,Male,254.0,60.933
2014,Male,255.0,60.95
2014,Male,256.0,60.967
2014,Male,257.0,61.0
2014,Male,258.0,61.05
2014,Male,258.0,61.05
2014,Male,260.0,61.083
2014,Male,261.0,61.133
2014,Male,262.0,61.167
2014,Male,266.0,61.25
2014,Male,267.0,61.3
2014,Male,268.0,61.317
2014,Male,269.0,61.333
2014,Male,270.0,61.35
2014,Male,270.0,61.35
2014,Male,272.0,61.417
2014,Male,272.0,61.417
2014,Male,272.0,61.417
2014,Male,275.0,61.433
2014,Male,277.0,61.467
2014,Male,278.0,61.483
2014,Male,278.0,61.483
2014,Male,280.0,61.5
2014,Male,281.0,61.55
2014,Male,281.0,61.55
2014,Male,284.0,61.6
2014,Male,285.0,61.617
2014,Male,285.0,61.617
2014,Male,287.0,61.633
2014,Male,287.0,61.633
2014,Male,287.0,61.633
2014,Male,287.0,61.633
2014,Male,291.0,61.65
2014,Male,292.0,61.7
2014,Male,293.0,61.717
2014,Male,294.0,61.733
2014,Male,295.0,61.767
2014,Male,296.0,61.783
2014,Male,297.0,61.8
2014,Male,298.0,61.817
2014,Male,299.0,61.85
2014,Male,301.0,61.883
2014,Male,301.0,61.883
2014,Male,301.0,61.883
2014,Male,306.0,61.933
2014,Male,307.0,61.967
2014,Male,308.0,61.983
2014,Male,309.0,62.0
2014,Male,311.0,62.067
2014,Male,312.0,62.083
2014,Male,313.0,62.133
2014,Male,313.0,62.133
2014,Male,316.0,62.15
2014,Male,317.0,62.167
2014,Male,318.0,62.2
2014,Male,319.0,62.217
2014,Male,321.0,62.267
2014,Male,322.0,62.283
2014,Male,327.0,62.367
2014,Male,327.0,62.367
2014,Male,329.0,62.4
2014,Male,330.0,62.417
2014,Male,330.0,62.417
2014,Male,332.0,62.45
2014,Male,333.0,62.533
2014,Male,333.0,62.533
2014,Male,336.0,62.567
2014,Male,339.0,62.617
2014,Male,339.0,62.617
2014,Male,341.0,62.65
2014,Male,341.0,62.65
2014,Male,345.0,62.683
2014,Male,346.0,62.7
2014,Male,349.0,62.733
2014,Male,351.0,62.767
2014,Male,352.0,62.783
2014,Male,352.0,62.783
2014,Male,354.0,62.8
2014,Male,355.0,62.817
2014,Male,356.0,62.833
2014,Male,356.0,62.833
2014,Male,356.0,62.833
2014,Male,359.0,62.85
2014,Male,361.0,62.867
2014,Male,362.0,62.9
2014,Male,363.0,62.917
2014,Male,364.0,62.983
2014,Male,365.0,63.0
2014,Male,365.0,63.0
2014,Male,367.0,63.017
2014,Male,368.0,63.033
2014,Male,369.0,63.05
2014,Male,369.0,63.05
2014,Male,369.0,63.05
2014,Male,372.0,63.067
2014,Male,374.0,63.083
2014,Male,377.0,63.133
2014,Male,378.0,63.15
2014,Male,379.0,63.167
2014,Male,380.0,63.217
2014,Male,381.0,63.233
2014,Male,381.0,63.233
2014,Male,383.0,63.25
2014,Male,384.0,63.283
2014,Male,385.0,63.317
2014,Male,386.0,63.333
2014,Male,387.0,63.383
2014,Male,388.0,63.4
2014,Male,388.0,63.4
2014,Male,393.0,63.517
2014,Male,393.0,63.517
2014,Male,397.0,63.55
2014,Male,398.0,63.567
2014,Male,399.0,63.6
2014,Male,400.0,63.633
2014,Male,400.0,63.633
2014,Male,404.0,63.667
2014,Male,406.0,63.717
2014,Male,409.0,63.767
2014,Male,409.0,63.767
2014,Male,409.0,63.767
2014,Male,412.0,63.8
2014,Male,412.0,63.8
2014,Male,412.0,63.8
2014,Male,417.0,63.833
2014,Male,417.0,63.833
2014,Male,419.0,63.85
2014,Male,420.0,63.867
2014,Male,421.0,63.9
2014,Male,421.0,63.9
2014,Male,421.0,63.9
2014,Male,424.0,63.917
2014,Male,425.0,63.933
2014,Male,426.0,63.95
2014,Male,426.0,63.95
2014,Male,426.0,63.95
2014,Male,429.0,64.0
2014,Male,430.0,64.017
2014,Male,430.0,64.017
2014,Male,434.0,64.1
2014,Male,434.0,64.1
2014,Male,436.0,64.133
2014,Male,437.0,64.15
2014,Male,438.0,64.167
2014,Male,438.0,64.167
2014,Male,440.0,64.183
2014,Male,441.0,64.217
2014,Male,443.0,64.283
2014,Male,444.0,64.317
2014,Male,444.0,64.317
2014,Male,444.0,64.317
2014,Male,448.0,64.333
2014,Male,450.0,64.4
2014,Male,451.0,64.417
2014,Male,452.0,64.433
2014,Male,453.0,64.45
2014,Male,453.0,64.45
2014,Male,453.0,64.45
2014,Male,453.0,64.45
2014,Male,453.0,64.45
2014,Male,458.0,64.467
2014,Male,458.0,64.467
2014,Male,460.0,64.483
2014,Male,461.0,64.5
2014,Male,461.0,64.5
2014,Male,463.0,64.533
2014,Male,463.0,64.533
2014,Male,463.0,64.533
2014,Male,466.0,64.55
2014,Male,467.0,64.567
2014,Male,470.0,64.617
2014,Male,471.0,64.633
2014,Male,473.0,64.683
2014,Male,474.0,64.733
2014,Male,477.0,64.75
2014,Male,477.0,64.75
2014,Male,479.0,64.783
2014,Male,481.0,64.8
2014,Male,484.0,64.867
2014,Male,486.0,64.883
2014,Male,486.0,64.883
2014,Male,486.0,64.883
2014,Male,489.0,64.9
2014,Male,489.0,64.9
2014,Male,491.0,64.917
2014,Male,493.0,64.933
2014,Male,494.0,64.983
2014,Male,496.0,65.05
2014,Male,497.0,65.067
2014,Male,497.0,65.067
2014,Male,499.0,65.083
2014,Male,499.0,65.083
2014,Male,499.0,65.083
2014,Male,499.0,65.083
2014,Male,504.0,65.1
2014,Male,505.0,65.117
2014,Male,505.0,65.117
2014,Male,507.0,65.133
2014,Male,507.0,65.133
2014,Male,509.0,65.15
2014,Male,509.0,65.15
2014,Male,511.0,65.167
2014,Male,514.0,65.217
2014,Male,514.0,65.217
2014,Male,518.0,65.283
2014,Male,520.0,65.3
2014,Male,520.0,65.3
2014,Male,522.0,65.317
2014,Male,522.0,65.317
2014,Male,525.0,65.35
2014,Male,526.0,65.367
2014,Male,526.0,65.367
2014,Male,528.0,65.383
2014,Male,528.0,65.383
2014,Male,530.0,65.417
2014,Male,531.0,65.433
2014,Male,531.0,65.433
2014,Male,533.0,65.467
2014,Male,534.0,65.483
2014,Male,534.0,65.483
2014,Male,536.0,65.533
2014,Male,536.0,65.533
2014,Male,539.0,65.55
2014,Male,539.0,65.55
2014,Male,541.0,65.583
2014,Male,545.0,65.617
2014,Male,546.0,65.633
2014,Male,547.0,65.65
2014,Male,547.0,65.65
2014,Male,549.0,65.667
2014,Male,550.0,65.683
2014,Male,551.0,65.7
2014,Male,551.0,65.7
2014,Male,553.0,65.717
2014,Male,553.0,65.717
2014,Male,553.0,65.717
2014,Male,556.0,65.733
2014,Male,558.0,65.817
2014,Male,560.0,65.85
2014,Male,561.0,65.883
2014,Male,563.0,65.917
2014,Male,565.0,65.933
2014,Male,565.0,65.933
2014,Male,569.0,65.967
2014,Male,570.0,66.017
2014,Male,571.0,66.067
2014,Male,571.0,66.067
2014,Male,573.0,66.083
2014,Male,573.0,66.083
2014,Male,573.0,66.083
2014,Male,573.0,66.083
2014,Male,578.0,66.133
2014,Male,579.0,66.15
2014,Male,582.0,66.25
2014,Male,583.0,66.267
2014,Male,584.0,66.283
2014,Male,586.0,66.3
2014,Male,586.0,66.3
2014,Male,589.0,66.317
2014,Male,590.0,66.35
2014,Male,591.0,66.367
2014,Male,592.0,66.383
2014,Male,593.0,66.417
2014,Male,593.0,66.417
2014,Male,595.0,66.433
2014,Male,596.0,66.45
2014,Male,596.0,66.45
2014,Male,598.0,66.467
2014,Male,599.0,66.5
2014,Male,599.0,66.5
2014,Male,599.0,66.5
2014,Male,599.0,66.5
2014,Male,603.0,66.517
2014,Male,604.0,66.55
2014,Male,604.0,66.55
2014,Male,606.0,66.567
2014,Male,606.0,66.567
2014,Male,609.0,66.617
2014,Male,609.0,66.617
2014,Male,611.0,66.65
2014,Male,613.0,66.717
2014,Male,613.0,66.717
2014,Male,616.0,66.75
2014,Male,617.0,66.783
2014,Male,618.0,66.8
2014,Male,619.0,66.817
2014,Male,620.0,66.867
2014,Male,621.0,66.883
2014,Male,622.0,66.9
2014,Male,623.0,66.933
2014,Male,624.0,66.967
2014,Male,625.0,67.0
2014,Male,625.0,67.0
2014,Male,627.0,67.017
2014,Male,628.0,67.05
2014,Male,628.0,67.05
2014,Male,631.0,67.067
2014,Male,632.0,67.083
2014,Male,634.0,67.1
2014,Male,634.0,67.1
2014,Male,636.0,67.15
2014,Male,636.0,67.15
2014,Male,638.0,67.167
2014,Male,639.0,67.183
2014,Male,640.0,67.2
2014,Male,642.0,67.217
2014,Male,643.0,67.25
2014,Male,643.0,67.25
2014,Male,645.0,67.317
2014,Male,645.0,67.317
2014,Male,648.0,67.333
2014,Male,648.0,67.333
2014,Male,650.0,67.35
2014,Male,652.0,67.383
2014,Male,652.0,67.383
2014,Male,654.0,67.4
2014,Male,656.0,67.417
2014,Male,658.0,67.45
2014,Male,659.0,67.467
2014,Male,660.0,67.5
2014,Male,660.0,67.5
2014,Male,663.0,67.517
2014,Male,663.0,67.517
2014,Male,663.0,67.517
2014,Male,663.0,67.517
2014,Male,667.0,67.533
2014,Male,668.0,67.55
2014,Male,669.0,67.567
2014,Male,670.0,67.6
2014,Male,670.0,67.6
2014,Male,670.0,67.6
2014,Male,676.0,67.617
2014,Male,676.0,67.617
2014,Male,679.0,67.667
2014,Male,680.0,67.683
2014,Male,680.0,67.683
2014,Male,682.0,67.7
2014,Male,682.0,67.7
2014,Male,684.0,67.717
2014,Male,685.0,67.733
2014,Male,687.0,67.75
2014,Male,688.0,67.767
2014,Male,688.0,67.767
2014,Male,690.0,67.783
2014,Male,690.0,67.783
2014,Male,690.0,67.783
2014,Male,690.0,67.783
2014,Male,694.0,67.817
2014,Male,694.0,67.817
2014,Male,697.0,67.833
2014,Male,697.0,67.833
2014,Male,699.0,67.85
2014,Male,699.0,67.85
2014,Male,701.0,67.9
2014,Male,702.0,67.917
2014,Male,702.0,67.917
2014,Male,702.0,67.917
2014,Male,707.0,67.933
2014,Male,707.0,67.933
2014,Male,707.0,67.933
2014,Male,713.0,68.083
2014,Male,715.0,68.1
2014,Male,716.0,68.133
2014,Male,716.0,68.133
2014,Male,718.0,68.15
2014,Male,718.0,68.15
2014,Male,718.0,68.15
2014,Male,722.0,68.167
2014,Male,725.0,68.2
2014,Male,725.0,68.2
2014,Male,727.0,68.217
2014,Male,727.0,68.217
2014,Male,727.0,68.217
2014,Male,727.0,68.217
2014,Male,733.0,68.267
2014,Male,733.0,68.267
2014,Male,735.0,68.283
2014,Male,735.0,68.283
2014,Male,735.0,68.283
2014,Male,735.0,68.283
2014,Male,735.0,68.283
2014,Male,740.0,68.383
2014,Male,740.0,68.383
2014,Male,742.0,68.4
2014,Male,743.0,68.417
2014,Male,746.0,68.5
2014,Male,746.0,68.5
2014,Male,748.0,68.517
2014,Male,748.0,68.517
2014,Male,750.0,68.567
2014,Male,750.0,68.567
2014,Male,753.0,68.583
2014,Male,753.0,68.583
2014,Male,753.0,68.583
2014,Male,757.0,68.6
2014,Male,757.0,68.6
2014,Male,757.0,68.6
2014,Male,760.0,68.617
2014,Male,760.0,68.617
2014,Male,760.0,68.617
2014,Male,763.0,68.633
2014,Male,763.0,68.633
2014,Male,763.0,68.633
2014,Male,763.0,68.633
2014,Male,767.0,68.65
2014,Male,768.0,68.667
2014,Male,771.0,68.7
2014,Male,772.0,68.733
2014,Male,775.0,68.783
2014,Male,775.0,68.783
2014,Male,777.0,68.8
2014,Male,777.0,68.8
2014,Male,779.0,68.817
2014,Male,780.0,68.883
2014,Male,784.0,68.933
2014,Male,785.0,68.967
2014,Male,786.0,68.983
2014,Male,786.0,68.983
2014,Male,788.0,69.0
2014,Male,789.0,69.017
2014,Male,789.0,69.017
2014,Male,789.0,69.017
2014,Male,792.0,69.033
2014,Male,792.0,69.033
2014,Male,794.0,69.05
2014,Male,798.0,69.133
2014,Male,799.0,69.2
2014,Male,800.0,69.233
2014,Male,801.0,69.25
2014,Male,802.0,69.283
2014,Male,803.0,69.3
2014,Male,804.0,69.333
2014,Male,805.0,69.367
2014,Male,806.0,69.383
2014,Male,809.0,69.417
2014,Male,811.0,69.467
2014,Male,812.0,69.483
2014,Male,815.0,69.533
2014,Male,815.0,69.533
2014,Male,817.0,69.6
2014,Male,818.0,69.617
2014,Male,818.0,69.617
2014,Male,818.0,69.617
2014,Male,821.0,69.633
2014,Male,824.0,69.667
2014,Male,824.0,69.667
2014,Male,824.0,69.667
2014,Male,827.0,69.683
2014,Male,830.0,69.733
2014,Male,832.0,69.75
2014,Male,832.0,69.75
2014,Male,834.0,69.767
2014,Male,836.0,69.817
2014,Male,836.0,69.817
2014,Male,838.0,69.833
2014,Male,838.0,69.833
2014,Male,842.0,69.867
2014,Male,843.0,69.883
2014,Male,843.0,69.883
2014,Male,845.0,69.917
2014,Male,847.0,69.95
2014,Male,848.0,69.967
2014,Male,850.0,69.983
2014,Male,852.0,70.017
2014,Male,853.0,70.05
2014,Male,854.0,70.083
2014,Male,857.0,70.1
2014,Male,859.0,70.133
2014,Male,859.0,70.133
2014,Male,861.0,70.167
2014,Male,862.0,70.183
2014,Male,863.0,70.2
2014,Male,863.0,70.2
2014,Male,866.0,70.217
2014,Male,868.0,70.233
2014,Male,869.0,70.267
2014,Male,870.0,70.3
2014,Male,871.0,70.333
2014,Male,871.0,70.333
2014,Male,871.0,70.333
2014,Male,876.0,70.45
2014,Male,878.0,70.483
2014,Male,878.0,70.483
2014,Male,878.0,70.483
2014,Male,878.0,70.483
2014,Male,883.0,70.533
2014,Male,884.0,70.55
2014,Male,884.0,70.55
2014,Male,884.0,70.55
2014,Male,889.0,70.583
2014,Male,890.0,70.6
2014,Male,892.0,70.633
2014,Male,894.0,70.683
2014,Male,895.0,70.717
2014,Male,896.0,70.733
2014,Male,897.0,70.767
2014,Male,898.0,70.8
2014,Male,899.0,70.817
2014,Male,899.0,70.817
2014,Male,899.0,70.817
2014,Male,902.0,70.833
2014,Male,903.0,70.85
2014,Male,904.0,70.867
2014,Male,906.0,70.883
2014,Male,906.0,70.883
2014,Male,908.0,70.9
2014,Male,910.0,70.933
2014,Male,911.0,70.95
2014,Male,912.0,70.967
2014,Male,914.0,71.017
2014,Male,916.0,71.1
2014,Male,917.0,71.133
2014,Male,920.0,71.183
2014,Male,921.0,71.2
2014,Male,921.0,71.2
2014,Male,923.0,71.217
2014,Male,924.0,71.25
2014,Male,925.0,71.267
2014,Male,926.0,71.333
2014,Male,927.0,71.367
2014,Male,927.0,71.367
2014,Male,929.0,71.4
2014,Male,929.0,71.4
2014,Male,931.0,71.417
2014,Male,932.0,71.433
2014,Male,933.0,71.45
2014,Male,933.0,71.45
2014,Male,935.0,71.467
2014,Male,935.0,71.467
2014,Male,937.0,71.483
2014,Male,937.0,71.483
2014,Male,937.0,71.483
2014,Male,940.0,71.5
2014,Male,940.0,71.5
2014,Male,942.0,71.55
2014,Male,944.0,71.567
2014,Male,945.0,71.583
2014,Male,946.0,71.6
2014,Male,949.0,71.65
2014,Male,950.0,71.7
2014,Male,950.0,71.7
2014,Male,952.0,71.717
2014,Male,953.0,71.733
2014,Male,954.0,71.75
2014,Male,954.0,71.75
2014,Male,957.0,71.8
2014,Male,958.0,71.817
2014,Male,960.0,71.833
2014,Male,961.0,71.867
2014,Male,961.0,71.867
2014,Male,964.0,71.9
2014,Male,965.0,71.933
2014,Male,966.0,71.983
2014,Male,967.0,72.033
2014,Male,969.0,72.05
2014,Male,970.0,72.083
2014,Male,970.0,72.083
2014,Male,974.0,72.133
2014,Male,974.0,72.133
2014,Male,974.0,72.133
2014,Male,977.0,72.15
2014,Male,978.0,72.167
2014,Male,979.0,72.233
2014,Male,981.0,72.283
2014,Male,982.0,72.3
2014,Male,982.0,72.3
2014,Male,984.0,72.317
2014,Male,985.0,72.35
2014,Male,989.0,72.367
2014,Male,993.0,72.45
2014,Male,993.0,72.45
2014,Male,996.0,72.483
2014,Male,998.0,72.5
2014,Male,999.0,72.517
2014,Male,1000.0,72.533
2014,Male,1001.0,72.55
2014,Male,1003.0,72.583
2014,Male,1003.0,72.583
2014,Male,1006.0,72.617
2014,Male,1007.0,72.7
2014,Male,1008.0,72.783
2014,Male,1010.0,72.817
2014,Male,1011.0,72.867
2014,Male,1013.0,72.917
2014,Male,1013.0,72.917
2014,Male,1016.0,72.933
2014,Male,1017.0,72.95
2014,Male,1017.0,72.95
2014,Male,1020.0,73.067
2014,Male,1021.0,73.083
2014,Male,1021.0,73.083
2014,Male,1025.0,73.1
2014,Male,1027.0,73.133
2014,Male,1029.0,73.15
2014,Male,1031.0,73.183
2014,Male,1032.0,73.25
2014,Male,1034.0,73.267
2014,Male,1035.0,73.317
2014,Male,1035.0,73.317
2014,Male,1037.0,73.35
2014,Male,1038.0,73.383
2014,Male,1039.0,73.4
2014,Male,1040.0,73.417
2014,Male,1040.0,73.417
2014,Male,1042.0,73.467
2014,Male,1043.0,73.483
2014,Male,1044.0,73.5
2014,Male,1047.0,73.567
2014,Male,1050.0,73.65
2014,Male,1052.0,73.667
2014,Male,1054.0,73.7
2014,Male,1059.0,73.8
2014,Male,1061.0,73.817
2014,Male,1063.0,73.9
2014,Male,1064.0,73.933
2014,Male,1065.0,73.983
2014,Male,1065.0,73.983
2014,Male,1067.0,74.0
2014,Male,1068.0,74.033
2014,Male,1069.0,74.117
2014,Male,1070.0,74.133
2014,Male,1071.0,74.167
2014,Male,1072.0,74.183
2014,Male,1074.0,74.25
2014,Male,1075.0,74.267
2014,Male,1078.0,74.4
2014,Male,1078.0,74.4
2014,Male,1078.0,74.4
2014,Male,1082.0,74.45
2014,Male,1083.0,74.467
2014,Male,1083.0,74.467
2014,Male,1085.0,74.483
2014,Male,1086.0,74.5
2014,Male,1088.0,74.517
2014,Male,1089.0,74.533
2014,Male,1090.0,74.55
2014,Male,1091.0,74.567
2014,Male,1091.0,74.567
2014,Male,1094.0,74.617
2014,Male,1095.0,74.633
2014,Male,1095.0,74.633
2014,Male,1095.0,74.633
2014,Male,1099.0,74.683
2014,Male,1099.0,74.683
2014,Male,1102.0,74.717
2014,Male,1103.0,74.733
2014,Male,1103.0,74.733
2014,Male,1105.0,74.767
2014,Male,1106.0,74.817
2014,Male,1108.0,74.883
2014,Male,1108.0,74.883
2014,Male,1110.0,74.95
2014,Male,1112.0,74.967
2014,Male,1112.0,74.967
2014,Male,1112.0,74.967
2014,Male,1115.0,75.0
2014,Male,1116.0,75.017
2014,Male,1119.0,75.183
2014,Male,1119.0,75.183
2014,Male,1119.0,75.183
2014,Male,1122.0,75.2
2014,Male,1122.0,75.2
2014,Male,1124.0,75.217
2014,Male,1124.0,75.217
2014,Male,1124.0,75.217
2014,Male,1127.0,75.25
2014,Male,1128.0,75.3
2014,Male,1129.0,75.317
2014,Male,1131.0,75.333
2014,Male,1132.0,75.35
2014,Male,1134.0,75.4
2014,Male,1136.0,75.417
2014,Male,1137.0,75.467
2014,Male,1137.0,75.467
2014,Male,1139.0,75.483
2014,Male,1140.0,75.517
2014,Male,1143.0,75.55
2014,Male,1146.0,75.65
2014,Male,1146.0,75.65
2014,Male,1149.0,75.667
2014,Male,1150.0,75.7
2014,Male,1152.0,75.717
2014,Male,1152.0,75.717
2014,Male,1152.0,75.717
2014,Male,1156.0,75.75
2014,Male,1157.0,75.767
2014,Male,1158.0,75.783
2014,Male,1161.0,75.833
2014,Male,1162.0,75.867
2014,Male,1163.0,75.9
2014,Male,1163.0,75.9
2014,Male,1163.0,75.9
2014,Male,1166.0,75.917
2014,Male,1167.0,75.95
2014,Male,1169.0,76.0
2014,Male,1170.0,76.033
2014,Male,1173.0,76.133
2014,Male,1175.0,76.183
2014,Male,1177.0,76.217
2014,Male,1179.0,76.25
2014,Male,1182.0,76.3
2014,Male,1183.0,76.333
2014,Male,1186.0,76.383
2014,Male,1187.0,76.4
2014,Male,1188.0,76.433
2014,Male,1188.0,76.433
2014,Male,1190.0,76.45
2014,Male,1191.0,76.467
2014,Male,1193.0,76.5
2014,Male,1194.0,76.55
2014,Male,1195.0,76.567
2014,Male,1196.0,76.6
2014,Male,1199.0,76.717
2014,Male,1200.0,76.783
2014,Male,1202.0,76.817
2014,Male,1205.0,76.867
2014,Male,1206.0,76.917
2014,Male,1209.0,77.033
2014,Male,1210.0,77.05
2014,Male,1211.0,77.067
2014,Male,1212.0,77.083
2014,Male,1212.0,77.083
2014,Male,1212.0,77.083
2014,Male,1212.0,77.083
2014,Male,1216.0,77.1
2014,Male,1217.0,77.2
2014,Male,1217.0,77.2
2014,Male,1220.0,77.267
2014,Male,1221.0,77.317
2014,Male,1221.0,77.317
2014,Male,1224.0,77.367
2014,Male,1225.0,77.383
2014,Male,1226.0,77.4
2014,Male,1228.0,77.45
2014,Male,1232.0,77.533
2014,Male,1233.0,77.55
2014,Male,1234.0,77.567
2014,Male,1235.0,77.6
2014,Male,1236.0,77.617
2014,Male,1236.0,77.617
2014,Male,1238.0,77.65
2014,Male,1238.0,77.65
2014,Male,1241.0,77.683
2014,Male,1243.0,77.733
2014,Male,1244.0,77.767
2014,Male,1244.0,77.767
2014,Male,1248.0,77.833
2014,Male,1249.0,77.85
2014,Male,1250.0,77.95
2014,Male,1252.0,78.017
2014,Male,1252.0,78.017
2014,Male,1254.0,78.033
2014,Male,1257.0,78.083
2014,Male,1258.0,78.117
2014,Male,1261.0,78.2
2014,Male,1263.0,78.233
2014,Male,1263.0,78.233
2014,Male,1265.0,78.267
2014,Male,1266.0,78.283
2014,Male,1267.0,78.3
2014,Male,1268.0,78.333
2014,Male,1270.0,78.4
2014,Male,1271.0,78.433
2014,Male,1273.0,78.617
2014,Male,1274.0,78.717
2014,Male,1276.0,78.733
2014,Male,1276.0,78.733
2014,Male,1281.0,78.833
2014,Male,1281.0,78.833
2014,Male,1284.0,78.85
2014,Male,1285.0,78.867
2014,Male,1285.0,78.867
2014,Male,1287.0,78.883
2014,Male,1289.0,78.983
2014,Male,1291.0,79.0
2014,Male,1293.0,79.05
2014,Male,1295.0,79.1
2014,Male,1296.0,79.167
2014,Male,1297.0,79.183
2014,Male,1298.0,79.2
2014,Male,1300.0,79.283
2014,Male,1301.0,79.317
2014,Male,1303.0,79.383
2014,Male,1303.0,79.383
2014,Male,1305.0,79.467
2014,Male,1306.0,79.517
2014,Male,1307.0,79.567
2014,Male,1309.0,79.617
2014,Male,1310.0,79.667
2014,Male,1311.0,79.683
2014,Male,1311.0,79.683
2014,Male,1313.0,79.717
2014,Male,1315.0,79.783
2014,Male,1317.0,79.867
2014,Male,1319.0,80.05
2014,Male,1321.0,80.083
2014,Male,1321.0,80.083
2014,Male,1324.0,80.15
2014,Male,1324.0,80.15
2014,Male,1327.0,80.2
2014,Male,1327.0,80.2
2014,Male,1330.0,80.3
2014,Male,1330.0,80.3
2014,Male,1330.0,80.3
2014,Male,1333.0,80.333
2014,Male,1336.0,80.45
2014,Male,1336.0,80.45
2014,Male,1339.0,80.483
2014,Male,1340.0,80.533
2014,Male,1340.0,80.533
2014,Male,1343.0,80.7
2014,Male,1344.0,80.717
2014,Male,1345.0,80.833
2014,Male,1345.0,80.833
2014,Male,1345.0,80.833
2014,Male,1345.0,80.833
2014,Male,1349.0,80.85
2014,Male,1350.0,80.883
2014,Male,1351.0,80.9
2014,Male,1351.0,80.9
2014,Male,1354.0,80.95
2014,Male,1354.0,80.95
2014,Male,1357.0,81.05
2014,Male,1359.0,81.1
2014,Male,1360.0,81.133
2014,Male,1362.0,81.15
2014,Male,1363.0,81.183
2014,Male,1364.0,81.2
2014,Male,1365.0,81.217
2014,Male,1368.0,81.267
2014,Male,1370.0,81.367
2014,Male,1372.0,81.483
2014,Male,1373.0,81.517
2014,Male,1375.0,81.55
2014,Male,1376.0,81.6
2014,Male,1376.0,81.6
2014,Male,1379.0,81.683
2014,Male,1380.0,81.733
2014,Male,1380.0,81.733
2014,Male,1382.0,81.817
2014,Male,1383.0,81.833
2014,Male,1384.0,81.85
2014,Male,1387.0,81.917
2014,Male,1389.0,81.967
2014,Male,1390.0,82.0
2014,Male,1391.0,82.033
2014,Male,1392.0,82.183
2014,Male,1392.0,82.183
2014,Male,1394.0,82.233
2014,Male,1395.0,82.25
2014,Male,1397.0,82.45
2014,Male,1398.0,82.517
2014,Male,1398.0,82.517
2014,Male,1400.0,82.6
2014,Male,1401.0,82.65
2014,Male,1402.0,82.667
2014,Male,1404.0,82.7
2014,Male,1405.0,82.733
2014,Male,1407.0,82.75
2014,Male,1408.0,82.817
2014,Male,1409.0,82.833
2014,Male,1411.0,82.917
2014,Male,1411.0,82.917
2014,Male,1414.0,82.95
2014,Male,1418.0,83.133
2014,Male,1419.0,83.167
2014,Male,1420.0,83.2
2014,Male,1421.0,83.283
2014,Male,1422.0,83.3
2014,Male,1423.0,83.317
2014,Male,1424.0,83.333
2014,Male,1424.0,83.333
2014,Male,1426.0,83.383
2014,Male,1427.0,83.533
2014,Male,1427.0,83.533
2014,Male,1429.0,83.6
2014,Male,1430.0,83.65
2014,Male,1431.0,83.667
2014,Male,1432.0,83.7
2014,Male,1434.0,83.717
2014,Male,1437.0,83.733
2014,Male,1437.0,83.733
2014,Male,1439.0,83.8
2014,Male,1440.0,83.833
2014,Male,1441.0,83.867
2014,Male,1442.0,84.117
2014,Male,1443.0,84.183
2014,Male,1445.0,84.35
2014,Male,1447.0,84.467
2014,Male,1448.0,84.6
2014,Male,1449.0,84.617
2014,Male,1450.0,84.7
2014,Male,1451.0,84.833
2014,Male,1452.0,85.017
2014,Male,1454.0,85.05
2014,Male,1455.0,85.117
2014,Male,1457.0,85.133
2014,Male,1459.0,85.2
2014,Male,1460.0,85.267
2014,Male,1461.0,85.417
2014,Male,1461.0,85.417
2014,Male,1464.0,85.5
2014,Male,1467.0,85.55
2014,Male,1468.0,85.65
2014,Male,1470.0,85.7
2014,Male,1471.0,85.8
2014,Male,1476.0,85.933
2014,Male,1476.0,85.933
2014,Male,1478.0,85.983
2014,Male,1479.0,86.117
2014,Male,1480.0,86.25
2014,Male,1482.0,86.517
2014,Male,1483.0,86.6
2014,Male,1485.0,86.667
2014,Male,1487.0,86.75
2014,Male,1488.0,86.783
2014,Male,1489.0,86.833
2014,Male,1490.0,86.867
2014,Male,1490.0,86.867
2014,Male,1492.0,86.933
2014,Male,1493.0,86.967
2014,Male,1494.0,86.983
2014,Male,1497.0,87.467
2014,Male,1499.0,87.783
2014,Male,1500.0,87.967
2014,Male,1501.0,88.133
2014,Male,1503.0,88.35
2014,Male,1504.0,88.367
2014,Male,1505.0,88.383
2014,Male,1505.0,88.383
2014,Male,1507.0,88.6
2014,Male,1509.0,88.867
2014,Male,1510.0,89.033
2014,Male,1511.0,89.067
2014,Male,1512.0,89.167
2014,Male,1515.0,89.383
2014,Male,1516.0,89.517
2014,Male,1518.0,89.983
2014,Male,1519.0,90.55
2014,Male,1520.0,90.617
2014,Male,1522.0,91.383
2014,Male,1524.0,91.533
2014,Male,1526.0,92.783
2014,Male,1527.0,93.033
2014,Male,1528.0,94.4
2014,Male,1529.0,94.483
2014,Male,1530.0,94.533
2014,Male,1532.0,96.117
2014,Male,1533.0,96.333
2014,Male,1534.0,96.817
2014,Male,1535.0,98.967
2014,Male,1536.0,99.033
2014,Male,1538.0,99.7
2014,Male,1540.0,100.533
2014,Male,1541.0,100.917
2014,Male,1543.0,103.017
2014,Male,1544.0,103.883
2014,Male,1545.0,104.017
2014,Male,1546.0,104.183
2014,Male,1547.0,104.933
2014,Male,1550.0,105.917
2014,Male,1551.0,106.183
2014,Male,1552.0,106.25
2014,Male,1553.0,106.317
2014,Male,1553.0,106.317
2014,Male,1555.0,106.717
2014,Male,1556.0,107.15
2014,Male,1557.0,109.2
2014,Male,1558.0,109.517
2014,Male,1559.0,109.533
2014,Male,1560.0,111.067
2014,Male,1562.0,114.85
2014,Male,1563.0,114.95
2014,Male,1564.0,118.85
2014,Female,11.0,49.183
2014,Female,14.0,49.717
2014,Female,15.0,49.85
2014,Female,57.0,53.9
2014,Female,61.0,54.417
2014,Female,67.0,54.817
2014,Female,73.0,55.1
2014,Female,74.0,55.15
2014,Female,77.0,55.25
2014,Female,80.0,55.383
2014,Female,85.0,55.667
2014,Female,89.0,55.75
2014,Female,91.0,55.867
2014,Female,97.0,56.183
2014,Female,99.0,56.3
2014,Female,100.0,56.35
2014,Female,107.0,56.767
2014,Female,108.0,56.783
2014,Female,112.0,57.017
2014,Female,118.0,57.417
2014,Female,124.0,57.567
2014,Female,125.0,57.6
2014,Female,136.0,57.783
2014,Female,142.0,57.933
2014,Female,143.0,57.967
2014,Female,144.0,58.0
2014,Female,146.0,58.05
2014,Female,147.0,58.067
2014,Female,151.0,58.183
2014,Female,161.0,58.533
2014,Female,162.0,58.55
2014,Female,166.0,58.683
2014,Female,174.0,59.067
2014,Female,185.0,59.483
2014,Female,187.0,59.55
2014,Female,188.0,59.567
2014,Female,188.0,59.567
2014,Female,190.0,59.6
2014,Female,196.0,59.733
2014,Female,196.0,59.733
2014,Female,223.0,60.4
2014,Female,230.0,60.467
2014,Female,235.0,60.5
2014,Female,240.0,60.567
2014,Female,245.0,60.683
2014,Female,246.0,60.7
2014,Female,246.0,60.7
2014,Female,263.0,61.183
2014,Female,263.0,61.183
2014,Female,265.0,61.2
2014,Female,275.0,61.433
2014,Female,281.0,61.55
2014,Female,300.0,61.867
2014,Female,301.0,61.883
2014,Female,305.0,61.9
2014,Female,310.0,62.05
2014,Female,313.0,62.133
2014,Female,319.0,62.217
2014,Female,322.0,62.283
2014,Female,324.0,62.3
2014,Female,325.0,62.317
2014,Female,326.0,62.35
2014,Female,333.0,62.533
2014,Female,337.0,62.583
2014,Female,338.0,62.6
2014,Female,341.0,62.65
2014,Female,341.0,62.65
2014,Female,346.0,62.7
2014,Female,348.0,62.717
2014,Female,350.0,62.75
2014,Female,359.0,62.85
2014,Female,372.0,63.067
2014,Female,374.0,63.083
2014,Female,376.0,63.1
2014,Female,390.0,63.45
2014,Female,391.0,63.5
2014,Female,391.0,63.5
2014,Female,393.0,63.517
2014,Female,393.0,63.517
2014,Female,400.0,63.633
2014,Female,403.0,63.65
2014,Female,405.0,63.683
2014,Female,407.0,63.75
2014,Female,407.0,63.75
2014,Female,412.0,63.8
2014,Female,416.0,63.817
2014,Female,430.0,64.017
2014,Female,433.0,64.05
2014,Female,441.0,64.217
2014,Female,444.0,64.317
2014,Female,449.0,64.367
2014,Female,467.0,64.567
2014,Female,469.0,64.583
2014,Female,471.0,64.633
2014,Female,474.0,64.733
2014,Female,474.0,64.733
2014,Female,479.0,64.783
2014,Female,482.0,64.817
2014,Female,483.0,64.85
2014,Female,484.0,64.867
2014,Female,491.0,64.917
2014,Female,495.0,65.033
2014,Female,499.0,65.083
2014,Female,511.0,65.167
2014,Female,511.0,65.167
2014,Female,514.0,65.217
2014,Female,517.0,65.25
2014,Female,518.0,65.283
2014,Female,524.0,65.333
2014,Female,536.0,65.533
2014,Female,541.0,65.583
2014,Female,541.0,65.583
2014,Female,541.0,65.583
2014,Female,557.0,65.8
2014,Female,558.0,65.817
2014,Female,562.0,65.9
2014,Female,563.0,65.917
2014,Female,565.0,65.933
2014,Female,565.0,65.933
2014,Female,577.0,66.117
2014,Female,580.0,66.217
2014,Female,580.0,66.217
2014,Female,584.0,66.283
2014,Female,586.0,66.3
2014,Female,608.0,66.6
2014,Female,611.0,66.65
2014,Female,615.0,66.733
2014,Female,628.0,67.05
2014,Female,632.0,67.083
2014,Female,640.0,67.2
2014,Female,645.0,67.317
2014,Female,651.0,67.367
2014,Female,654.0,67.4
2014,Female,657.0,67.433
2014,Female,660.0,67.5
2014,Female,670.0,67.6
2014,Female,670.0,67.6
2014,Female,670.0,67.6
2014,Female,678.0,67.65
2014,Female,685.0,67.733
2014,Female,694.0,67.817
2014,Female,702.0,67.917
2014,Female,702.0,67.917
2014,Female,710.0,67.95
2014,Female,711.0,67.967
2014,Female,712.0,68.05
2014,Female,713.0,68.083
2014,Female,718.0,68.15
2014,Female,722.0,68.167
2014,Female,722.0,68.167
2014,Female,731.0,68.25
2014,Female,731.0,68.25
2014,Female,744.0,68.433
2014,Female,745.0,68.45
2014,Female,750.0,68.567
2014,Female,753.0,68.583
2014,Female,768.0,68.667
2014,Female,770.0,68.683
2014,Female,773.0,68.75
2014,Female,773.0,68.75
2014,Female,781.0,68.9
2014,Female,782.0,68.917
2014,Female,782.0,68.917
2014,Female,795.0,69.067
2014,Female,796.0,69.083
2014,Female,797.0,69.117
2014,Female,806.0,69.383
2014,Female,806.0,69.383
2014,Female,809.0,69.417
2014,Female,813.0,69.517
2014,Female,813.0,69.517
2014,Female,821.0,69.633
2014,Female,823.0,69.65
2014,Female,827.0,69.683
2014,Female,827.0,69.683
2014,Female,830.0,69.733
2014,Female,834.0,69.767
2014,Female,838.0,69.833
2014,Female,838.0,69.833
2014,Female,845.0,69.917
2014,Female,848.0,69.967
2014,Female,850.0,69.983
2014,Female,854.0,70.083
2014,Female,854.0,70.083
2014,Female,857.0,70.1
2014,Female,863.0,70.2
2014,Female,866.0,70.217
2014,Female,874.0,70.383
2014,Female,875.0,70.433
2014,Female,876.0,70.45
2014,Female,882.0,70.517
2014,Female,887.0,70.567
2014,Female,887.0,70.567
2014,Female,890.0,70.6
2014,Female,893.0,70.667
2014,Female,904.0,70.867
2014,Female,909.0,70.917
2014,Female,913.0,70.983
2014,Female,915.0,71.05
2014,Female,917.0,71.133
2014,Female,917.0,71.133
2014,Female,942.0,71.55
2014,Female,947.0,71.617
2014,Female,948.0,71.633
2014,Female,954.0,71.75
2014,Female,958.0,71.817
2014,Female,963.0,71.883
2014,Female,967.0,72.033
2014,Female,972.0,72.1
2014,Female,972.0,72.1
2014,Female,980.0,72.267
2014,Female,985.0,72.35
2014,Female,985.0,72.35
2014,Female,985.0,72.35
2014,Female,989.0,72.367
2014,Female,991.0,72.383
2014,Female,991.0,72.383
2014,Female,993.0,72.45
2014,Female,996.0,72.483
2014,Female,1002.0,72.567
2014,Female,1003.0,72.583
2014,Female,1008.0,72.783
2014,Female,1012.0,72.9
2014,Female,1013.0,72.917
2014,Female,1019.0,73.033
2014,Female,1021.0,73.083
2014,Female,1021.0,73.083
2014,Female,1026.0,73.117
2014,Female,1027.0,73.133
2014,Female,1029.0,73.15
2014,Female,1032.0,73.25
2014,Female,1044.0,73.5
2014,Female,1046.0,73.517
2014,Female,1047.0,73.567
2014,Female,1049.0,73.6
2014,Female,1050.0,73.65
2014,Female,1052.0,73.667
2014,Female,1054.0,73.7
2014,Female,1056.0,73.733
2014,Female,1057.0,73.783
2014,Female,1057.0,73.783
2014,Female,1059.0,73.8
2014,Female,1062.0,73.883
2014,Female,1073.0,74.2
2014,Female,1076.0,74.333
2014,Female,1077.0,74.383
2014,Female,1081.0,74.433
2014,Female,1086.0,74.5
2014,Female,1093.0,74.6
2014,Female,1095.0,74.633
2014,Female,1101.0,74.7
2014,Female,1107.0,74.85
2014,Female,1110.0,74.95
2014,Female,1117.0,75.067
2014,Female,1118.0,75.117
2014,Female,1129.0,75.317
2014,Female,1133.0,75.367
2014,Female,1134.0,75.4
2014,Female,1141.0,75.533
2014,Female,1141.0,75.533
2014,Female,1144.0,75.633
2014,Female,1144.0,75.633
2014,Female,1146.0,75.65
2014,Female,1150.0,75.7
2014,Female,1152.0,75.717
2014,Female,1159.0,75.8
2014,Female,1160.0,75.817
2014,Female,1167.0,75.95
2014,Female,1170.0,76.033
2014,Female,1172.0,76.05
2014,Female,1173.0,76.133
2014,Female,1175.0,76.183
2014,Female,1177.0,76.217
2014,Female,1180.0,76.267
2014,Female,1181.0,76.283
2014,Female,1183.0,76.333
2014,Female,1185.0,76.35
2014,Female,1191.0,76.467
2014,Female,1197.0,76.667
2014,Female,1198.0,76.683
2014,Female,1201.0,76.8
2014,Female,1203.0,76.85
2014,Female,1203.0,76.85
2014,Female,1207.0,76.983
2014,Female,1208.0,77.017
2014,Female,1219.0,77.217
2014,Female,1223.0,77.333
2014,Female,1227.0,77.417
2014,Female,1229.0,77.5
2014,Female,1229.0,77.5
2014,Female,1231.0,77.517
2014,Female,1240.0,77.667
2014,Female,1242.0,77.7
2014,Female,1246.0,77.783
2014,Female,1247.0,77.817
2014,Female,1251.0,77.983
2014,Female,1254.0,78.033
2014,Female,1256.0,78.067
2014,Female,1259.0,78.133
2014,Female,1260.0,78.167
2014,Female,1261.0,78.2
2014,Female,1269.0,78.383
2014,Female,1272.0,78.567
2014,Female,1274.0,78.717
2014,Female,1278.0,78.8
2014,Female,1278.0,78.8
2014,Female,1280.0,78.817
2014,Female,1281.0,78.833
2014,Female,1288.0,78.95
2014,Female,1289.0,78.983
2014,Female,1292.0,79.033
2014,Female,1294.0,79.083
2014,Female,1299.0,79.267
2014,Female,1302.0,79.333
2014,Female,1307.0,79.567
2014,Female,1313.0,79.717
2014,Female,1316.0,79.833
2014,Female,1317.0,79.867
2014,Female,1319.0,80.05
2014,Female,1323.0,80.117
2014,Female,1326.0,80.167
2014,Female,1329.0,80.267
2014,Female,1334.0,80.383
2014,Female,1335.0,80.433
2014,Female,1338.0,80.467
2014,Female,1342.0,80.667
2014,Female,1353.0,80.933
2014,Female,1356.0,81.017
2014,Female,1358.0,81.067
2014,Female,1360.0,81.133
2014,Female,1365.0,81.217
2014,Female,1367.0,81.233
2014,Female,1369.0,81.3
2014,Female,1371.0,81.417
2014,Female,1373.0,81.517
2014,Female,1378.0,81.667
2014,Female,1385.0,81.883
2014,Female,1385.0,81.883
2014,Female,1388.0,81.933
2014,Female,1396.0,82.333
2014,Female,1402.0,82.667
2014,Female,1405.0,82.733
2014,Female,1410.0,82.85
2014,Female,1413.0,82.933
2014,Female,1415.0,83.0
2014,Female,1416.0,83.033
2014,Female,1417.0,83.067
2014,Female,1432.0,83.7
2014,Female,1434.0,83.717
2014,Female,1434.0,83.717
2014,Female,1444.0,84.2
2014,Female,1446.0,84.417
2014,Female,1453.0,85.033
2014,Female,1455.0,85.117
2014,Female,1458.0,85.15
2014,Female,1463.0,85.467
2014,Female,1465.0,85.517
2014,Female,1466.0,85.533
2014,Female,1469.0,85.683
2014,Female,1471.0,85.8
2014,Female,1473.0,85.833
2014,Female,1474.0,85.883
2014,Female,1475.0,85.917
2014,Female,1481.0,86.417
2014,Female,1483.0,86.6
2014,Female,1486.0,86.733
2014,Female,1495.0,87.25
2014,Female,1496.0,87.45
2014,Female,1498.0,87.667
2014,Female,1502.0,88.183
2014,Female,1508.0,88.7
2014,Female,1513.0,89.183
2014,Female,1514.0,89.2
2014,Female,1517.0,89.95
2014,Female,1521.0,91.067
2014,Female,1523.0,91.433
2014,Female,1525.0,92.2
2014,Female,1531.0,95.767
2014,Female,1537.0,99.5
2014,Female,1539.0,100.1
2014,Female,1542.0,101.483
2014,Female,1548.0,105.3
2014,Female,1549.0,105.6
2014,Female,1561.0,113.4
2015,Male,1.0,61.35
2015,Male,2.0,63.1
2015,Male,4.0,65.017
2015,Male,5.0,65.45
2015,Male,6.0,65.517
2015,Male,7.0,66.483
2015,Male,9.0,67.7
2015,Male,10.0,67.867
2015,Male,11.0,68.417
2015,Male,12.0,68.5
2015,Male,13.0,68.55
2015,Male,14.0,68.8
2015,Male,14.0,68.8
2015,Male,17.0,68.95
2015,Male,19.0,69.267
2015,Male,20.0,69.283
2015,Male,21.0,69.55
2015,Male,22.0,69.967
2015,Male,23.0,70.233
2015,Male,24.0,70.6
2015,Male,25.0,70.9
2015,Male,26.0,71.033
2015,Male,27.0,71.133
2015,Male,28.0,71.15
2015,Male,29.0,71.25
2015,Male,32.0,71.883
2015,Male,32.0,71.883
2015,Male,32.0,71.883
2015,Male,36.0,72.3
2015,Male,38.0,72.367
2015,Male,40.0,72.567
2015,Male,41.0,72.7
2015,Male,43.0,72.767
2015,Male,43.0,72.767
2015,Male,45.0,72.817
2015,Male,46.0,72.917
2015,Male,49.0,73.033
2015,Male,50.0,73.117
2015,Male,51.0,73.183
2015,Male,51.0,73.183
2015,Male,51.0,73.183
2015,Male,54.0,73.233
2015,Male,54.0,73.233
2015,Male,56.0,73.333
2015,Male,57.0,73.433
2015,Male,58.0,73.533
2015,Male,59.0,73.567
2015,Male,61.0,73.867
2015,Male,62.0,73.983
2015,Male,62.0,73.983
2015,Male,64.0,74.15
2015,Male,65.0,74.2
2015,Male,66.0,74.267
2015,Male,67.0,74.283
2015,Male,67.0,74.283
2015,Male,70.0,74.65
2015,Male,71.0,74.85
2015,Male,72.0,74.867
2015,Male,72.0,74.867
2015,Male,74.0,75.067
2015,Male,74.0,75.067
2015,Male,76.0,75.25
2015,Male,77.0,75.3
2015,Male,78.0,75.35
2015,Male,79.0,75.4
2015,Male,81.0,75.45
2015,Male,82.0,75.767
2015,Male,84.0,75.917
2015,Male,85.0,75.967
2015,Male,86.0,76.167
2015,Male,87.0,76.383
2015,Male,88.0,76.433
2015,Male,89.0,76.55
2015,Male,90.0,76.583
2015,Male,91.0,76.667
2015,Male,92.0,76.7
2015,Male,94.0,76.717
2015,Male,95.0,76.75
2015,Male,96.0,76.85
2015,Male,97.0,76.883
2015,Male,98.0,76.95
2015,Male,98.0,76.95
2015,Male,101.0,77.017
2015,Male,102.0,77.083
2015,Male,103.0,77.117
2015,Male,104.0,77.167
2015,Male,105.0,77.2
2015,Male,106.0,77.267
2015,Male,107.0,77.333
2015,Male,108.0,77.35
2015,Male,108.0,77.35
2015,Male,111.0,77.367
2015,Male,113.0,77.4
2015,Male,114.0,77.5
2015,Male,115.0,77.533
2015,Male,116.0,77.717
2015,Male,117.0,77.9
2015,Male,118.0,78.033
2015,Male,119.0,78.1
2015,Male,120.0,78.15
2015,Male,123.0,78.233
2015,Male,124.0,78.267
2015,Male,125.0,78.483
2015,Male,126.0,78.5
2015,Male,126.0,78.5
2015,Male,126.0,78.5
2015,Male,129.0,78.65
2015,Male,130.0,78.7
2015,Male,131.0,78.717
2015,Male,132.0,78.783
2015,Male,133.0,78.8
2015,Male,134.0,78.867
2015,Male,136.0,78.983
2015,Male,137.0,79.0
2015,Male,141.0,79.267
2015,Male,143.0,79.583
2015,Male,144.0,79.617
2015,Male,145.0,79.633
2015,Male,146.0,79.7
2015,Male,147.0,79.717
2015,Male,148.0,79.767
2015,Male,149.0,79.817
2015,Male,150.0,79.917
2015,Male,151.0,79.933
2015,Male,152.0,80.083
2015,Male,154.0,80.367
2015,Male,155.0,80.383
2015,Male,159.0,80.5
2015,Male,160.0,80.517
2015,Male,161.0,80.583
2015,Male,162.0,80.6
2015,Male,163.0,80.85
2015,Male,164.0,80.967
2015,Male,165.0,81.017
2015,Male,167.0,81.083
2015,Male,168.0,81.1
2015,Male,169.0,81.167
2015,Male,171.0,81.35
2015,Male,173.0,81.417
2015,Male,174.0,81.5
2015,Male,175.0,81.517
2015,Male,176.0,81.533
2015,Male,178.0,81.7
2015,Male,179.0,81.917
2015,Male,180.0,81.983
2015,Male,182.0,82.0
2015,Male,183.0,82.05
2015,Male,186.0,82.15
2015,Male,187.0,82.167
2015,Male,188.0,82.233
2015,Male,189.0,82.3
2015,Male,191.0,82.533
2015,Male,192.0,82.55
2015,Male,193.0,82.683
2015,Male,194.0,82.7
2015,Male,195.0,82.733
2015,Male,196.0,82.75
2015,Male,196.0,82.75
2015,Male,198.0,82.9
2015,Male,201.0,83.0
2015,Male,202.0,83.1
2015,Male,203.0,83.167
2015,Male,205.0,83.217
2015,Male,207.0,83.45
2015,Male,209.0,83.567
2015,Male,210.0,83.617
2015,Male,211.0,83.633
2015,Male,212.0,83.717
2015,Male,215.0,83.833
2015,Male,217.0,83.883
2015,Male,218.0,83.95
2015,Male,219.0,84.017
2015,Male,221.0,84.05
2015,Male,222.0,84.15
2015,Male,223.0,84.167
2015,Male,224.0,84.183
2015,Male,226.0,84.283
2015,Male,226.0,84.283
2015,Male,229.0,84.417
2015,Male,231.0,84.517
2015,Male,233.0,84.6
2015,Male,233.0,84.6
2015,Male,235.0,84.633
2015,Male,236.0,84.65
2015,Male,237.0,84.733
2015,Male,238.0,84.767
2015,Male,238.0,84.767
2015,Male,240.0,84.867
2015,Male,240.0,84.867
2015,Male,242.0,84.9
2015,Male,244.0,84.933
2015,Male,245.0,84.95
2015,Male,246.0,85.05
2015,Male,247.0,85.133
2015,Male,248.0,85.15
2015,Male,250.0,85.167
2015,Male,251.0,85.183
2015,Male,253.0,85.267
2015,Male,254.0,85.3
2015,Male,254.0,85.3
2015,Male,256.0,85.35
2015,Male,257.0,85.383
2015,Male,259.0,85.467
2015,Male,261.0,85.517
2015,Male,261.0,85.517
2015,Male,263.0,85.733
2015,Male,264.0,85.783
2015,Male,266.0,85.817
2015,Male,266.0,85.817
2015,Male,268.0,85.867
2015,Male,269.0,85.9
2015,Male,269.0,85.9
2015,Male,271.0,86.033
2015,Male,272.0,86.05
2015,Male,272.0,86.05
2015,Male,272.0,86.05
2015,Male,275.0,86.083
2015,Male,276.0,86.1
2015,Male,277.0,86.133
2015,Male,278.0,86.15
2015,Male,279.0,86.217
2015,Male,279.0,86.217
2015,Male,282.0,86.283
2015,Male,284.0,86.333
2015,Male,284.0,86.333
2015,Male,286.0,86.4
2015,Male,286.0,86.4
2015,Male,288.0,86.45
2015,Male,288.0,86.45
2015,Male,290.0,86.483
2015,Male,292.0,86.583
2015,Male,293.0,86.633
2015,Male,295.0,86.667
2015,Male,295.0,86.667
2015,Male,300.0,86.733
2015,Male,302.0,86.767
2015,Male,302.0,86.767
2015,Male,304.0,86.833
2015,Male,304.0,86.833
2015,Male,308.0,86.9
2015,Male,309.0,87.0
2015,Male,310.0,87.05
2015,Male,310.0,87.05
2015,Male,312.0,87.1
2015,Male,313.0,87.15
2015,Male,313.0,87.15
2015,Male,315.0,87.167
2015,Male,317.0,87.233
2015,Male,318.0,87.267
2015,Male,318.0,87.267
2015,Male,320.0,87.283
2015,Male,321.0,87.317
2015,Male,321.0,87.317
2015,Male,323.0,87.367
2015,Male,323.0,87.367
2015,Male,325.0,87.417
2015,Male,327.0,87.5
2015,Male,327.0,87.5
2015,Male,329.0,87.533
2015,Male,330.0,87.55
2015,Male,331.0,87.6
2015,Male,331.0,87.6
2015,Male,333.0,87.633
2015,Male,335.0,87.667
2015,Male,335.0,87.667
2015,Male,337.0,87.683
2015,Male,339.0,87.717
2015,Male,340.0,87.733
2015,Male,341.0,87.75
2015,Male,341.0,87.75
2015,Male,343.0,87.767
2015,Male,345.0,87.867
2015,Male,345.0,87.867
2015,Male,347.0,87.933
2015,Male,347.0,87.933
2015,Male,347.0,87.933
2015,Male,347.0,87.933
2015,Male,351.0,87.967
2015,Male,353.0,88.0
2015,Male,354.0,88.017
2015,Male,355.0,88.067
2015,Male,356.0,88.117
2015,Male,357.0,88.133
2015,Male,357.0,88.133
2015,Male,359.0,88.15
2015,Male,360.0,88.2
2015,Male,361.0,88.333
2015,Male,362.0,88.367
2015,Male,363.0,88.383
2015,Male,364.0,88.4
2015,Male,366.0,88.483
2015,Male,367.0,88.5
2015,Male,367.0,88.5
2015,Male,370.0,88.55
2015,Male,370.0,88.55
2015,Male,372.0,88.583
2015,Male,373.0,88.617
2015,Male,374.0,88.633
2015,Male,375.0,88.65
2015,Male,375.0,88.65
2015,Male,375.0,88.65
2015,Male,378.0,88.667
2015,Male,379.0,88.683
2015,Male,379.0,88.683
2015,Male,382.0,88.75
2015,Male,384.0,88.883
2015,Male,384.0,88.883
2015,Male,386.0,88.933
2015,Male,387.0,88.95
2015,Male,389.0,89.0
2015,Male,389.0,89.0
2015,Male,392.0,89.117
2015,Male,393.0,89.2
2015,Male,394.0,89.233
2015,Male,394.0,89.233
2015,Male,397.0,89.267
2015,Male,398.0,89.283
2015,Male,399.0,89.3
2015,Male,401.0,89.317
2015,Male,402.0,89.367
2015,Male,405.0,89.383
2015,Male,405.0,89.383
2015,Male,407.0,89.417
2015,Male,408.0,89.433
2015,Male,408.0,89.433
2015,Male,410.0,89.45
2015,Male,411.0,89.467
2015,Male,412.0,89.483
2015,Male,413.0,89.55
2015,Male,414.0,89.567
2015,Male,416.0,89.6
2015,Male,416.0,89.6
2015,Male,416.0,89.6
2015,Male,419.0,89.617
2015,Male,421.0,89.717
2015,Male,421.0,89.717
2015,Male,421.0,89.717
2015,Male,424.0,89.733
2015,Male,425.0,89.8
2015,Male,426.0,89.833
2015,Male,426.0,89.833
2015,Male,426.0,89.833
2015,Male,426.0,89.833
2015,Male,430.0,89.867
2015,Male,431.0,89.9
2015,Male,431.0,89.9
2015,Male,431.0,89.9
2015,Male,434.0,89.917
2015,Male,437.0,90.0
2015,Male,437.0,90.0
2015,Male,437.0,90.0
2015,Male,437.0,90.0
2015,Male,442.0,90.05
2015,Male,445.0,90.133
2015,Male,446.0,90.167
2015,Male,446.0,90.167
2015,Male,448.0,90.2
2015,Male,448.0,90.2
2015,Male,451.0,90.233
2015,Male,451.0,90.233
2015,Male,453.0,90.283
2015,Male,454.0,90.367
2015,Male,454.0,90.367
2015,Male,456.0,90.417
2015,Male,458.0,90.483
2015,Male,459.0,90.5
2015,Male,460.0,90.517
2015,Male,461.0,90.567
2015,Male,463.0,90.667
2015,Male,465.0,90.683
2015,Male,466.0,90.7
2015,Male,466.0,90.7
2015,Male,469.0,90.733
2015,Male,470.0,90.75
2015,Male,472.0,90.767
2015,Male,474.0,90.783
2015,Male,474.0,90.783
2015,Male,477.0,90.8
2015,Male,478.0,90.9
2015,Male,479.0,91.0
2015,Male,480.0,91.05
2015,Male,481.0,91.117
2015,Male,482.0,91.133
2015,Male,483.0,91.183
2015,Male,485.0,91.217
2015,Male,486.0,91.25
2015,Male,487.0,91.267
2015,Male,489.0,91.35
2015,Male,492.0,91.467
2015,Male,493.0,91.483
2015,Male,493.0,91.483
2015,Male,495.0,91.533
2015,Male,497.0,91.583
2015,Male,497.0,91.583
2015,Male,499.0,91.6
2015,Male,501.0,91.617
2015,Male,502.0,91.633
2015,Male,502.0,91.633
2015,Male,504.0,91.65
2015,Male,505.0,91.683
2015,Male,505.0,91.683
2015,Male,507.0,91.7
2015,Male,508.0,91.717
2015,Male,508.0,91.717
2015,Male,510.0,91.733
2015,Male,510.0,91.733
2015,Male,512.0,91.75
2015,Male,513.0,91.767
2015,Male,514.0,91.783
2015,Male,514.0,91.783
2015,Male,514.0,91.783
2015,Male,517.0,91.817
2015,Male,517.0,91.817
2015,Male,519.0,91.85
2015,Male,521.0,91.867
2015,Male,522.0,91.883
2015,Male,523.0,91.9
2015,Male,524.0,91.933
2015,Male,525.0,91.95
2015,Male,529.0,92.033
2015,Male,530.0,92.05
2015,Male,532.0,92.083
2015,Male,532.0,92.083
2015,Male,534.0,92.1
2015,Male,534.0,92.1
2015,Male,536.0,92.117
2015,Male,537.0,92.167
2015,Male,538.0,92.217
2015,Male,539.0,92.233
2015,Male,540.0,92.25
2015,Male,542.0,92.3
2015,Male,545.0,92.35
2015,Male,547.0,92.383
2015,Male,548.0,92.4
2015,Male,550.0,92.433
2015,Male,551.0,92.45
2015,Male,551.0,92.45
2015,Male,551.0,92.45
2015,Male,554.0,92.467
2015,Male,555.0,92.483
2015,Male,557.0,92.5
2015,Male,558.0,92.55
2015,Male,559.0,92.567
2015,Male,559.0,92.567
2015,Male,561.0,92.6
2015,Male,562.0,92.633
2015,Male,563.0,92.65
2015,Male,564.0,92.7
2015,Male,565.0,92.717
2015,Male,565.0,92.717
2015,Male,567.0,92.733
2015,Male,567.0,92.733
2015,Male,569.0,92.75
2015,Male,569.0,92.75
2015,Male,571.0,92.767
2015,Male,572.0,92.8
2015,Male,573.0,92.817
2015,Male,574.0,92.833
2015,Male,576.0,92.883
2015,Male,577.0,92.95
2015,Male,578.0,92.983
2015,Male,579.0,93.067
2015,Male,580.0,93.083
2015,Male,580.0,93.083
2015,Male,583.0,93.117
2015,Male,584.0,93.133
2015,Male,586.0,93.15
2015,Male,587.0,93.167
2015,Male,587.0,93.167
2015,Male,587.0,93.167
2015,Male,590.0,93.183
2015,Male,591.0,93.2
2015,Male,593.0,93.233
2015,Male,595.0,93.25
2015,Male,595.0,93.25
2015,Male,597.0,93.267
2015,Male,597.0,93.267
2015,Male,599.0,93.3
2015,Male,599.0,93.3
2015,Male,599.0,93.3
2015,Male,599.0,93.3
2015,Male,603.0,93.333
2015,Male,603.0,93.333
2015,Male,603.0,93.333
2015,Male,606.0,93.367
2015,Male,607.0,93.433
2015,Male,607.0,93.433
2015,Male,607.0,93.433
2015,Male,610.0,93.45
2015,Male,611.0,93.467
2015,Male,613.0,93.5
2015,Male,614.0,93.517
2015,Male,616.0,93.533
2015,Male,617.0,93.55
2015,Male,619.0,93.6
2015,Male,620.0,93.617
2015,Male,622.0,93.667
2015,Male,622.0,93.667
2015,Male,622.0,93.667
2015,Male,625.0,93.683
2015,Male,627.0,93.783
2015,Male,628.0,93.8
2015,Male,628.0,93.8
2015,Male,628.0,93.8
2015,Male,631.0,93.817
2015,Male,633.0,93.85
2015,Male,634.0,93.883
2015,Male,635.0,93.917
2015,Male,637.0,94.0
2015,Male,638.0,94.033
2015,Male,639.0,94.05
2015,Male,639.0,94.05
2015,Male,642.0,94.067
2015,Male,643.0,94.1
2015,Male,645.0,94.15
2015,Male,646.0,94.167
2015,Male,647.0,94.2
2015,Male,648.0,94.25
2015,Male,648.0,94.25
2015,Male,648.0,94.25
2015,Male,651.0,94.267
2015,Male,651.0,94.267
2015,Male,651.0,94.267
2015,Male,655.0,94.317
2015,Male,657.0,94.333
2015,Male,659.0,94.35
2015,Male,659.0,94.35
2015,Male,659.0,94.35
2015,Male,662.0,94.367
2015,Male,662.0,94.367
2015,Male,664.0,94.383
2015,Male,666.0,94.45
2015,Male,667.0,94.483
2015,Male,668.0,94.5
2015,Male,669.0,94.533
2015,Male,669.0,94.533
2015,Male,672.0,94.55
2015,Male,673.0,94.567
2015,Male,673.0,94.567
2015,Male,676.0,94.617
2015,Male,677.0,94.667
2015,Male,678.0,94.7
2015,Male,678.0,94.7
2015,Male,680.0,94.733
2015,Male,681.0,94.767
2015,Male,682.0,94.783
2015,Male,683.0,94.817
2015,Male,684.0,94.833
2015,Male,684.0,94.833
2015,Male,686.0,94.85
2015,Male,686.0,94.85
2015,Male,691.0,94.867
2015,Male,692.0,94.9
2015,Male,693.0,94.933
2015,Male,695.0,94.95
2015,Male,696.0,94.967
2015,Male,696.0,94.967
2015,Male,696.0,94.967
2015,Male,696.0,94.967
2015,Male,700.0,95.033
2015,Male,701.0,95.05
2015,Male,701.0,95.05
2015,Male,704.0,95.067
2015,Male,704.0,95.067
2015,Male,707.0,95.083
2015,Male,707.0,95.083
2015,Male,711.0,95.183
2015,Male,711.0,95.183
2015,Male,713.0,95.2
2015,Male,714.0,95.217
2015,Male,716.0,95.233
2015,Male,717.0,95.3
2015,Male,719.0,95.333
2015,Male,721.0,95.35
2015,Male,722.0,95.367
2015,Male,722.0,95.367
2015,Male,724.0,95.417
2015,Male,726.0,95.433
2015,Male,727.0,95.483
2015,Male,728.0,95.5
2015,Male,729.0,95.517
2015,Male,729.0,95.517
2015,Male,731.0,95.55
2015,Male,732.0,95.567
2015,Male,733.0,95.583
2015,Male,733.0,95.583
2015,Male,735.0,95.6
2015,Male,737.0,95.617
2015,Male,739.0,95.683
2015,Male,740.0,95.733
2015,Male,740.0,95.733
2015,Male,742.0,95.75
2015,Male,745.0,95.767
2015,Male,746.0,95.817
2015,Male,747.0,95.833
2015,Male,747.0,95.833
2015,Male,747.0,95.833
2015,Male,750.0,95.867
2015,Male,751.0,95.917
2015,Male,753.0,95.983
2015,Male,753.0,95.983
2015,Male,758.0,96.117
2015,Male,759.0,96.15
2015,Male,760.0,96.167
2015,Male,760.0,96.167
2015,Male,763.0,96.2
2015,Male,764.0,96.217
2015,Male,765.0,96.233
2015,Male,766.0,96.3
2015,Male,767.0,96.317
2015,Male,768.0,96.35
2015,Male,768.0,96.35
2015,Male,771.0,96.4
2015,Male,772.0,96.417
2015,Male,772.0,96.417
2015,Male,774.0,96.433
2015,Male,776.0,96.467
2015,Male,777.0,96.517
2015,Male,777.0,96.517
2015,Male,777.0,96.517
2015,Male,780.0,96.55
2015,Male,780.0,96.55
2015,Male,780.0,96.55
2015,Male,783.0,96.583
2015,Male,784.0,96.633
2015,Male,784.0,96.633
2015,Male,784.0,96.633
2015,Male,787.0,96.65
2015,Male,789.0,96.7
2015,Male,790.0,96.717
2015,Male,793.0,96.75
2015,Male,793.0,96.75
2015,Male,795.0,96.783
2015,Male,795.0,96.783
2015,Male,797.0,96.817
2015,Male,797.0,96.817
2015,Male,799.0,96.833
2015,Male,800.0,96.85
2015,Male,804.0,96.883
2015,Male,806.0,96.933
2015,Male,807.0,96.95
2015,Male,807.0,96.95
2015,Male,809.0,96.967
2015,Male,810.0,96.983
2015,Male,810.0,96.983
2015,Male,813.0,97.0
2015,Male,815.0,97.017
2015,Male,815.0,97.017
2015,Male,817.0,97.05
2015,Male,819.0,97.083
2015,Male,820.0,97.1
2015,Male,820.0,97.1
2015,Male,822.0,97.133
2015,Male,822.0,97.133
2015,Male,822.0,97.133
2015,Male,825.0,97.15
2015,Male,825.0,97.15
2015,Male,827.0,97.167
2015,Male,829.0,97.183
2015,Male,829.0,97.183
2015,Male,831.0,97.217
2015,Male,831.0,97.217
2015,Male,836.0,97.3
2015,Male,837.0,97.317
2015,Male,839.0,97.333
2015,Male,840.0,97.35
2015,Male,840.0,97.35
2015,Male,840.0,97.35
2015,Male,840.0,97.35
2015,Male,846.0,97.367
2015,Male,847.0,97.383
2015,Male,848.0,97.417
2015,Male,849.0,97.45
2015,Male,850.0,97.467
2015,Male,850.0,97.467
2015,Male,850.0,97.467
2015,Male,853.0,97.55
2015,Male,853.0,97.55
2015,Male,853.0,97.55
2015,Male,853.0,97.55
2015,Male,857.0,97.567
2015,Male,858.0,97.583
2015,Male,858.0,97.583
2015,Male,860.0,97.617
2015,Male,862.0,97.633
2015,Male,863.0,97.65
2015,Male,863.0,97.65
2015,Male,865.0,97.667
2015,Male,865.0,97.667
2015,Male,868.0,97.683
2015,Male,870.0,97.75
2015,Male,870.0,97.75
2015,Male,872.0,97.767
2015,Male,873.0,97.783
2015,Male,874.0,97.8
2015,Male,875.0,97.817
2015,Male,877.0,97.883
2015,Male,879.0,97.917
2015,Male,880.0,97.933
2015,Male,881.0,97.95
2015,Male,882.0,98.0
2015,Male,883.0,98.017
2015,Male,884.0,98.033
2015,Male,886.0,98.05
2015,Male,887.0,98.067
2015,Male,888.0,98.1
2015,Male,889.0,98.117
2015,Male,890.0,98.133
2015,Male,892.0,98.167
2015,Male,893.0,98.183
2015,Male,894.0,98.2
2015,Male,894.0,98.2
2015,Male,894.0,98.2
2015,Male,898.0,98.217
2015,Male,899.0,98.233
2015,Male,902.0,98.267
2015,Male,902.0,98.267
2015,Male,904.0,98.333
2015,Male,904.0,98.333
2015,Male,904.0,98.333
2015,Male,907.0,98.367
2015,Male,908.0,98.383
2015,Male,908.0,98.383
2015,Male,910.0,98.4
2015,Male,910.0,98.4
2015,Male,913.0,98.55
2015,Male,914.0,98.583
2015,Male,914.0,98.583
2015,Male,916.0,98.6
2015,Male,916.0,98.6
2015,Male,918.0,98.617
2015,Male,919.0,98.633
2015,Male,920.0,98.667
2015,Male,920.0,98.667
2015,Male,920.0,98.667
2015,Male,923.0,98.683
2015,Male,924.0,98.733
2015,Male,925.0,98.783
2015,Male,925.0,98.783
2015,Male,927.0,98.8
2015,Male,928.0,98.817
2015,Male,929.0,98.833
2015,Male,929.0,98.833
2015,Male,932.0,98.95
2015,Male,933.0,98.967
2015,Male,936.0,99.017
2015,Male,936.0,99.017
2015,Male,938.0,99.05
2015,Male,939.0,99.083
2015,Male,939.0,99.083
2015,Male,939.0,99.083
2015,Male,942.0,99.1
2015,Male,942.0,99.1
2015,Male,944.0,99.117
2015,Male,946.0,99.15
2015,Male,946.0,99.15
2015,Male,948.0,99.167
2015,Male,948.0,99.167
2015,Male,950.0,99.183
2015,Male,951.0,99.2
2015,Male,951.0,99.2
2015,Male,951.0,99.2
2015,Male,954.0,99.233
2015,Male,955.0,99.267
2015,Male,957.0,99.333
2015,Male,959.0,99.367
2015,Male,960.0,99.383
2015,Male,961.0,99.433
2015,Male,962.0,99.45
2015,Male,963.0,99.467
2015,Male,963.0,99.467
2015,Male,963.0,99.467
2015,Male,966.0,99.517
2015,Male,967.0,99.533
2015,Male,971.0,99.617
2015,Male,971.0,99.617
2015,Male,971.0,99.617
2015,Male,976.0,99.667
2015,Male,976.0,99.667
2015,Male,978.0,99.7
2015,Male,978.0,99.7
2015,Male,978.0,99.7
2015,Male,981.0,99.717
2015,Male,982.0,99.733
2015,Male,982.0,99.733
2015,Male,985.0,99.75
2015,Male,986.0,99.767
2015,Male,987.0,99.783
2015,Male,987.0,99.783
2015,Male,990.0,99.817
2015,Male,992.0,99.833
2015,Male,992.0,99.833
2015,Male,994.0,99.9
2015,Male,995.0,99.917
2015,Male,996.0,99.933
2015,Male,997.0,99.95
2015,Male,998.0,99.967
2015,Male,1001.0,99.983
2015,Male,1001.0,99.983
2015,Male,1003.0,100.0
2015,Male,1003.0,100.0
2015,Male,1003.0,100.0
2015,Male,1006.0,100.05
2015,Male,1006.0,100.05
2015,Male,1006.0,100.05
2015,Male,1006.0,100.05
2015,Male,1010.0,100.083
2015,Male,1011.0,100.15
2015,Male,1013.0,100.167
2015,Male,1013.0,100.167
2015,Male,1015.0,100.183
2015,Male,1015.0,100.183
2015,Male,1015.0,100.183
2015,Male,1019.0,100.217
2015,Male,1021.0,100.233
2015,Male,1022.0,100.25
2015,Male,1024.0,100.333
2015,Male,1025.0,100.367
2015,Male,1025.0,100.367
2015,Male,1029.0,100.383
2015,Male,1029.0,100.383
2015,Male,1031.0,100.467
2015,Male,1033.0,100.5
2015,Male,1034.0,100.517
2015,Male,1035.0,100.533
2015,Male,1038.0,100.667
2015,Male,1038.0,100.667
2015,Male,1041.0,100.717
2015,Male,1042.0,100.733
2015,Male,1043.0,100.75
2015,Male,1045.0,100.767
2015,Male,1045.0,100.767
2015,Male,1047.0,100.783
2015,Male,1049.0,100.817
2015,Male,1050.0,100.833
2015,Male,1050.0,100.833
2015,Male,1054.0,100.883
2015,Male,1054.0,100.883
2015,Male,1056.0,100.9
2015,Male,1056.0,100.9
2015,Male,1058.0,100.967
2015,Male,1058.0,100.967
2015,Male,1060.0,101.0
2015,Male,1061.0,101.05
2015,Male,1062.0,101.067
2015,Male,1063.0,101.083
2015,Male,1063.0,101.083
2015,Male,1067.0,101.133
2015,Male,1068.0,101.167
2015,Male,1070.0,101.183
2015,Male,1071.0,101.2
2015,Male,1072.0,101.217
2015,Male,1072.0,101.217
2015,Male,1072.0,101.217
2015,Male,1075.0,101.25
2015,Male,1076.0,101.283
2015,Male,1076.0,101.283
2015,Male,1076.0,101.283
2015,Male,1080.0,101.317
2015,Male,1080.0,101.317
2015,Male,1082.0,101.333
2015,Male,1083.0,101.35
2015,Male,1084.0,101.4
2015,Male,1084.0,101.4
2015,Male,1084.0,101.4
2015,Male,1087.0,101.433
2015,Male,1089.0,101.483
2015,Male,1089.0,101.483
2015,Male,1091.0,101.517
2015,Male,1092.0,101.533
2015,Male,1092.0,101.533
2015,Male,1094.0,101.55
2015,Male,1094.0,101.55
2015,Male,1096.0,101.567
2015,Male,1097.0,101.617
2015,Male,1097.0,101.617
2015,Male,1099.0,101.633
2015,Male,1100.0,101.683
2015,Male,1101.0,101.7
2015,Male,1101.0,101.7
2015,Male,1103.0,101.733
2015,Male,1103.0,101.733
2015,Male,1105.0,101.767
2015,Male,1106.0,101.783
2015,Male,1107.0,101.867
2015,Male,1108.0,101.9
2015,Male,1113.0,101.933
2015,Male,1115.0,101.95
2015,Male,1116.0,102.0
2015,Male,1118.0,102.033
2015,Male,1119.0,102.05
2015,Male,1122.0,102.083
2015,Male,1124.0,102.1
2015,Male,1124.0,102.1
2015,Male,1126.0,102.117
2015,Male,1127.0,102.183
2015,Male,1128.0,102.217
2015,Male,1129.0,102.233
2015,Male,1130.0,102.25
2015,Male,1131.0,102.267
2015,Male,1132.0,102.3
2015,Male,1132.0,102.3
2015,Male,1135.0,102.317
2015,Male,1135.0,102.317
2015,Male,1137.0,102.333
2015,Male,1138.0,102.367
2015,Male,1139.0,102.4
2015,Male,1140.0,102.417
2015,Male,1141.0,102.45
2015,Male,1142.0,102.467
2015,Male,1146.0,102.533
2015,Male,1146.0,102.533
2015,Male,1146.0,102.533
2015,Male,1151.0,102.633
2015,Male,1151.0,102.633
2015,Male,1153.0,102.65
2015,Male,1155.0,102.683
2015,Male,1155.0,102.683
2015,Male,1157.0,102.7
2015,Male,1158.0,102.717
2015,Male,1159.0,102.733
2015,Male,1160.0,102.75
2015,Male,1163.0,102.8
2015,Male,1164.0,102.817
2015,Male,1166.0,102.833
2015,Male,1172.0,102.95
2015,Male,1172.0,102.95
2015,Male,1174.0,102.983
2015,Male,1175.0,103.017
2015,Male,1176.0,103.033
2015,Male,1177.0,103.05
2015,Male,1178.0,103.067
2015,Male,1180.0,103.083
2015,Male,1182.0,103.133
2015,Male,1182.0,103.133
2015,Male,1184.0,103.183
2015,Male,1185.0,103.217
2015,Male,1186.0,103.233
2015,Male,1187.0,103.25
2015,Male,1188.0,103.283
2015,Male,1189.0,103.3
2015,Male,1189.0,103.3
2015,Male,1191.0,103.333
2015,Male,1192.0,103.367
2015,Male,1193.0,103.4
2015,Male,1194.0,103.417
2015,Male,1195.0,103.433
2015,Male,1196.0,103.467
2015,Male,1197.0,103.483
2015,Male,1198.0,103.567
2015,Male,1198.0,103.567
2015,Male,1201.0,103.633
2015,Male,1202.0,103.683
2015,Male,1202.0,103.683
2015,Male,1205.0,103.7
2015,Male,1208.0,103.8
2015,Male,1209.0,103.867
2015,Male,1210.0,103.917
2015,Male,1211.0,103.933
2015,Male,1212.0,103.967
2015,Male,1214.0,104.033
2015,Male,1216.0,104.05
2015,Male,1217.0,104.067
2015,Male,1218.0,104.1
2015,Male,1219.0,104.117
2015,Male,1221.0,104.167
2015,Male,1221.0,104.167
2015,Male,1221.0,104.167
2015,Male,1221.0,104.167
2015,Male,1225.0,104.183
2015,Male,1226.0,104.283
2015,Male,1226.0,104.283
2015,Male,1226.0,104.283
2015,Male,1231.0,104.317
2015,Male,1232.0,104.333
2015,Male,1233.0,104.433
2015,Male,1233.0,104.433
2015,Male,1236.0,104.6
2015,Male,1237.0,104.633
2015,Male,1238.0,104.65
2015,Male,1238.0,104.65
2015,Male,1240.0,104.667
2015,Male,1241.0,104.733
2015,Male,1241.0,104.733
2015,Male,1243.0,104.75
2015,Male,1244.0,104.8
2015,Male,1244.0,104.8
2015,Male,1246.0,104.85
2015,Male,1247.0,104.933
2015,Male,1247.0,104.933
2015,Male,1249.0,104.95
2015,Male,1251.0,105.067
2015,Male,1251.0,105.067
2015,Male,1253.0,105.1
2015,Male,1253.0,105.1
2015,Male,1256.0,105.133
2015,Male,1257.0,105.15
2015,Male,1258.0,105.183
2015,Male,1259.0,105.2
2015,Male,1259.0,105.2
2015,Male,1261.0,105.217
2015,Male,1263.0,105.4
2015,Male,1264.0,105.417
2015,Male,1266.0,105.433
2015,Male,1267.0,105.45
2015,Male,1269.0,105.483
2015,Male,1269.0,105.483
2015,Male,1272.0,105.5
2015,Male,1273.0,105.533
2015,Male,1276.0,105.617
2015,Male,1277.0,105.683
2015,Male,1278.0,105.7
2015,Male,1279.0,105.767
2015,Male,1280.0,105.817
2015,Male,1280.0,105.817
2015,Male,1280.0,105.817
2015,Male,1285.0,105.9
2015,Male,1288.0,105.983
2015,Male,1290.0,106.1
2015,Male,1291.0,106.117
2015,Male,1292.0,106.133
2015,Male,1293.0,106.15
2015,Male,1294.0,106.183
2015,Male,1294.0,106.183
2015,Male,1296.0,106.217
2015,Male,1297.0,106.233
2015,Male,1297.0,106.233
2015,Male,1297.0,106.233
2015,Male,1301.0,106.283
2015,Male,1301.0,106.283
2015,Male,1303.0,106.417
2015,Male,1303.0,106.417
2015,Male,1307.0,106.55
2015,Male,1308.0,106.633
2015,Male,1310.0,106.8
2015,Male,1312.0,106.883
2015,Male,1314.0,106.933
2015,Male,1315.0,106.95
2015,Male,1315.0,106.95
2015,Male,1317.0,106.967
2015,Male,1317.0,106.967
2015,Male,1319.0,107.0
2015,Male,1323.0,107.067
2015,Male,1324.0,107.083
2015,Male,1325.0,107.1
2015,Male,1325.0,107.1
2015,Male,1327.0,107.117
2015,Male,1329.0,107.167
2015,Male,1330.0,107.2
2015,Male,1332.0,107.283
2015,Male,1333.0,107.35
2015,Male,1334.0,107.417
2015,Male,1336.0,107.45
2015,Male,1337.0,107.467
2015,Male,1339.0,107.533
2015,Male,1341.0,107.55
2015,Male,1341.0,107.55
2015,Male,1343.0,107.583
2015,Male,1344.0,107.6
2015,Male,1344.0,107.6
2015,Male,1347.0,107.683
2015,Male,1351.0,107.8
2015,Male,1351.0,107.8
2015,Male,1353.0,107.833
2015,Male,1354.0,107.85
2015,Male,1354.0,107.85
2015,Male,1356.0,107.867
2015,Male,1357.0,107.9
2015,Male,1358.0,107.95
2015,Male,1360.0,108.0
2015,Male,1361.0,108.017
2015,Male,1362.0,108.033
2015,Male,1363.0,108.117
2015,Male,1364.0,108.15
2015,Male,1365.0,108.167
2015,Male,1365.0,108.167
2015,Male,1365.0,108.167
2015,Male,1368.0,108.217
2015,Male,1368.0,108.217
2015,Male,1370.0,108.233
2015,Male,1372.0,108.25
2015,Male,1375.0,108.333
2015,Male,1376.0,108.367
2015,Male,1379.0,108.417
2015,Male,1381.0,108.483
2015,Male,1382.0,108.517
2015,Male,1384.0,108.683
2015,Male,1385.0,108.717
2015,Male,1385.0,108.717
2015,Male,1385.0,108.717
2015,Male,1388.0,108.75
2015,Male,1389.0,108.8
2015,Male,1391.0,108.85
2015,Male,1392.0,108.867
2015,Male,1396.0,108.933
2015,Male,1397.0,108.967
2015,Male,1399.0,109.0
2015,Male,1400.0,109.083
2015,Male,1401.0,109.167
2015,Male,1403.0,109.217
2015,Male,1404.0,109.25
2015,Male,1406.0,109.35
2015,Male,1407.0,109.367
2015,Male,1409.0,109.45
2015,Male,1410.0,109.467
2015,Male,1411.0,109.5
2015,Male,1413.0,109.517
2015,Male,1414.0,109.55
2015,Male,1416.0,109.567
2015,Male,1417.0,109.583
2015,Male,1418.0,109.6
2015,Male,1420.0,109.65
2015,Male,1422.0,109.7
2015,Male,1423.0,109.717
2015,Male,1423.0,109.717
2015,Male,1426.0,109.75
2015,Male,1427.0,109.8
2015,Male,1428.0,109.817
2015,Male,1429.0,109.833
2015,Male,1430.0,109.9
2015,Male,1431.0,109.933
2015,Male,1434.0,110.017
2015,Male,1435.0,110.05
2015,Male,1436.0,110.067
2015,Male,1437.0,110.083
2015,Male,1438.0,110.1
2015,Male,1439.0,110.167
2015,Male,1440.0,110.183
2015,Male,1442.0,110.233
2015,Male,1444.0,110.25
2015,Male,1445.0,110.283
2015,Male,1446.0,110.317
2015,Male,1446.0,110.317
2015,Male,1446.0,110.317
2015,Male,1449.0,110.35
2015,Male,1456.0,110.467
2015,Male,1459.0,110.583
2015,Male,1463.0,110.667
2015,Male,1463.0,110.667
2015,Male,1466.0,110.7
2015,Male,1467.0,110.733
2015,Male,1470.0,110.8
2015,Male,1471.0,110.817
2015,Male,1472.0,110.833
2015,Male,1474.0,110.9
2015,Male,1476.0,110.983
2015,Male,1477.0,111.0
2015,Male,1482.0,111.167
2015,Male,1483.0,111.2
2015,Male,1484.0,111.25
2015,Male,1485.0,111.267
2015,Male,1486.0,111.333
2015,Male,1490.0,111.433
2015,Male,1492.0,111.467
2015,Male,1493.0,111.683
2015,Male,1493.0,111.683
2015,Male,1493.0,111.683
2015,Male,1496.0,111.733
2015,Male,1498.0,111.767
2015,Male,1499.0,111.783
2015,Male,1500.0,111.883
2015,Male,1501.0,111.933
2015,Male,1501.0,111.933
2015,Male,1503.0,111.95
2015,Male,1505.0,112.017
2015,Male,1506.0,112.05
2015,Male,1507.0,112.067
2015,Male,1508.0,112.083
2015,Male,1508.0,112.083
2015,Male,1510.0,112.183
2015,Male,1511.0,112.217
2015,Male,1512.0,112.467
2015,Male,1513.0,112.517
2015,Male,1514.0,112.55
2015,Male,1517.0,112.633
2015,Male,1518.0,112.65
2015,Male,1522.0,112.733
2015,Male,1523.0,112.75
2015,Male,1524.0,112.767
2015,Male,1526.0,112.8
2015,Male,1527.0,112.817
2015,Male,1529.0,112.85
2015,Male,1531.0,112.883
2015,Male,1532.0,112.9
2015,Male,1533.0,112.95
2015,Male,1533.0,112.95
2015,Male,1537.0,113.25
2015,Male,1539.0,113.4
2015,Male,1542.0,113.683
2015,Male,1542.0,113.683
2015,Male,1542.0,113.683
2015,Male,1542.0,113.683
2015,Male,1546.0,113.717
2015,Male,1547.0,113.783
2015,Male,1547.0,113.783
2015,Male,1549.0,113.85
2015,Male,1551.0,113.917
2015,Male,1552.0,113.967
2015,Male,1553.0,114.0
2015,Male,1554.0,114.017
2015,Male,1555.0,114.067
2015,Male,1557.0,114.133
2015,Male,1558.0,114.167
2015,Male,1559.0,114.25
2015,Male,1560.0,114.3
2015,Male,1563.0,114.433
2015,Male,1564.0,114.55
2015,Male,1565.0,114.717
2015,Male,1565.0,114.717
2015,Male,1567.0,114.75
2015,Male,1568.0,114.783
2015,Male,1571.0,114.867
2015,Male,1572.0,114.883
2015,Male,1573.0,114.9
2015,Male,1574.0,115.0
2015,Male,1574.0,115.0
2015,Male,1577.0,115.033
2015,Male,1578.0,115.067
2015,Male,1580.0,115.167
2015,Male,1581.0,115.183
2015,Male,1582.0,115.217
2015,Male,1583.0,115.317
2015,Male,1584.0,115.333
2015,Male,1585.0,115.35
2015,Male,1587.0,115.4
2015,Male,1588.0,115.533
2015,Male,1590.0,115.6
2015,Male,1592.0,115.633
2015,Male,1595.0,115.683
2015,Male,1596.0,115.717
2015,Male,1598.0,115.733
2015,Male,1598.0,115.733
2015,Male,1600.0,115.75
2015,Male,1602.0,115.85
2015,Male,1604.0,115.867
2015,Male,1605.0,115.9
2015,Male,1607.0,116.083
2015,Male,1609.0,116.183
2015,Male,1610.0,116.217
2015,Male,1611.0,116.25
2015,Male,1612.0,116.267
2015,Male,1613.0,116.283
2015,Male,1614.0,116.3
2015,Male,1615.0,116.367
2015,Male,1616.0,116.383
2015,Male,1617.0,116.417
2015,Male,1619.0,116.467
2015,Male,1619.0,116.467
2015,Male,1621.0,116.483
2015,Male,1624.0,116.55
2015,Male,1625.0,116.567
2015,Male,1626.0,116.583
2015,Male,1627.0,116.633
2015,Male,1628.0,116.717
2015,Male,1629.0,116.833
2015,Male,1630.0,116.867
2015,Male,1631.0,116.917
2015,Male,1632.0,116.967
2015,Male,1633.0,117.05
2015,Male,1634.0,117.067
2015,Male,1635.0,117.1
2015,Male,1636.0,117.183
2015,Male,1638.0,117.417
2015,Male,1641.0,117.583
2015,Male,1642.0,117.633
2015,Male,1642.0,117.633
2015,Male,1644.0,117.667
2015,Male,1644.0,117.667
2015,Male,1648.0,117.967
2015,Male,1649.0,118.017
2015,Male,1650.0,118.05
2015,Male,1651.0,118.133
2015,Male,1652.0,118.383
2015,Male,1653.0,118.483
2015,Male,1654.0,118.567
2015,Male,1655.0,118.683
2015,Male,1656.0,118.7
2015,Male,1658.0,118.733
2015,Male,1659.0,118.783
2015,Male,1660.0,118.867
2015,Male,1662.0,118.917
2015,Male,1664.0,118.933
2015,Male,1666.0,119.033
2015,Male,1668.0,119.05
2015,Male,1668.0,119.05
2015,Male,1670.0,119.083
2015,Male,1672.0,119.117
2015,Male,1675.0,119.35
2015,Male,1676.0,119.45
2015,Male,1681.0,120.383
2015,Male,1683.0,120.45
2015,Male,1684.0,120.6
2015,Male,1684.0,120.6
2015,Male,1686.0,120.8
2015,Male,1687.0,120.867
2015,Male,1688.0,120.883
2015,Male,1689.0,120.9
2015,Male,1693.0,120.983
2015,Male,1694.0,121.0
2015,Male,1697.0,121.217
2015,Male,1698.0,121.317
2015,Male,1699.0,121.4
2015,Male,1701.0,121.55
2015,Male,1704.0,121.667
2015,Male,1706.0,121.783
2015,Male,1709.0,121.867
2015,Male,1712.0,122.033
2015,Male,1712.0,122.033
2015,Male,1716.0,122.2
2015,Male,1718.0,122.267
2015,Male,1720.0,122.367
2015,Male,1721.0,122.417
2015,Male,1723.0,122.45
2015,Male,1725.0,122.567
2015,Male,1726.0,122.583
2015,Male,1727.0,122.6
2015,Male,1728.0,122.667
2015,Male,1729.0,122.683
2015,Male,1730.0,122.733
2015,Male,1730.0,122.733
2015,Male,1732.0,123.033
2015,Male,1733.0,123.083
2015,Male,1734.0,123.1
2015,Male,1735.0,123.25
2015,Male,1736.0,123.417
2015,Male,1738.0,123.5
2015,Male,1741.0,123.617
2015,Male,1745.0,123.883
2015,Male,1746.0,123.9
2015,Male,1747.0,124.067
2015,Male,1748.0,124.183
2015,Male,1749.0,124.25
2015,Male,1750.0,124.583
2015,Male,1751.0,124.633
2015,Male,1752.0,124.65
2015,Male,1753.0,124.667
2015,Male,1756.0,125.033
2015,Male,1758.0,125.233
2015,Male,1759.0,125.267
2015,Male,1761.0,125.767
2015,Male,1762.0,125.8
2015,Male,1763.0,126.283
2015,Male,1764.0,126.333
2015,Male,1766.0,126.517
2015,Male,1767.0,126.817
2015,Male,1768.0,127.033
2015,Male,1770.0,127.2
2015,Male,1771.0,127.217
2015,Male,1773.0,127.367
2015,Male,1775.0,128.0
2015,Male,1777.0,128.867
2015,Male,1778.0,128.917
2015,Male,1779.0,128.95
2015,Male,1780.0,129.1
2015,Male,1781.0,129.15
2015,Male,1782.0,129.317
2015,Male,1784.0,129.667
2015,Male,1786.0,130.067
2015,Male,1787.0,130.1
2015,Male,1789.0,130.333
2015,Male,1793.0,131.433
2015,Male,1795.0,131.85
2015,Male,1799.0,133.25
2015,Male,1801.0,133.517
2015,Male,1802.0,133.667
2015,Male,1804.0,134.467
2015,Male,1805.0,134.5
2015,Male,1809.0,134.783
2015,Male,1811.0,134.983
2015,Male,1812.0,135.583
2015,Male,1813.0,135.783
2015,Male,1815.0,135.833
2015,Male,1817.0,136.45
2015,Male,1819.0,137.7
2015,Male,1820.0,138.65
2015,Male,1821.0,138.95
2015,Male,1822.0,139.0
2015,Male,1823.0,139.167
2015,Male,1825.0,139.35
2015,Male,1827.0,142.283
2015,Male,1828.0,144.167
2015,Male,1829.0,144.483
2015,Male,1830.0,146.583
2015,Male,1832.0,150.883
2015,Female,3.0,64.883
2015,Female,8.0,66.8
2015,Female,16.0,68.867
2015,Female,18.0,69.033
2015,Female,30.0,71.35
2015,Female,31.0,71.733
2015,Female,35.0,72.0
2015,Female,36.0,72.3
2015,Female,39.0,72.4
2015,Female,42.0,72.75
2015,Female,46.0,72.917
2015,Female,48.0,72.933
2015,Female,60.0,73.833
2015,Female,69.0,74.317
2015,Female,80.0,75.417
2015,Female,83.0,75.817
2015,Female,92.0,76.7
2015,Female,100.0,76.967
2015,Female,108.0,77.35
2015,Female,112.0,77.383
2015,Female,121.0,78.167
2015,Female,122.0,78.2
2015,Female,134.0,78.867
2015,Female,138.0,79.033
2015,Female,139.0,79.183
2015,Female,140.0,79.217
2015,Female,142.0,79.333
2015,Female,153.0,80.183
2015,Female,156.0,80.4
2015,Female,157.0,80.417
2015,Female,158.0,80.45
2015,Female,166.0,81.033
2015,Female,170.0,81.283
2015,Female,171.0,81.35
2015,Female,177.0,81.617
2015,Female,180.0,81.983
2015,Female,183.0,82.05
2015,Female,185.0,82.133
2015,Female,190.0,82.333
2015,Female,198.0,82.9
2015,Female,200.0,82.917
2015,Female,204.0,83.183
2015,Female,206.0,83.4
2015,Female,207.0,83.45
2015,Female,213.0,83.733
2015,Female,214.0,83.767
2015,Female,215.0,83.833
2015,Female,220.0,84.033
2015,Female,224.0,84.183
2015,Female,228.0,84.4
2015,Female,230.0,84.467
2015,Female,232.0,84.583
2015,Female,243.0,84.917
2015,Female,248.0,85.15
2015,Female,251.0,85.183
2015,Female,258.0,85.45
2015,Female,260.0,85.483
2015,Female,265.0,85.8
2015,Female,281.0,86.25
2015,Female,283.0,86.3
2015,Female,291.0,86.55
2015,Female,294.0,86.65
2015,Female,297.0,86.683
2015,Female,298.0,86.7
2015,Female,298.0,86.7
2015,Female,301.0,86.75
2015,Female,304.0,86.833
2015,Female,307.0,86.85
2015,Female,315.0,87.167
2015,Female,326.0,87.45
2015,Female,334.0,87.65
2015,Female,337.0,87.683
2015,Female,344.0,87.833
2015,Female,351.0,87.967
2015,Female,365.0,88.467
2015,Female,369.0,88.533
2015,Female,381.0,88.733
2015,Female,383.0,88.783
2015,Female,388.0,88.983
2015,Female,391.0,89.033
2015,Female,394.0,89.233
2015,Female,399.0,89.3
2015,Female,402.0,89.367
2015,Female,402.0,89.367
2015,Female,414.0,89.567
2015,Female,419.0,89.617
2015,Female,434.0,89.917
2015,Female,436.0,89.967
2015,Female,441.0,90.033
2015,Female,442.0,90.05
2015,Female,444.0,90.067
2015,Female,448.0,90.2
2015,Female,457.0,90.45
2015,Female,462.0,90.65
2015,Female,463.0,90.667
2015,Female,468.0,90.717
2015,Female,470.0,90.75
2015,Female,472.0,90.767
2015,Female,474.0,90.783
2015,Female,483.0,91.183
2015,Female,488.0,91.317
2015,Female,489.0,91.35
2015,Female,491.0,91.45
2015,Female,496.0,91.567
2015,Female,499.0,91.6
2015,Female,519.0,91.85
2015,Female,525.0,91.95
2015,Female,527.0,92.0
2015,Female,528.0,92.017
2015,Female,530.0,92.05
2015,Female,541.0,92.267
2015,Female,543.0,92.333
2015,Female,543.0,92.333
2015,Female,545.0,92.35
2015,Female,549.0,92.417
2015,Female,555.0,92.483
2015,Female,574.0,92.833
2015,Female,582.0,93.1
2015,Female,584.0,93.133
2015,Female,592.0,93.217
2015,Female,593.0,93.233
2015,Female,611.0,93.467
2015,Female,614.0,93.517
2015,Female,618.0,93.567
2015,Female,621.0,93.65
2015,Female,626.0,93.733
2015,Female,631.0,93.817
2015,Female,636.0,93.95
2015,Female,639.0,94.05
2015,Female,643.0,94.1
2015,Female,651.0,94.267
2015,Female,655.0,94.317
2015,Female,657.0,94.333
2015,Female,665.0,94.433
2015,Female,669.0,94.533
2015,Female,675.0,94.6
2015,Female,686.0,94.85
2015,Female,686.0,94.85
2015,Female,686.0,94.85
2015,Female,693.0,94.933
2015,Female,701.0,95.05
2015,Female,704.0,95.067
2015,Female,709.0,95.117
2015,Female,710.0,95.133
2015,Female,714.0,95.217
2015,Female,718.0,95.317
2015,Female,719.0,95.333
2015,Female,724.0,95.417
2015,Female,735.0,95.6
2015,Female,738.0,95.667
2015,Female,742.0,95.75
2015,Female,742.0,95.75
2015,Female,752.0,95.933
2015,Female,755.0,96.0
2015,Female,755.0,96.0
2015,Female,757.0,96.017
2015,Female,762.0,96.183
2015,Female,768.0,96.35
2015,Female,774.0,96.433
2015,Female,787.0,96.65
2015,Female,791.0,96.733
2015,Female,791.0,96.733
2015,Female,800.0,96.85
2015,Female,800.0,96.85
2015,Female,800.0,96.85
2015,Female,805.0,96.9
2015,Female,810.0,96.983
2015,Female,813.0,97.0
2015,Female,817.0,97.05
2015,Female,827.0,97.167
2015,Female,833.0,97.25
2015,Female,834.0,97.267
2015,Female,835.0,97.283
2015,Female,837.0,97.317
2015,Female,840.0,97.35
2015,Female,840.0,97.35
2015,Female,860.0,97.617
2015,Female,865.0,97.667
2015,Female,868.0,97.683
2015,Female,876.0,97.833
2015,Female,878.0,97.9
2015,Female,884.0,98.033
2015,Female,891.0,98.15
2015,Female,894.0,98.2
2015,Female,899.0,98.233
2015,Female,901.0,98.25
2015,Female,912.0,98.467
2015,Female,931.0,98.933
2015,Female,933.0,98.967
2015,Female,935.0,99.0
2015,Female,945.0,99.133
2015,Female,955.0,99.267
2015,Female,958.0,99.35
2015,Female,968.0,99.55
2015,Female,968.0,99.55
2015,Female,970.0,99.567
2015,Female,971.0,99.617
2015,Female,975.0,99.65
2015,Female,982.0,99.733
2015,Female,989.0,99.8
2015,Female,990.0,99.817
2015,Female,998.0,99.967
2015,Female,998.0,99.967
2015,Female,1011.0,100.15
2015,Female,1015.0,100.183
2015,Female,1019.0,100.217
2015,Female,1023.0,100.317
2015,Female,1025.0,100.367
2015,Female,1025.0,100.367
2015,Female,1032.0,100.483
2015,Female,1035.0,100.533
2015,Female,1037.0,100.567
2015,Female,1040.0,100.683
2015,Female,1043.0,100.75
2015,Female,1047.0,100.783
2015,Female,1050.0,100.833
2015,Female,1053.0,100.85
2015,Female,1063.0,101.083
2015,Female,1066.0,101.117
2015,Female,1068.0,101.167
2015,Female,1076.0,101.283
2015,Female,1088.0,101.467
2015,Female,1108.0,101.9
2015,Female,1108.0,101.9
2015,Female,1111.0,101.917
2015,Female,1111.0,101.917
2015,Female,1113.0,101.933
2015,Female,1116.0,102.0
2015,Female,1119.0,102.05
2015,Female,1121.0,102.067
2015,Female,1122.0,102.083
2015,Female,1132.0,102.3
2015,Female,1143.0,102.483
2015,Female,1143.0,102.483
2015,Female,1145.0,102.517
2015,Female,1146.0,102.533
2015,Female,1150.0,102.617
2015,Female,1154.0,102.667
2015,Female,1161.0,102.767
2015,Female,1162.0,102.783
2015,Female,1164.0,102.817
2015,Female,1167.0,102.85
2015,Female,1168.0,102.9
2015,Female,1168.0,102.9
2015,Female,1170.0,102.933
2015,Female,1170.0,102.933
2015,Female,1178.0,103.067
2015,Female,1181.0,103.1
2015,Female,1200.0,103.583
2015,Female,1202.0,103.683
2015,Female,1206.0,103.717
2015,Female,1207.0,103.767
2015,Female,1213.0,104.0
2015,Female,1214.0,104.033
2015,Female,1220.0,104.133
2015,Female,1226.0,104.283
2015,Female,1230.0,104.3
2015,Female,1235.0,104.533
2015,Female,1249.0,104.95
2015,Female,1255.0,105.117
2015,Female,1262.0,105.367
2015,Female,1264.0,105.417
2015,Female,1267.0,105.45
2015,Female,1269.0,105.483
2015,Female,1274.0,105.567
2015,Female,1275.0,105.6
2015,Female,1280.0,105.817
2015,Female,1284.0,105.883
2015,Female,1286.0,105.933
2015,Female,1287.0,105.967
2015,Female,1289.0,106.017
2015,Female,1300.0,106.25
2015,Female,1305.0,106.433
2015,Female,1306.0,106.5
2015,Female,1309.0,106.767
2015,Female,1311.0,106.817
2015,Female,1313.0,106.917
2015,Female,1319.0,107.0
2015,Female,1319.0,107.0
2015,Female,1322.0,107.05
2015,Female,1327.0,107.117
2015,Female,1331.0,107.267
2015,Female,1335.0,107.433
2015,Female,1338.0,107.483
2015,Female,1339.0,107.533
2015,Female,1346.0,107.667
2015,Female,1347.0,107.683
2015,Female,1349.0,107.733
2015,Female,1350.0,107.783
2015,Female,1359.0,107.983
2015,Female,1370.0,108.233
2015,Female,1372.0,108.25
2015,Female,1374.0,108.283
2015,Female,1377.0,108.383
2015,Female,1378.0,108.4
2015,Female,1379.0,108.417
2015,Female,1383.0,108.65
2015,Female,1390.0,108.833
2015,Female,1392.0,108.867
2015,Female,1394.0,108.9
2015,Female,1395.0,108.917
2015,Female,1398.0,108.983
2015,Female,1401.0,109.167
2015,Female,1405.0,109.317
2015,Female,1408.0,109.383
2015,Female,1411.0,109.5
2015,Female,1414.0,109.55
2015,Female,1418.0,109.6
2015,Female,1420.0,109.65
2015,Female,1425.0,109.733
2015,Female,1432.0,110.0
2015,Female,1432.0,110.0
2015,Female,1441.0,110.2
2015,Female,1442.0,110.233
2015,Female,1450.0,110.367
2015,Female,1451.0,110.383
2015,Female,1451.0,110.383
2015,Female,1451.0,110.383
2015,Female,1454.0,110.4
2015,Female,1455.0,110.417
2015,Female,1457.0,110.533
2015,Female,1457.0,110.533
2015,Female,1459.0,110.583
2015,Female,1461.0,110.617
2015,Female,1462.0,110.65
2015,Female,1463.0,110.667
2015,Female,1467.0,110.733
2015,Female,1469.0,110.75
2015,Female,1473.0,110.85
2015,Female,1475.0,110.95
2015,Female,1478.0,111.017
2015,Female,1478.0,111.017
2015,Female,1480.0,111.033
2015,Female,1481.0,111.15
2015,Female,1486.0,111.333
2015,Female,1486.0,111.333
2015,Female,1489.0,111.417
2015,Female,1491.0,111.45
2015,Female,1497.0,111.75
2015,Female,1504.0,112.0
2015,Female,1514.0,112.55
2015,Female,1516.0,112.617
2015,Female,1518.0,112.65
2015,Female,1520.0,112.683
2015,Female,1521.0,112.717
2015,Female,1524.0,112.767
2015,Female,1528.0,112.833
2015,Female,1529.0,112.85
2015,Female,1535.0,113.017
2015,Female,1536.0,113.083
2015,Female,1538.0,113.283
2015,Female,1540.0,113.517
2015,Female,1541.0,113.667
2015,Female,1550.0,113.867
2015,Female,1556.0,114.1
2015,Female,1561.0,114.333
2015,Female,1562.0,114.383
2015,Female,1569.0,114.8
2015,Female,1570.0,114.85
2015,Female,1576.0,115.017
2015,Female,1579.0,115.15
2015,Female,1586.0,115.367
2015,Female,1589.0,115.55
2015,Female,1591.0,115.617
2015,Female,1593.0,115.65
2015,Female,1593.0,115.65
2015,Female,1596.0,115.717
2015,Female,1600.0,115.75
2015,Female,1602.0,115.85
2015,Female,1606.0,115.983
2015,Female,1608.0,116.167
2015,Female,1617.0,116.417
2015,Female,1622.0,116.5
2015,Female,1623.0,116.533
2015,Female,1637.0,117.333
2015,Female,1638.0,117.417
2015,Female,1640.0,117.45
2015,Female,1646.0,117.767
2015,Female,1647.0,117.95
2015,Female,1656.0,118.7
2015,Female,1661.0,118.883
2015,Female,1662.0,118.917
2015,Female,1665.0,118.967
2015,Female,1666.0,119.033
2015,Female,1671.0,119.1
2015,Female,1673.0,119.183
2015,Female,1673.0,119.183
2015,Female,1677.0,119.717
2015,Female,1678.0,119.733
2015,Female,1679.0,119.95
2015,Female,1680.0,120.1
2015,Female,1682.0,120.4
2015,Female,1689.0,120.9
2015,Female,1691.0,120.933
2015,Female,1692.0,120.95
2015,Female,1695.0,121.05
2015,Female,1696.0,121.133
2015,Female,1700.0,121.517
2015,Female,1701.0,121.55
2015,Female,1703.0,121.65
2015,Female,1704.0,121.667
2015,Female,1707.0,121.833
2015,Female,1707.0,121.833
2015,Female,1709.0,121.867
2015,Female,1711.0,121.883
2015,Female,1714.0,122.067
2015,Female,1715.0,122.1
2015,Female,1717.0,122.217
2015,Female,1719.0,122.283
2015,Female,1722.0,122.433
2015,Female,1724.0,122.467
2015,Female,1737.0,123.467
2015,Female,1739.0,123.583
2015,Female,1739.0,123.583
2015,Female,1742.0,123.667
2015,Female,1743.0,123.7
2015,Female,1744.0,123.767
2015,Female,1753.0,124.667
2015,Female,1755.0,124.867
2015,Female,1757.0,125.167
2015,Female,1760.0,125.6
2015,Female,1765.0,126.35
2015,Female,1769.0,127.183
2015,Female,1771.0,127.217
2015,Female,1774.0,127.7
2015,Female,1776.0,128.5
2015,Female,1783.0,129.533
2015,Female,1785.0,129.75
2015,Female,1788.0,130.133
2015,Female,1790.0,130.533
2015,Female,1791.0,130.567
2015,Female,1792.0,130.933
2015,Female,1794.0,131.733
2015,Female,1796.0,132.133
2015,Female,1797.0,132.717
2015,Female,1798.0,133.133
2015,Female,1800.0,133.3
2015,Female,1803.0,133.767
2015,Female,1806.0,134.517
2015,Female,1807.0,134.633
2015,Female,1808.0,134.683
2015,Female,1810.0,134.85
2015,Female,1814.0,135.817
2015,Female,1815.0,135.833
2015,Female,1818.0,136.533
2015,Female,1824.0,139.283
2015,Female,1826.0,140.317
2015,Female,1831.0,147.017
2016,Male,1.0,47.65
2016,Male,2.0,49.95
2016,Male,3.0,50.167
2016,Male,4.0,50.283
2016,Male,5.0,50.317
2016,Male,6.0,50.433
2016,Male,7.0,50.6
2016,Male,8.0,51.45
2016,Male,9.0,51.683
2016,Male,10.0,51.8
2016,Male,11.0,52.0
2016,Male,12.0,52.6
2016,Female,13.0,52.633
2016,Male,14.0,52.733
2016,Male,15.0,53.217
2016,Male,16.0,53.233
2016,Female,17.0,53.55
2016,Male,17.0,53.55
2016,Female,19.0,53.567
2016,Female,20.0,53.717
2016,Male,21.0,53.933
2016,Male,22.0,54.067
2016,Male,23.0,54.083
2016,Female,24.0,54.167
2016,Male,25.0,54.183
2016,Male,26.0,54.383
2016,Male,27.0,54.717
2016,Male,28.0,54.833
2016,Male,29.0,54.883
2016,Male,30.0,55.15
2016,Male,31.0,55.233
2016,Female,32.0,55.8
2016,Male,33.0,55.883
2016,Male,33.0,55.883
2016,Male,35.0,55.967
2016,Male,36.0,56.4
2016,Male,37.0,56.583
2016,Male,38.0,56.9
2016,Female,39.0,57.05
2016,Male,39.0,57.05
2016,Female,41.0,57.083
2016,Male,42.0,57.1
2016,Male,43.0,57.15
2016,Male,43.0,57.15
2016,Male,45.0,57.317
2016,Male,46.0,57.433
2016,Female,47.0,57.467
2016,Male,48.0,57.483
2016,Male,49.0,57.667
2016,Male,50.0,57.9
2016,Male,51.0,58.0
2016,Male,52.0,58.033
2016,Male,53.0,58.067
2016,Male,54.0,58.15
2016,Male,54.0,58.15
2016,Male,56.0,58.2
2016,Male,57.0,58.417
2016,Male,58.0,58.7
2016,Female,59.0,58.717
2016,Male,60.0,58.917
2016,Male,61.0,58.933
2016,Male,62.0,59.083
2016,Male,63.0,59.183
2016,Male,64.0,59.283
2016,Male,65.0,59.35
2016,Male,66.0,59.367
2016,Male,66.0,59.367
2016,Female,68.0,59.383
2016,Male,69.0,59.5
2016,Female,70.0,59.55
2016,Male,71.0,59.633
2016,Female,72.0,59.867
2016,Female,72.0,59.867
2016,Male,74.0,59.967
2016,Male,75.0,60.067
2016,Male,76.0,60.1
2016,Male,77.0,60.383
2016,Female,78.0,60.5
2016,Female,79.0,60.583
2016,Female,80.0,60.667
2016,Male,81.0,60.7
2016,Male,82.0,60.933
2016,Male,83.0,60.983
2016,Female,84.0,61.167
2016,Male,85.0,61.283
2016,Female,86.0,61.3
2016,Male,87.0,61.467
2016,Male,88.0,61.483
2016,Male,89.0,61.517
2016,Male,90.0,61.55
2016,Male,90.0,61.55
2016,Male,92.0,61.583
2016,Male,93.0,61.617
2016,Male,94.0,61.633
2016,Male,94.0,61.633
2016,Male,96.0,61.65
2016,Male,97.0,61.717
2016,Male,98.0,61.733
2016,Male,99.0,61.75
2016,Male,100.0,61.767
2016,Male,101.0,61.8
2016,Male,102.0,61.817
2016,Male,103.0,61.883
2016,Female,104.0,61.967
2016,Male,104.0,61.967
2016,Male,106.0,62.033
2016,Male,107.0,62.1
2016,Female,108.0,62.133
2016,Male,109.0,62.183
2016,Male,110.0,62.217
2016,Male,111.0,62.25
2016,Male,112.0,62.283
2016,Female,113.0,62.3
2016,Female,114.0,62.333
2016,Male,114.0,62.333
2016,Male,116.0,62.35
2016,Female,117.0,62.367
2016,Male,117.0,62.367
2016,Male,119.0,62.383
2016,Male,119.0,62.383
2016,Male,121.0,62.433
2016,Male,122.0,62.467
2016,Male,122.0,62.467
2016,Female,124.0,62.533
2016,Male,125.0,62.617
2016,Female,126.0,62.65
2016,Male,127.0,62.7
2016,Male,128.0,62.717
2016,Male,129.0,62.75
2016,Male,130.0,62.9
2016,Male,131.0,62.967
2016,Female,132.0,62.983
2016,Male,133.0,63.1
2016,Male,134.0,63.167
2016,Male,135.0,63.183
2016,Male,136.0,63.417
2016,Male,137.0,63.433
2016,Male,137.0,63.433
2016,Male,139.0,63.467
2016,Male,140.0,63.5
2016,Male,141.0,63.533
2016,Male,142.0,63.617
2016,Male,142.0,63.617
2016,Male,144.0,63.7
2016,Male,145.0,63.717
2016,Male,145.0,63.717
2016,Male,147.0,63.75
2016,Male,148.0,63.767
2016,Female,148.0,63.767
2016,Female,150.0,63.783
2016,Female,151.0,63.833
2016,Female,152.0,63.883
2016,Male,153.0,63.933
2016,Male,154.0,63.95
2016,Male,155.0,63.967
2016,Male,155.0,63.967
2016,Male,157.0,64.033
2016,Male,157.0,64.033
2016,Female,159.0,64.05
2016,Male,160.0,64.083
2016,Male,161.0,64.1
2016,Male,162.0,64.133
2016,Female,163.0,64.167
2016,Female,163.0,64.167
2016,Male,165.0,64.217
2016,Female,166.0,64.25
2016,Male,166.0,64.25
2016,Male,168.0,64.45
2016,Female,169.0,64.5
2016,Male,169.0,64.5
2016,Male,171.0,64.517
2016,Male,172.0,64.533
2016,Male,173.0,64.55
2016,Male,174.0,64.567
2016,Female,175.0,64.583
2016,Female,176.0,64.633
2016,Male,177.0,64.65
2016,Female,178.0,64.683
2016,Male,179.0,64.733
2016,Male,180.0,64.883
2016,Male,181.0,64.9
2016,Male,182.0,64.95
2016,Male,183.0,64.967
2016,Male,184.0,65.05
2016,Female,184.0,65.05
2016,Male,186.0,65.067
2016,Male,187.0,65.1
2016,Male,188.0,65.167
2016,Male,189.0,65.183
2016,Female,189.0,65.183
2016,Male,191.0,65.267
2016,Female,191.0,65.267
2016,Male,193.0,65.283
2016,Male,194.0,65.3
2016,Male,194.0,65.3
2016,Male,194.0,65.3
2016,Male,197.0,65.317
2016,Male,197.0,65.317
2016,Male,197.0,65.317
2016,Male,200.0,65.333
2016,Male,201.0,65.383
2016,Male,201.0,65.383
2016,Male,203.0,65.4
2016,Male,204.0,65.433
2016,Male,205.0,65.45
2016,Female,205.0,65.45
2016,Male,205.0,65.45
2016,Male,208.0,65.483
2016,Male,209.0,65.517
2016,Male,210.0,65.567
2016,Male,211.0,65.583
2016,Female,211.0,65.583
2016,Female,213.0,65.65
2016,Male,214.0,65.667
2016,Male,215.0,65.7
2016,Male,215.0,65.7
2016,Male,217.0,65.717
2016,Female,218.0,65.75
2016,Female,219.0,65.8
2016,Male,220.0,65.833
2016,Male,221.0,65.933
2016,Male,222.0,65.967
2016,Male,223.0,66.017
2016,Female,224.0,66.05
2016,Male,224.0,66.05
2016,Male,226.0,66.067
2016,Male,227.0,66.167
2016,Male,228.0,66.183
2016,Male,229.0,66.2
2016,Male,230.0,66.217
2016,Male,230.0,66.217
2016,Male,232.0,66.3
2016,Male,233.0,66.333
2016,Male,234.0,66.367
2016,Male,235.0,66.45
2016,Female,235.0,66.45
2016,Female,237.0,66.483
2016,Male,237.0,66.483
2016,Male,239.0,66.517
2016,Male,240.0,66.567
2016,Male,241.0,66.617
2016,Male,241.0,66.617
2016,Male,243.0,66.767
2016,Female,244.0,66.817
2016,Male,245.0,66.9
2016,Male,246.0,66.933
2016,Male,246.0,66.933
2016,Male,248.0,66.95
2016,Male,249.0,67.0
2016,Male,249.0,67.0
2016,Male,249.0,67.0
2016,Male,252.0,67.05
2016,Male,253.0,67.067
2016,Male,254.0,67.083
2016,Female,254.0,67.083
2016,Male,256.0,67.133
2016,Female,257.0,67.15
2016,Male,258.0,67.2
2016,Male,259.0,67.217
2016,Male,259.0,67.217
2016,Female,261.0,67.233
2016,Male,262.0,67.25
2016,Male,263.0,67.283
2016,Male,263.0,67.283
2016,Male,265.0,67.3
2016,Male,265.0,67.3
2016,Male,267.0,67.367
2016,Male,268.0,67.433
2016,Male,269.0,67.483
2016,Male,270.0,67.517
2016,Male,270.0,67.517
2016,Female,272.0,67.533
2016,Male,273.0,67.55
2016,Male,274.0,67.567
2016,Male,275.0,67.6
2016,Female,275.0,67.6
2016,Female,277.0,67.617
2016,Male,278.0,67.667
2016,Male,279.0,67.733
2016,Male,280.0,67.8
2016,Male,280.0,67.8
2016,Female,282.0,67.833
2016,Female,283.0,67.867
2016,Male,284.0,67.9
2016,Female,284.0,67.9
2016,Male,286.0,67.95
2016,Male,286.0,67.95
2016,Female,288.0,67.967
2016,Male,288.0,67.967
2016,Male,290.0,67.983
2016,Male,290.0,67.983
2016,Male,290.0,67.983
2016,Male,293.0,68.0
2016,Male,294.0,68.033
2016,Male,295.0,68.05
2016,Male,296.0,68.067
2016,Male,296.0,68.067
2016,Male,298.0,68.117
2016,Male,298.0,68.117
2016,Female,300.0,68.133
2016,Male,300.0,68.133
2016,Male,302.0,68.15
2016,Female,303.0,68.217
2016,Male,304.0,68.233
2016,Male,305.0,68.25
2016,Female,306.0,68.283
2016,Male,306.0,68.283
2016,Male,308.0,68.3
2016,Male,308.0,68.3
2016,Male,310.0,68.317
2016,Female,311.0,68.35
2016,Male,312.0,68.367
2016,Male,313.0,68.383
2016,Male,314.0,68.4
2016,Male,315.0,68.417
2016,Male,315.0,68.417
2016,Male,315.0,68.417
2016,Male,318.0,68.45
2016,Male,319.0,68.467
2016,Male,319.0,68.467
2016,Male,321.0,68.483
2016,Male,321.0,68.483
2016,Female,323.0,68.533
2016,Male,324.0,68.567
2016,Male,325.0,68.6
2016,Male,325.0,68.6
2016,Male,327.0,68.633
2016,Male,328.0,68.717
2016,Male,329.0,68.817
2016,Male,330.0,68.833
2016,Female,331.0,68.85
2016,Female,332.0,68.867
2016,Female,332.0,68.867
2016,Male,334.0,68.9
2016,Male,334.0,68.9
2016,Male,334.0,68.9
2016,Female,337.0,68.95
2016,Male,338.0,69.017
2016,Male,339.0,69.083
2016,Female,340.0,69.133
2016,Male,341.0,69.15
2016,Male,341.0,69.15
2016,Male,343.0,69.167
2016,Male,344.0,69.217
2016,Male,345.0,69.317
2016,Male,346.0,69.333
2016,Male,347.0,69.35
2016,Male,347.0,69.35
2016,Male,349.0,69.367
2016,Male,349.0,69.367
2016,Male,349.0,69.367
2016,Male,352.0,69.4
2016,Male,353.0,69.45
2016,Male,353.0,69.45
2016,Male,355.0,69.467
2016,Male,356.0,69.483
2016,Male,356.0,69.483
2016,Male,358.0,69.5
2016,Female,359.0,69.533
2016,Male,360.0,69.6
2016,Male,361.0,69.617
2016,Male,362.0,69.633
2016,Male,363.0,69.683
2016,Female,364.0,69.717
2016,Female,365.0,69.733
2016,Male,366.0,69.75
2016,Female,367.0,69.767
2016,Male,367.0,69.767
2016,Male,367.0,69.767
2016,Male,370.0,69.8
2016,Male,371.0,69.817
2016,Male,371.0,69.817
2016,Male,373.0,69.867
2016,Male,373.0,69.867
2016,Male,375.0,69.9
2016,Male,375.0,69.9
2016,Male,377.0,69.917
2016,Male,377.0,69.917
2016,Male,377.0,69.917
2016,Female,380.0,69.983
2016,Male,380.0,69.983
2016,Male,380.0,69.983
2016,Female,383.0,70.0
2016,Male,384.0,70.017
2016,Female,385.0,70.033
2016,Male,385.0,70.033
2016,Male,387.0,70.1
2016,Male,388.0,70.133
2016,Male,389.0,70.15
2016,Male,390.0,70.183
2016,Male,391.0,70.233
2016,Male,391.0,70.233
2016,Male,393.0,70.25
2016,Male,394.0,70.317
2016,Male,394.0,70.317
2016,Male,394.0,70.317
2016,Male,397.0,70.333
2016,Male,398.0,70.35
2016,Male,398.0,70.35
2016,Male,400.0,70.367
2016,Female,401.0,70.383
2016,Male,402.0,70.417
2016,Male,403.0,70.45
2016,Male,404.0,70.467
2016,Male,404.0,70.467
2016,Male,406.0,70.483
2016,Female,406.0,70.483
2016,Male,408.0,70.5
2016,Male,409.0,70.517
2016,Male,409.0,70.517
2016,Male,409.0,70.517
2016,Male,412.0,70.533
2016,Female,413.0,70.55
2016,Male,414.0,70.6
2016,Female,415.0,70.617
2016,Male,415.0,70.617
2016,Male,417.0,70.667
2016,Male,417.0,70.667
2016,Male,419.0,70.7
2016,Male,420.0,70.717
2016,Female,421.0,70.75
2016,Male,421.0,70.75
2016,Male,423.0,70.8
2016,Male,424.0,70.9
2016,Female,424.0,70.9
2016,Male,426.0,70.933
2016,Male,427.0,70.95
2016,Male,428.0,70.983
2016,Male,429.0,71.05
2016,Male,430.0,71.067
2016,Male,431.0,71.083
2016,Male,432.0,71.1
2016,Male,432.0,71.1
2016,Male,434.0,71.117
2016,Male,434.0,71.117
2016,Female,436.0,71.15
2016,Female,437.0,71.183
2016,Male,438.0,71.2
2016,Male,438.0,71.2
2016,Male,438.0,71.2
2016,Male,441.0,71.217
2016,Male,441.0,71.217
2016,Male,443.0,71.25
2016,Female,444.0,71.267
2016,Male,444.0,71.267
2016,Male,446.0,71.283
2016,Male,447.0,71.317
2016,Male,447.0,71.317
2016,Male,447.0,71.317
2016,Female,450.0,71.35
2016,Male,450.0,71.35
2016,Male,452.0,71.4
2016,Male,453.0,71.417
2016,Male,454.0,71.433
2016,Male,454.0,71.433
2016,Male,456.0,71.517
2016,Male,456.0,71.517
2016,Male,456.0,71.517
2016,Male,459.0,71.533
2016,Male,460.0,71.55
2016,Male,461.0,71.583
2016,Male,462.0,71.6
2016,Female,463.0,71.65
2016,Male,464.0,71.683
2016,Male,465.0,71.7
2016,Male,466.0,71.733
2016,Male,467.0,71.75
2016,Male,467.0,71.75
2016,Male,469.0,71.767
2016,Male,470.0,71.833
2016,Male,471.0,71.9
2016,Female,472.0,71.933
2016,Male,473.0,71.983
2016,Male,473.0,71.983
2016,Male,475.0,72.0
2016,Male,476.0,72.017
2016,Male,477.0,72.05
2016,Male,478.0,72.067
2016,Female,479.0,72.083
2016,Female,480.0,72.1
2016,Male,481.0,72.133
2016,Male,481.0,72.133
2016,Female,483.0,72.167
2016,Male,484.0,72.233
2016,Male,485.0,72.283
2016,Male,486.0,72.3
2016,Male,487.0,72.333
2016,Male,487.0,72.333
2016,Male,489.0,72.35
2016,Female,490.0,72.433
2016,Male,491.0,72.45
2016,Male,492.0,72.55
2016,Male,493.0,72.583
2016,Male,494.0,72.6
2016,Female,495.0,72.65
2016,Male,496.0,72.667
2016,Male,497.0,72.7
2016,Male,498.0,72.767
2016,Female,498.0,72.767
2016,Male,498.0,72.767
2016,Male,501.0,72.783
2016,Male,502.0,72.833
2016,Male,503.0,72.85
2016,Male,504.0,72.883
2016,Female,505.0,72.9
2016,Male,505.0,72.9
2016,Male,507.0,72.917
2016,Male,507.0,72.917
2016,Male,509.0,72.933
2016,Male,510.0,72.95
2016,Female,510.0,72.95
2016,Male,512.0,72.967
2016,Female,512.0,72.967
2016,Male,514.0,73.0
2016,Male,515.0,73.067
2016,Male,515.0,73.067
2016,Male,515.0,73.067
2016,Male,515.0,73.067
2016,Male,519.0,73.083
2016,Male,520.0,73.1
2016,Male,521.0,73.117
2016,Male,521.0,73.117
2016,Male,521.0,73.117
2016,Male,524.0,73.133
2016,Male,524.0,73.133
2016,Male,526.0,73.15
2016,Male,527.0,73.183
2016,Male,528.0,73.2
2016,Male,529.0,73.233
2016,Male,530.0,73.25
2016,Male,530.0,73.25
2016,Female,532.0,73.267
2016,Male,533.0,73.283
2016,Male,534.0,73.333
2016,Male,534.0,73.333
2016,Female,536.0,73.367
2016,Male,537.0,73.417
2016,Male,538.0,73.433
2016,Male,538.0,73.433
2016,Male,540.0,73.45
2016,Male,540.0,73.45
2016,Male,542.0,73.5
2016,Male,543.0,73.533
2016,Male,543.0,73.533
2016,Male,543.0,73.533
2016,Male,543.0,73.533
2016,Male,547.0,73.567
2016,Male,547.0,73.567
2016,Male,549.0,73.6
2016,Female,550.0,73.617
2016,Female,551.0,73.65
2016,Male,552.0,73.683
2016,Female,553.0,73.7
2016,Female,554.0,73.717
2016,Male,555.0,73.767
2016,Male,556.0,73.783
2016,Female,556.0,73.783
2016,Male,558.0,73.817
2016,Male,559.0,73.833
2016,Female,560.0,73.85
2016,Male,560.0,73.85
2016,Male,562.0,73.867
2016,Male,563.0,73.9
2016,Male,563.0,73.9
2016,Female,565.0,73.917
2016,Male,566.0,73.933
2016,Male,567.0,73.95
2016,Male,567.0,73.95
2016,Male,569.0,73.967
2016,Male,569.0,73.967
2016,Female,571.0,73.983
2016,Male,571.0,73.983
2016,Female,571.0,73.983
2016,Male,574.0,74.017
2016,Male,574.0,74.017
2016,Male,576.0,74.05
2016,Male,576.0,74.05
2016,Male,576.0,74.05
2016,Male,579.0,74.067
2016,Female,579.0,74.067
2016,Male,581.0,74.1
2016,Male,582.0,74.15
2016,Male,583.0,74.2
2016,Male,584.0,74.233
2016,Male,585.0,74.25
2016,Female,586.0,74.267
2016,Female,587.0,74.3
2016,Male,588.0,74.333
2016,Male,589.0,74.383
2016,Male,589.0,74.383
2016,Female,591.0,74.4
2016,Male,592.0,74.417
2016,Male,592.0,74.417
2016,Male,594.0,74.433
2016,Male,595.0,74.45
2016,Male,596.0,74.517
2016,Male,597.0,74.55
2016,Female,598.0,74.567
2016,Male,599.0,74.633
2016,Male,600.0,74.65
2016,Male,601.0,74.7
2016,Male,602.0,74.767
2016,Male,602.0,74.767
2016,Male,602.0,74.767
2016,Male,602.0,74.767
2016,Male,606.0,74.817
2016,Female,606.0,74.817
2016,Male,608.0,74.833
2016,Male,608.0,74.833
2016,Female,608.0,74.833
2016,Male,611.0,74.85
2016,Male,612.0,74.9
2016,Male,612.0,74.9
2016,Female,614.0,74.917
2016,Female,614.0,74.917
2016,Male,616.0,74.95
2016,Male,617.0,74.967
2016,Male,618.0,74.983
2016,Male,619.0,75.067
2016,Female,619.0,75.067
2016,Male,619.0,75.067
2016,Male,622.0,75.083
2016,Female,623.0,75.133
2016,Male,623.0,75.133
2016,Male,625.0,75.15
2016,Male,625.0,75.15
2016,Female,627.0,75.183
2016,Male,628.0,75.217
2016,Male,628.0,75.217
2016,Female,628.0,75.217
2016,Male,631.0,75.267
2016,Female,632.0,75.3
2016,Male,633.0,75.317
2016,Male,633.0,75.317
2016,Male,635.0,75.333
2016,Male,636.0,75.367
2016,Male,637.0,75.383
2016,Male,638.0,75.483
2016,Male,638.0,75.483
2016,Female,640.0,75.533
2016,Male,641.0,75.55
2016,Male,641.0,75.55
2016,Female,641.0,75.55
2016,Male,644.0,75.567
2016,Male,645.0,75.583
2016,Male,646.0,75.633
2016,Male,647.0,75.7
2016,Male,647.0,75.7
2016,Female,649.0,75.733
2016,Male,650.0,75.767
2016,Male,651.0,75.783
2016,Male,652.0,75.833
2016,Male,652.0,75.833
2016,Male,654.0,75.85
2016,Male,655.0,75.883
2016,Male,656.0,75.917
2016,Male,657.0,75.95
2016,Male,658.0,75.967
2016,Male,658.0,75.967
2016,Male,660.0,76.0
2016,Female,661.0,76.017
2016,Male,662.0,76.15
2016,Female,663.0,76.167
2016,Female,664.0,76.183
2016,Female,665.0,76.217
2016,Male,666.0,76.25
2016,Male,667.0,76.267
2016,Female,668.0,76.283
2016,Male,669.0,76.333
2016,Female,670.0,76.35
2016,Male,670.0,76.35
2016,Male,670.0,76.35
2016,Male,673.0,76.383
2016,Male,673.0,76.383
2016,Male,675.0,76.4
2016,Male,675.0,76.4
2016,Male,677.0,76.45
2016,Male,677.0,76.45
2016,Male,679.0,76.483
2016,Male,680.0,76.5
2016,Male,681.0,76.567
2016,Female,682.0,76.6
2016,Male,683.0,76.633
2016,Male,683.0,76.633
2016,Male,685.0,76.683
2016,Male,685.0,76.683
2016,Male,687.0,76.7
2016,Male,688.0,76.733
2016,Female,689.0,76.75
2016,Male,690.0,76.767
2016,Male,691.0,76.783
2016,Male,692.0,76.8
2016,Male,693.0,76.833
2016,Male,694.0,76.85
2016,Male,694.0,76.85
2016,Male,696.0,76.883
2016,Male,696.0,76.883
2016,Male,698.0,76.917
2016,Male,699.0,76.967
2016,Female,700.0,76.983
2016,Male,701.0,77.0
2016,Male,701.0,77.0
2016,Male,703.0,77.017
2016,Male,703.0,77.017
2016,Female,705.0,77.05
2016,Male,706.0,77.067
2016,Female,707.0,77.1
2016,Male,708.0,77.117
2016,Male,709.0,77.133
2016,Male,709.0,77.133
2016,Male,711.0,77.183
2016,Female,712.0,77.2
2016,Male,712.0,77.2
2016,Male,714.0,77.267
2016,Male,715.0,77.317
2016,Male,715.0,77.317
2016,Male,717.0,77.367
2016,Male,718.0,77.383
2016,Male,718.0,77.383
2016,Male,720.0,77.4
2016,Male,721.0,77.417
2016,Female,722.0,77.45
2016,Male,723.0,77.483
2016,Male,724.0,77.6
2016,Male,725.0,77.617
2016,Male,726.0,77.65
2016,Male,727.0,77.767
2016,Female,728.0,77.8
2016,Male,729.0,77.817
2016,Male,729.0,77.817
2016,Male,731.0,77.833
2016,Female,732.0,77.85
2016,Male,733.0,77.867
2016,Male,734.0,77.9
2016,Male,735.0,77.95
2016,Male,735.0,77.95
2016,Male,737.0,78.0
2016,Male,738.0,78.033
2016,Male,739.0,78.083
2016,Male,740.0,78.1
2016,Male,741.0,78.133
2016,Female,742.0,78.183
2016,Female,743.0,78.2
2016,Male,744.0,78.217
2016,Female,745.0,78.233
2016,Male,745.0,78.233
2016,Male,747.0,78.3
2016,Female,748.0,78.317
2016,Male,749.0,78.333
2016,Male,750.0,78.383
2016,Female,750.0,78.383
2016,Male,752.0,78.4
2016,Male,752.0,78.4
2016,Female,754.0,78.467
2016,Male,755.0,78.483
2016,Female,756.0,78.5
2016,Male,756.0,78.5
2016,Male,756.0,78.5
2016,Male,759.0,78.517
2016,Male,759.0,78.517
2016,Male,761.0,78.55
2016,Female,762.0,78.567
2016,Male,763.0,78.583
2016,Male,764.0,78.617
2016,Male,765.0,78.633
2016,Male,766.0,78.65
2016,Male,767.0,78.683
2016,Male,768.0,78.7
2016,Male,768.0,78.7
2016,Male,768.0,78.7
2016,Female,768.0,78.7
2016,Male,772.0,78.717
2016,Female,773.0,78.85
2016,Male,774.0,78.867
2016,Male,774.0,78.867
2016,Male,776.0,78.883
2016,Female,776.0,78.883
2016,Male,778.0,78.9
2016,Male,778.0,78.9
2016,Female,780.0,78.95
2016,Female,780.0,78.95
2016,Male,782.0,78.983
2016,Female,783.0,79.0
2016,Male,784.0,79.017
2016,Female,785.0,79.033
2016,Female,786.0,79.05
2016,Male,787.0,79.067
2016,Male,788.0,79.1
2016,Female,789.0,79.117
2016,Female,789.0,79.117
2016,Female,791.0,79.133
2016,Male,791.0,79.133
2016,Male,793.0,79.15
2016,Female,793.0,79.15
2016,Male,795.0,79.167
2016,Male,796.0,79.2
2016,Male,797.0,79.25
2016,Male,797.0,79.25
2016,Male,799.0,79.3
2016,Female,800.0,79.417
2016,Male,800.0,79.417
2016,Male,802.0,79.433
2016,Male,803.0,79.45
2016,Male,803.0,79.45
2016,Male,805.0,79.467
2016,Male,805.0,79.467
2016,Male,805.0,79.467
2016,Female,808.0,79.533
2016,Male,809.0,79.583
2016,Female,810.0,79.667
2016,Male,811.0,79.7
2016,Male,812.0,79.717
2016,Male,813.0,79.733
2016,Male,814.0,79.75
2016,Male,814.0,79.75
2016,Male,814.0,79.75
2016,Male,817.0,79.783
2016,Male,817.0,79.783
2016,Male,819.0,79.833
2016,Male,820.0,79.883
2016,Male,820.0,79.883
2016,Female,820.0,79.883
2016,Male,820.0,79.883
2016,Male,820.0,79.883
2016,Male,825.0,79.917
2016,Male,826.0,79.933
2016,Male,827.0,79.983
2016,Male,827.0,79.983
2016,Male,829.0,80.0
2016,Male,829.0,80.0
2016,Male,831.0,80.033
2016,Male,831.0,80.033
2016,Male,833.0,80.067
2016,Male,834.0,80.15
2016,Female,835.0,80.217
2016,Male,836.0,80.25
2016,Male,837.0,80.267
2016,Male,838.0,80.283
2016,Male,839.0,80.317
2016,Female,840.0,80.35
2016,Male,840.0,80.35
2016,Male,842.0,80.367
2016,Male,843.0,80.383
2016,Male,844.0,80.433
2016,Female,844.0,80.433
2016,Male,846.0,80.517
2016,Female,847.0,80.567
2016,Male,848.0,80.583
2016,Male,848.0,80.583
2016,Male,848.0,80.583
2016,Male,848.0,80.583
2016,Male,852.0,80.6
2016,Female,852.0,80.6
2016,Female,852.0,80.6
2016,Male,855.0,80.65
2016,Male,855.0,80.65
2016,Male,857.0,80.667
2016,Male,858.0,80.683
2016,Male,858.0,80.683
2016,Male,860.0,80.7
2016,Male,861.0,80.733
2016,Male,862.0,80.8
2016,Male,863.0,80.817
2016,Male,864.0,80.833
2016,Male,865.0,80.867
2016,Male,866.0,80.883
2016,Female,866.0,80.883
2016,Male,868.0,80.9
2016,Male,869.0,80.917
2016,Male,870.0,81.0
2016,Male,871.0,81.05
2016,Female,872.0,81.083
2016,Male,873.0,81.117
2016,Male,873.0,81.117
2016,Male,875.0,81.133
2016,Male,876.0,81.15
2016,Female,876.0,81.15
2016,Male,878.0,81.2
2016,Male,879.0,81.217
2016,Male,880.0,81.233
2016,Female,880.0,81.233
2016,Male,882.0,81.367
2016,Male,882.0,81.367
2016,Female,884.0,81.383
2016,Male,885.0,81.4
2016,Male,886.0,81.417
2016,Male,886.0,81.417
2016,Female,888.0,81.433
2016,Male,889.0,81.45
2016,Male,890.0,81.55
2016,Female,891.0,81.567
2016,Male,892.0,81.583
2016,Male,893.0,81.6
2016,Male,894.0,81.65
2016,Male,894.0,81.65
2016,Female,896.0,81.667
2016,Male,896.0,81.667
2016,Male,898.0,81.7
2016,Female,898.0,81.7
2016,Male,900.0,81.733
2016,Male,900.0,81.733
2016,Male,902.0,81.767
2016,Male,903.0,81.783
2016,Male,904.0,81.8
2016,Male,905.0,81.867
2016,Male,906.0,81.883
2016,Male,906.0,81.883
2016,Male,908.0,81.95
2016,Male,909.0,81.967
2016,Female,910.0,81.983
2016,Male,910.0,81.983
2016,Male,910.0,81.983
2016,Male,913.0,82.0
2016,Female,914.0,82.017
2016,Male,914.0,82.017
2016,Female,916.0,82.033
2016,Male,916.0,82.033
2016,Male,918.0,82.05
2016,Male,919.0,82.067
2016,Male,920.0,82.083
2016,Male,920.0,82.083
2016,Male,920.0,82.083
2016,Male,923.0,82.1
2016,Male,924.0,82.183
2016,Male,925.0,82.2
2016,Male,925.0,82.2
2016,Male,927.0,82.233
2016,Male,928.0,82.267
2016,Male,928.0,82.267
2016,Male,930.0,82.317
2016,Male,931.0,82.333
2016,Female,931.0,82.333
2016,Male,933.0,82.383
2016,Male,933.0,82.383
2016,Male,935.0,82.4
2016,Male,936.0,82.467
2016,Male,936.0,82.467
2016,Male,938.0,82.483
2016,Male,939.0,82.5
2016,Male,939.0,82.5
2016,Male,941.0,82.533
2016,Male,942.0,82.55
2016,Male,942.0,82.55
2016,Male,944.0,82.617
2016,Male,945.0,82.633
2016,Male,946.0,82.65
2016,Male,947.0,82.717
2016,Male,947.0,82.717
2016,Male,947.0,82.717
2016,Female,950.0,82.733
2016,Male,951.0,82.75
2016,Male,952.0,82.783
2016,Female,952.0,82.783
2016,Male,952.0,82.783
2016,Male,955.0,82.8
2016,Male,956.0,82.817
2016,Female,956.0,82.817
2016,Female,956.0,82.817
2016,Female,959.0,82.833
2016,Male,959.0,82.833
2016,Male,961.0,82.85
2016,Male,961.0,82.85
2016,Male,961.0,82.85
2016,Male,964.0,82.867
2016,Female,965.0,82.883
2016,Male,965.0,82.883
2016,Male,967.0,82.9
2016,Male,967.0,82.9
2016,Female,969.0,82.917
2016,Female,969.0,82.917
2016,Male,971.0,82.933
2016,Male,972.0,82.95
2016,Male,973.0,82.967
2016,Male,974.0,82.983
2016,Male,974.0,82.983
2016,Male,976.0,83.017
2016,Male,977.0,83.05
2016,Female,978.0,83.083
2016,Female,979.0,83.15
2016,Male,979.0,83.15
2016,Male,981.0,83.217
2016,Male,982.0,83.25
2016,Male,983.0,83.283
2016,Male,984.0,83.3
2016,Female,984.0,83.3
2016,Female,986.0,83.367
2016,Male,987.0,83.383
2016,Male,988.0,83.433
2016,Male,988.0,83.433
2016,Male,990.0,83.45
2016,Male,990.0,83.45
2016,Male,992.0,83.467
2016,Female,993.0,83.5
2016,Male,994.0,83.517
2016,Male,995.0,83.533
2016,Male,996.0,83.55
2016,Male,996.0,83.55
2016,Male,996.0,83.55
2016,Female,996.0,83.55
2016,Male,1000.0,83.617
2016,Female,1001.0,83.7
2016,Male,1002.0,83.733
2016,Male,1003.0,83.75
2016,Male,1004.0,83.817
2016,Male,1005.0,83.833
2016,Female,1005.0,83.833
2016,Male,1007.0,83.867
2016,Male,1007.0,83.867
2016,Female,1009.0,83.9
2016,Female,1010.0,83.917
2016,Female,1011.0,83.95
2016,Male,1012.0,84.0
2016,Male,1013.0,84.083
2016,Male,1014.0,84.117
2016,Male,1015.0,84.133
2016,Male,1015.0,84.133
2016,Male,1017.0,84.167
2016,Male,1018.0,84.183
2016,Male,1019.0,84.217
2016,Male,1020.0,84.233
2016,Male,1020.0,84.233
2016,Female,1022.0,84.283
2016,Male,1023.0,84.317
2016,Male,1024.0,84.333
2016,Female,1025.0,84.467
2016,Male,1026.0,84.5
2016,Male,1027.0,84.55
2016,Male,1027.0,84.55
2016,Male,1029.0,84.6
2016,Male,1030.0,84.617
2016,Female,1030.0,84.617
2016,Male,1032.0,84.667
2016,Female,1033.0,84.767
2016,Female,1034.0,84.8
2016,Male,1035.0,84.817
2016,Male,1036.0,84.867
2016,Female,1037.0,84.95
2016,Male,1037.0,84.95
2016,Male,1039.0,84.967
2016,Male,1039.0,84.967
2016,Male,1041.0,84.983
2016,Female,1042.0,85.017
2016,Male,1043.0,85.05
2016,Female,1044.0,85.117
2016,Male,1045.0,85.133
2016,Male,1046.0,85.2
2016,Female,1047.0,85.217
2016,Male,1048.0,85.333
2016,Male,1049.0,85.367
2016,Male,1049.0,85.367
2016,Male,1051.0,85.45
2016,Male,1052.0,85.5
2016,Female,1053.0,85.533
2016,Male,1053.0,85.533
2016,Female,1055.0,85.55
2016,Male,1056.0,85.583
2016,Female,1057.0,85.617
2016,Male,1057.0,85.617
2016,Female,1059.0,85.65
2016,Male,1059.0,85.65
2016,Female,1061.0,85.667
2016,Male,1062.0,85.7
2016,Male,1063.0,85.717
2016,Male,1063.0,85.717
2016,Male,1063.0,85.717
2016,Male,1063.0,85.717
2016,Male,1067.0,85.733
2016,Male,1067.0,85.733
2016,Male,1067.0,85.733
2016,Male,1070.0,85.75
2016,Male,1071.0,85.767
2016,Male,1072.0,85.8
2016,Female,1073.0,85.817
2016,Female,1073.0,85.817
2016,Male,1075.0,85.833
2016,Male,1076.0,85.967
2016,Male,1077.0,85.983
2016,Male,1078.0,86.0
2016,Female,1079.0,86.017
2016,Female,1080.0,86.033
2016,Male,1081.0,86.05
2016,Male,1081.0,86.05
2016,Male,1083.0,86.15
2016,Male,1084.0,86.167
2016,Male,1085.0,86.217
2016,Male,1086.0,86.25
2016,Male,1086.0,86.25
2016,Female,1088.0,86.3
2016,Male,1089.0,86.333
2016,Female,1089.0,86.333
2016,Male,1091.0,86.45
2016,Male,1092.0,86.483
2016,Male,1092.0,86.483
2016,Male,1094.0,86.517
2016,Male,1095.0,86.55
2016,Male,1096.0,86.567
2016,Male,1097.0,86.583
2016,Male,1097.0,86.583
2016,Male,1097.0,86.583
2016,Male,1097.0,86.583
2016,Male,1101.0,86.667
2016,Male,1101.0,86.667
2016,Male,1103.0,86.683
2016,Male,1104.0,86.7
2016,Female,1104.0,86.7
2016,Male,1106.0,86.733
2016,Male,1107.0,86.75
2016,Female,1108.0,86.8
2016,Male,1109.0,86.833
2016,Female,1109.0,86.833
2016,Female,1111.0,86.867
2016,Male,1112.0,86.883
2016,Male,1113.0,86.917
2016,Male,1114.0,86.933
2016,Male,1115.0,86.983
2016,Male,1116.0,87.0
2016,Male,1117.0,87.033
2016,Male,1118.0,87.067
2016,Male,1119.0,87.15
2016,Male,1119.0,87.15
2016,Male,1121.0,87.183
2016,Male,1122.0,87.233
2016,Female,1123.0,87.283
2016,Female,1124.0,87.317
2016,Male,1125.0,87.35
2016,Male,1126.0,87.367
2016,Male,1127.0,87.467
2016,Male,1128.0,87.483
2016,Male,1129.0,87.5
2016,Male,1130.0,87.533
2016,Male,1131.0,87.6
2016,Male,1132.0,87.633
2016,Male,1133.0,87.65
2016,Male,1134.0,87.667
2016,Male,1135.0,87.7
2016,Female,1136.0,87.717
2016,Female,1137.0,87.8
2016,Male,1138.0,87.817
2016,Male,1139.0,87.833
2016,Male,1139.0,87.833
2016,Male,1139.0,87.833
2016,Male,1142.0,87.867
2016,Male,1143.0,87.883
2016,Female,1144.0,87.9
2016,Male,1144.0,87.9
2016,Male,1146.0,87.933
2016,Male,1147.0,87.983
2016,Female,1148.0,88.0
2016,Female,1149.0,88.017
2016,Female,1149.0,88.017
2016,Male,1151.0,88.05
2016,Female,1152.0,88.167
2016,Male,1153.0,88.183
2016,Male,1153.0,88.183
2016,Male,1153.0,88.183
2016,Female,1156.0,88.217
2016,Male,1156.0,88.217
2016,Female,1158.0,88.283
2016,Male,1159.0,88.3
2016,Male,1159.0,88.3
2016,Female,1161.0,88.367
2016,Male,1162.0,88.383
2016,Male,1163.0,88.4
2016,Male,1163.0,88.4
2016,Male,1163.0,88.4
2016,Female,1166.0,88.417
2016,Male,1167.0,88.433
2016,Female,1168.0,88.467
2016,Male,1168.0,88.467
2016,Male,1170.0,88.5
2016,Female,1171.0,88.517
2016,Male,1172.0,88.567
2016,Female,1173.0,88.6
2016,Male,1174.0,88.617
2016,Female,1175.0,88.65
2016,Female,1176.0,88.7
2016,Male,1176.0,88.7
2016,Male,1178.0,88.767
2016,Male,1179.0,88.8
2016,Male,1179.0,88.8
2016,Male,1181.0,88.817
2016,Female,1182.0,88.967
2016,Female,1183.0,89.1
2016,Male,1184.0,89.15
2016,Male,1185.0,89.183
2016,Female,1186.0,89.217
2016,Male,1187.0,89.25
2016,Female,1188.0,89.267
2016,Male,1189.0,89.3
2016,Male,1190.0,89.333
2016,Male,1191.0,89.35
2016,Male,1192.0,89.4
2016,Male,1193.0,89.433
2016,Male,1193.0,89.433
2016,Female,1195.0,89.45
2016,Female,1195.0,89.45
2016,Male,1197.0,89.483
2016,Female,1197.0,89.483
2016,Female,1199.0,89.517
2016,Male,1199.0,89.517
2016,Male,1199.0,89.517
2016,Male,1202.0,89.567
2016,Male,1203.0,89.65
2016,Male,1203.0,89.65
2016,Male,1205.0,89.683
2016,Male,1206.0,89.7
2016,Male,1207.0,89.75
2016,Female,1208.0,89.8
2016,Male,1209.0,89.817
2016,Male,1210.0,89.883
2016,Male,1211.0,89.9
2016,Female,1212.0,89.917
2016,Male,1213.0,89.933
2016,Male,1214.0,90.017
2016,Male,1215.0,90.05
2016,Male,1216.0,90.067
2016,Male,1217.0,90.133
2016,Male,1217.0,90.133
2016,Male,1219.0,90.2
2016,Male,1220.0,90.233
2016,Male,1221.0,90.25
2016,Female,1222.0,90.3
2016,Male,1222.0,90.3
2016,Male,1224.0,90.333
2016,Female,1225.0,90.35
2016,Female,1225.0,90.35
2016,Male,1227.0,90.4
2016,Male,1228.0,90.433
2016,Female,1229.0,90.483
2016,Female,1230.0,90.5
2016,Female,1231.0,90.517
2016,Female,1232.0,90.55
2016,Male,1233.0,90.567
2016,Male,1233.0,90.567
2016,Male,1235.0,90.783
2016,Female,1236.0,90.8
2016,Female,1237.0,90.817
2016,Male,1238.0,90.85
2016,Female,1239.0,90.867
2016,Female,1240.0,90.883
2016,Male,1241.0,90.917
2016,Female,1242.0,91.0
2016,Male,1243.0,91.017
2016,Female,1244.0,91.067
2016,Female,1245.0,91.15
2016,Male,1246.0,91.2
2016,Male,1247.0,91.25
2016,Male,1248.0,91.283
2016,Male,1248.0,91.283
2016,Male,1250.0,91.317
2016,Male,1251.0,91.4
2016,Male,1252.0,91.433
2016,Male,1252.0,91.433
2016,Male,1254.0,91.45
2016,Male,1255.0,91.467
2016,Male,1256.0,91.517
2016,Male,1257.0,91.6
2016,Male,1258.0,91.617
2016,Female,1259.0,91.65
2016,Male,1260.0,91.7
2016,Male,1260.0,91.7
2016,Male,1262.0,91.717
2016,Male,1263.0,91.8
2016,Female,1264.0,92.017
2016,Male,1265.0,92.05
2016,Female,1266.0,92.067
2016,Female,1267.0,92.133
2016,Male,1268.0,92.15
2016,Male,1268.0,92.15
2016,Female,1270.0,92.167
2016,Female,1270.0,92.167
2016,Female,1272.0,92.183
2016,Male,1273.0,92.25
2016,Male,1274.0,92.267
2016,Male,1275.0,92.317
2016,Male,1276.0,92.333
2016,Male,1277.0,92.383
2016,Female,1278.0,92.4
2016,Male,1279.0,92.417
2016,Male,1280.0,92.433
2016,Male,1281.0,92.517
2016,Male,1282.0,92.55
2016,Male,1283.0,92.617
2016,Male,1284.0,92.817
2016,Male,1285.0,92.833
2016,Female,1285.0,92.833
2016,Male,1287.0,92.917
2016,Male,1288.0,92.95
2016,Male,1289.0,93.0
2016,Male,1289.0,93.0
2016,Male,1291.0,93.017
2016,Female,1292.0,93.083
2016,Female,1293.0,93.117
2016,Male,1294.0,93.183
2016,Male,1295.0,93.2
2016,Male,1296.0,93.233
2016,Male,1297.0,93.25
2016,Male,1297.0,93.25
2016,Female,1299.0,93.383
2016,Female,1300.0,93.417
2016,Male,1300.0,93.417
2016,Male,1302.0,93.483
2016,Male,1303.0,93.583
2016,Female,1303.0,93.583
2016,Female,1305.0,93.6
2016,Male,1306.0,93.617
2016,Male,1307.0,93.717
2016,Male,1308.0,93.733
2016,Female,1308.0,93.733
2016,Female,1308.0,93.733
2016,Female,1311.0,93.917
2016,Female,1312.0,93.967
2016,Female,1313.0,94.033
2016,Female,1314.0,94.067
2016,Female,1315.0,94.167
2016,Male,1316.0,94.2
2016,Male,1317.0,94.25
2016,Female,1318.0,94.3
2016,Female,1319.0,94.333
2016,Female,1320.0,94.367
2016,Female,1321.0,94.433
2016,Female,1322.0,94.467
2016,Female,1323.0,94.483
2016,Female,1323.0,94.483
2016,Female,1323.0,94.483
2016,Male,1326.0,94.5
2016,Male,1327.0,94.517
2016,Male,1328.0,94.567
2016,Female,1329.0,94.583
2016,Male,1330.0,94.6
2016,Male,1331.0,94.633
2016,Male,1332.0,94.65
2016,Male,1333.0,94.7
2016,Male,1334.0,94.733
2016,Male,1335.0,94.8
2016,Male,1336.0,94.85
2016,Female,1337.0,94.9
2016,Female,1338.0,95.067
2016,Female,1339.0,95.117
2016,Male,1339.0,95.117
2016,Male,1341.0,95.133
2016,Male,1342.0,95.2
2016,Male,1343.0,95.4
2016,Male,1343.0,95.4
2016,Male,1345.0,95.467
2016,Male,1346.0,95.55
2016,Female,1347.0,95.667
2016,Male,1348.0,95.683
2016,Female,1349.0,95.717
2016,Female,1350.0,95.95
2016,Female,1351.0,96.05
2016,Female,1352.0,96.067
2016,Female,1353.0,96.083
2016,Male,1354.0,96.2
2016,Female,1355.0,96.233
2016,Male,1355.0,96.233
2016,Female,1357.0,96.283
2016,Female,1358.0,96.367
2016,Male,1359.0,96.433
2016,Male,1360.0,96.45
2016,Male,1361.0,96.5
2016,Female,1362.0,96.6
2016,Male,1363.0,96.817
2016,Male,1364.0,96.933
2016,Male,1365.0,96.983
2016,Male,1366.0,97.083
2016,Female,1367.0,97.1
2016,Male,1367.0,97.1
2016,Male,1369.0,97.15
2016,Female,1370.0,97.267
2016,Female,1371.0,97.333
2016,Male,1372.0,97.35
2016,Female,1373.0,97.367
2016,Male,1373.0,97.367
2016,Male,1375.0,97.383
2016,Male,1376.0,97.45
2016,Male,1377.0,97.483
2016,Male,1378.0,97.5
2016,Male,1379.0,97.55
2016,Male,1380.0,97.583
2016,Male,1381.0,97.6
2016,Male,1382.0,97.833
2016,Male,1383.0,97.867
2016,Male,1384.0,97.917
2016,Female,1385.0,98.0
2016,Male,1386.0,98.05
2016,Male,1387.0,98.083
2016,Female,1388.0,98.517
2016,Female,1389.0,98.533
2016,Male,1390.0,98.667
2016,Female,1391.0,98.717
2016,Male,1392.0,98.767
2016,Male,1393.0,98.917
2016,Male,1394.0,98.95
2016,Female,1395.0,99.017
2016,Female,1396.0,99.067
2016,Female,1396.0,99.067
2016,Male,1398.0,99.1
2016,Female,1399.0,99.317
2016,Male,1400.0,99.4
2016,Female,1401.0,99.5
2016,Female,1402.0,99.55
2016,Male,1402.0,99.55
2016,Male,1404.0,99.583
2016,Male,1405.0,99.717
2016,Male,1405.0,99.717
2016,Male,1407.0,99.75
2016,Female,1408.0,99.95
2016,Male,1409.0,99.983
2016,Female,1410.0,100.05
2016,Male,1411.0,100.067
2016,Male,1412.0,100.1
2016,Female,1413.0,100.183
2016,Male,1414.0,100.233
2016,Male,1415.0,100.25
2016,Male,1416.0,100.317
2016,Male,1417.0,100.333
2016,Male,1418.0,100.367
2016,Male,1419.0,100.4
2016,Female,1419.0,100.4
2016,Female,1421.0,100.433
2016,Male,1422.0,100.483
2016,Female,1423.0,100.533
2016,Male,1424.0,100.617
2016,Male,1425.0,100.767
2016,Male,1426.0,100.85
2016,Male,1427.0,100.9
2016,Male,1427.0,100.9
2016,Male,1427.0,100.9
2016,Male,1430.0,100.95
2016,Male,1431.0,101.283
2016,Male,1432.0,101.417
2016,Male,1433.0,101.433
2016,Male,1434.0,101.55
2016,Female,1435.0,101.583
2016,Male,1436.0,101.7
2016,Female,1437.0,101.75
2016,Male,1438.0,102.133
2016,Male,1439.0,102.183
2016,Male,1440.0,102.267
2016,Male,1441.0,102.333
2016,Male,1442.0,102.517
2016,Female,1443.0,102.617
2016,Male,1444.0,102.65
2016,Male,1445.0,102.767
2016,Male,1446.0,102.783
2016,Male,1447.0,102.917
2016,Male,1448.0,103.033
2016,Male,1449.0,103.4
2016,Male,1450.0,103.45
2016,Male,1451.0,103.967
2016,Female,1452.0,104.183
2016,Male,1452.0,104.183
2016,Female,1454.0,104.2
2016,Male,1455.0,104.383
2016,Female,1456.0,104.667
2016,Male,1457.0,104.75
2016,Male,1458.0,104.783
2016,Female,1459.0,105.017
2016,Male,1460.0,105.033
2016,Female,1461.0,105.083
2016,Male,1462.0,105.25
2016,Male,1463.0,105.783
2016,Female,1464.0,105.883
2016,Female,1465.0,105.917
2016,Female,1466.0,105.933
2016,Female,1467.0,105.95
2016,Female,1468.0,106.15
2016,Male,1469.0,106.3
2016,Male,1470.0,106.483
2016,Male,1471.0,106.733
2016,Male,1472.0,106.95
2016,Male,1473.0,106.967
2016,Female,1474.0,107.1
2016,Male,1475.0,107.333
2016,Male,1476.0,107.633
2016,Male,1477.0,107.667
2016,Male,1478.0,108.183
2016,Female,1479.0,108.583
2016,Female,1480.0,108.767
2016,Male,1481.0,109.117
2016,Male,1482.0,109.183
2016,Male,1483.0,109.383
2016,Male,1484.0,110.95
2016,Male,1485.0,112.3
2016,Male,1486.0,113.083
2016,Male,1487.0,114.95
2016,Female,1488.0,115.017
2016,Male,1489.0,115.15
2016,Male,1490.0,115.3
2016,Male,1491.0,116.133
2016,Male,1492.0,116.567
2016,Female,1493.0,117.133
2016,Male,1494.0,117.45
2016,Male,1495.0,118.017
2016,Female,1496.0,119.017
2016,Female,1497.0,119.55
2016,Female,1498.0,121.517
2016,Female,1499.0,123.733
2016,Male,1500.0,124.6
2016,Male,1501.0,128.65
2016,Male,1502.0,129.167
2016,Male,1503.0,129.767
2016,Male,1504.0,137.317
2016,Male,1505.0,139.517
2017,Male,1.0,50.967
2017,Male,2.0,52.35
2017,Male,3.0,52.383
2017,Male,4.0,52.767
2017,Male,5.0,53.517
2017,Male,6.0,54.083
2017,Male,10.0,55.4
2017,Male,11.0,55.5
2017,Male,12.0,55.6
2017,Male,14.0,55.85
2017,Male,15.0,55.95
2017,Male,16.0,56.267
2017,Male,17.0,56.633
2017,Male,18.0,56.817
2017,Male,18.0,56.817
2017,Male,20.0,56.883
2017,Male,21.0,57.133
2017,Male,22.0,57.567
2017,Male,23.0,57.667
2017,Male,24.0,57.7
2017,Male,25.0,57.783
2017,Male,26.0,57.8
2017,Male,27.0,58.117
2017,Male,30.0,58.367
2017,Male,31.0,58.417
2017,Male,32.0,58.517
2017,Male,33.0,58.633
2017,Male,34.0,58.667
2017,Male,35.0,58.767
2017,Male,36.0,58.967
2017,Male,37.0,59.017
2017,Male,38.0,59.083
2017,Male,39.0,59.133
2017,Male,40.0,59.467
2017,Male,41.0,59.567
2017,Male,42.0,59.583
2017,Male,43.0,59.7
2017,Male,44.0,59.75
2017,Male,46.0,59.917
2017,Male,47.0,59.95
2017,Male,48.0,59.967
2017,Male,49.0,60.0
2017,Male,50.0,60.05
2017,Male,51.0,60.283
2017,Male,52.0,60.317
2017,Male,53.0,60.35
2017,Male,54.0,60.417
2017,Male,56.0,60.5
2017,Male,57.0,60.517
2017,Male,58.0,60.65
2017,Male,58.0,60.65
2017,Male,60.0,60.667
2017,Male,61.0,60.817
2017,Male,63.0,61.183
2017,Male,64.0,61.25
2017,Male,65.0,61.367
2017,Male,66.0,61.45
2017,Male,67.0,61.483
2017,Male,68.0,61.783
2017,Male,68.0,61.783
2017,Male,71.0,61.883
2017,Male,71.0,61.883
2017,Male,73.0,61.95
2017,Male,74.0,61.967
2017,Male,74.0,61.967
2017,Male,74.0,61.967
2017,Male,78.0,62.05
2017,Male,79.0,62.067
2017,Male,80.0,62.083
2017,Male,81.0,62.1
2017,Male,83.0,62.167
2017,Male,84.0,62.183
2017,Male,86.0,62.333
2017,Male,87.0,62.417
2017,Male,88.0,62.433
2017,Male,90.0,62.5
2017,Male,92.0,62.567
2017,Male,93.0,62.6
2017,Male,94.0,62.667
2017,Male,95.0,62.767
2017,Male,96.0,62.833
2017,Male,97.0,62.867
2017,Male,98.0,62.883
2017,Male,99.0,62.95
2017,Male,100.0,63.017
2017,Male,101.0,63.217
2017,Male,101.0,63.217
2017,Male,104.0,63.283
2017,Male,106.0,63.383
2017,Male,107.0,63.4
2017,Male,108.0,63.417
2017,Male,109.0,63.433
2017,Male,111.0,63.567
2017,Male,112.0,63.6
2017,Male,113.0,63.633
2017,Male,116.0,63.7
2017,Male,118.0,63.75
2017,Male,120.0,63.8
2017,Male,121.0,63.833
2017,Male,122.0,63.883
2017,Male,123.0,63.917
2017,Male,123.0,63.917
2017,Male,126.0,64.033
2017,Male,127.0,64.05
2017,Male,128.0,64.083
2017,Male,129.0,64.1
2017,Male,129.0,64.1
2017,Male,131.0,64.117
2017,Male,132.0,64.183
2017,Male,133.0,64.267
2017,Male,136.0,64.467
2017,Male,137.0,64.483
2017,Male,138.0,64.5
2017,Male,138.0,64.5
2017,Male,140.0,64.533
2017,Male,141.0,64.55
2017,Male,142.0,64.567
2017,Male,143.0,64.65
2017,Male,145.0,64.7
2017,Male,145.0,64.7
2017,Male,147.0,64.783
2017,Male,149.0,64.8
2017,Male,150.0,64.883
2017,Male,152.0,64.983
2017,Male,152.0,64.983
2017,Male,154.0,65.017
2017,Male,156.0,65.083
2017,Male,157.0,65.1
2017,Male,158.0,65.117
2017,Male,158.0,65.117
2017,Male,160.0,65.15
2017,Male,161.0,65.233
2017,Male,162.0,65.267
2017,Male,163.0,65.3
2017,Male,165.0,65.317
2017,Male,165.0,65.317
2017,Male,167.0,65.35
2017,Male,168.0,65.383
2017,Male,169.0,65.433
2017,Male,171.0,65.5
2017,Male,172.0,65.583
2017,Male,173.0,65.717
2017,Male,174.0,65.733
2017,Male,175.0,65.783
2017,Male,176.0,65.817
2017,Male,178.0,65.85
2017,Male,179.0,65.883
2017,Male,180.0,65.9
2017,Male,183.0,65.983
2017,Male,184.0,66.0
2017,Male,186.0,66.017
2017,Male,187.0,66.033
2017,Male,189.0,66.1
2017,Male,192.0,66.183
2017,Male,193.0,66.2
2017,Male,195.0,66.317
2017,Male,196.0,66.35
2017,Male,197.0,66.367
2017,Male,198.0,66.4
2017,Male,199.0,66.417
2017,Male,199.0,66.417
2017,Male,201.0,66.483
2017,Male,202.0,66.55
2017,Male,204.0,66.617
2017,Male,206.0,66.633
2017,Male,208.0,66.7
2017,Male,210.0,66.75
2017,Male,211.0,66.767
2017,Male,212.0,66.833
2017,Male,213.0,66.85
2017,Male,214.0,66.867
2017,Male,215.0,66.883
2017,Male,216.0,66.917
2017,Male,217.0,66.95
2017,Male,217.0,66.95
2017,Male,217.0,66.95
2017,Male,220.0,66.967
2017,Male,221.0,67.033
2017,Male,222.0,67.15
2017,Male,223.0,67.167
2017,Male,223.0,67.167
2017,Male,223.0,67.167
2017,Male,227.0,67.25
2017,Male,228.0,67.267
2017,Male,229.0,67.283
2017,Male,230.0,67.317
2017,Male,230.0,67.317
2017,Male,232.0,67.4
2017,Male,233.0,67.417
2017,Male,235.0,67.45
2017,Male,236.0,67.483
2017,Male,236.0,67.483
2017,Male,238.0,67.533
2017,Male,238.0,67.533
2017,Male,238.0,67.533
2017,Male,241.0,67.583
2017,Male,241.0,67.583
2017,Male,243.0,67.6
2017,Male,245.0,67.65
2017,Male,245.0,67.65
2017,Male,247.0,67.667
2017,Male,251.0,67.783
2017,Male,252.0,67.833
2017,Male,252.0,67.833
2017,Male,255.0,67.95
2017,Male,258.0,68.033
2017,Male,259.0,68.067
2017,Male,262.0,68.083
2017,Male,262.0,68.083
2017,Male,262.0,68.083
2017,Male,265.0,68.1
2017,Male,265.0,68.1
2017,Male,267.0,68.117
2017,Male,270.0,68.2
2017,Male,271.0,68.267
2017,Male,272.0,68.317
2017,Male,272.0,68.317
2017,Male,272.0,68.317
2017,Male,275.0,68.35
2017,Male,276.0,68.367
2017,Male,278.0,68.433
2017,Male,280.0,68.45
2017,Male,281.0,68.467
2017,Male,283.0,68.483
2017,Male,284.0,68.5
2017,Male,286.0,68.55
2017,Male,287.0,68.567
2017,Male,287.0,68.567
2017,Male,287.0,68.567
2017,Male,290.0,68.617
2017,Male,291.0,68.633
2017,Male,291.0,68.633
2017,Male,294.0,68.65
2017,Male,294.0,68.65
2017,Male,294.0,68.65
2017,Male,297.0,68.7
2017,Male,298.0,68.75
2017,Male,299.0,68.767
2017,Male,300.0,68.783
2017,Male,301.0,68.817
2017,Male,301.0,68.817
2017,Male,304.0,68.833
2017,Male,304.0,68.833
2017,Male,304.0,68.833
2017,Male,304.0,68.833
2017,Male,308.0,68.867
2017,Male,309.0,68.883
2017,Male,311.0,68.917
2017,Male,311.0,68.917
2017,Male,311.0,68.917
2017,Male,315.0,68.95
2017,Male,316.0,68.983
2017,Male,318.0,69.0
2017,Male,318.0,69.0
2017,Male,321.0,69.017
2017,Male,322.0,69.05
2017,Male,322.0,69.05
2017,Male,324.0,69.083
2017,Male,324.0,69.083
2017,Male,326.0,69.1
2017,Male,326.0,69.1
2017,Male,328.0,69.117
2017,Male,330.0,69.133
2017,Male,332.0,69.15
2017,Male,333.0,69.167
2017,Male,334.0,69.183
2017,Male,334.0,69.183
2017,Male,337.0,69.217
2017,Male,337.0,69.217
2017,Male,340.0,69.267
2017,Male,340.0,69.267
2017,Male,342.0,69.317
2017,Male,343.0,69.367
2017,Male,344.0,69.383
2017,Male,345.0,69.4
2017,Male,346.0,69.417
2017,Male,350.0,69.483
2017,Male,350.0,69.483
2017,Male,353.0,69.517
2017,Male,353.0,69.517
2017,Male,353.0,69.517
2017,Male,357.0,69.533
2017,Male,357.0,69.533
2017,Male,359.0,69.55
2017,Male,359.0,69.55
2017,Male,362.0,69.6
2017,Male,363.0,69.617
2017,Male,363.0,69.617
2017,Male,363.0,69.617
2017,Male,363.0,69.617
2017,Male,367.0,69.633
2017,Male,368.0,69.7
2017,Male,368.0,69.7
2017,Male,368.0,69.7
2017,Male,371.0,69.717
2017,Male,372.0,69.733
2017,Male,372.0,69.733
2017,Male,374.0,69.8
2017,Male,374.0,69.8
2017,Male,374.0,69.8
2017,Male,374.0,69.8
2017,Male,374.0,69.8
2017,Male,379.0,69.833
2017,Male,379.0,69.833
2017,Male,379.0,69.833
2017,Male,382.0,69.867
2017,Male,382.0,69.867
2017,Male,382.0,69.867
2017,Male,385.0,69.9
2017,Male,386.0,69.917
2017,Male,387.0,69.95
2017,Male,387.0,69.95
2017,Male,389.0,69.983
2017,Male,391.0,70.0
2017,Male,391.0,70.0
2017,Male,393.0,70.017
2017,Male,393.0,70.017
2017,Male,396.0,70.033
2017,Male,397.0,70.05
2017,Male,397.0,70.05
2017,Male,397.0,70.05
2017,Male,402.0,70.067
2017,Male,403.0,70.083
2017,Male,404.0,70.117
2017,Male,405.0,70.167
2017,Male,405.0,70.167
2017,Male,410.0,70.217
2017,Male,410.0,70.217
2017,Male,412.0,70.283
2017,Male,412.0,70.283
2017,Male,414.0,70.333
2017,Male,415.0,70.35
2017,Male,417.0,70.383
2017,Male,417.0,70.383
2017,Male,417.0,70.383
2017,Male,420.0,70.4
2017,Male,420.0,70.4
2017,Male,422.0,70.417
2017,Male,422.0,70.417
2017,Male,422.0,70.417
2017,Male,426.0,70.433
2017,Male,427.0,70.45
2017,Male,427.0,70.45
2017,Male,429.0,70.467
2017,Male,431.0,70.483
2017,Male,431.0,70.483
2017,Male,433.0,70.517
2017,Male,434.0,70.55
2017,Male,434.0,70.55
2017,Male,436.0,70.567
2017,Male,436.0,70.567
2017,Male,439.0,70.583
2017,Male,440.0,70.6
2017,Male,440.0,70.6
2017,Male,442.0,70.617
2017,Male,443.0,70.633
2017,Male,443.0,70.633
2017,Male,443.0,70.633
2017,Male,443.0,70.633
2017,Male,450.0,70.65
2017,Male,450.0,70.65
2017,Male,455.0,70.667
2017,Male,455.0,70.667
2017,Male,457.0,70.683
2017,Male,457.0,70.683
2017,Male,457.0,70.683
2017,Male,460.0,70.7
2017,Male,462.0,70.733
2017,Male,463.0,70.75
2017,Male,463.0,70.75
2017,Male,465.0,70.783
2017,Male,465.0,70.783
2017,Male,467.0,70.85
2017,Male,468.0,70.867
2017,Male,469.0,70.9
2017,Male,469.0,70.9
2017,Male,469.0,70.9
2017,Male,472.0,70.917
2017,Male,472.0,70.917
2017,Male,472.0,70.917
2017,Male,472.0,70.917
2017,Male,472.0,70.917
2017,Male,472.0,70.917
2017,Male,478.0,70.933
2017,Male,478.0,70.933
2017,Male,480.0,70.95
2017,Male,480.0,70.95
2017,Male,486.0,71.0
2017,Male,487.0,71.033
2017,Male,487.0,71.033
2017,Male,487.0,71.033
2017,Male,491.0,71.05
2017,Male,491.0,71.05
2017,Male,491.0,71.05
2017,Male,491.0,71.05
2017,Male,491.0,71.05
2017,Male,497.0,71.117
2017,Male,499.0,71.133
2017,Male,499.0,71.133
2017,Male,499.0,71.133
2017,Male,502.0,71.167
2017,Male,503.0,71.183
2017,Male,505.0,71.2
2017,Male,505.0,71.2
2017,Male,505.0,71.2
2017,Male,508.0,71.217
2017,Male,509.0,71.233
2017,Male,509.0,71.233
2017,Male,509.0,71.233
2017,Male,512.0,71.25
2017,Male,512.0,71.25
2017,Male,514.0,71.267
2017,Male,515.0,71.283
2017,Male,515.0,71.283
2017,Male,515.0,71.283
2017,Male,518.0,71.3
2017,Male,518.0,71.3
2017,Male,521.0,71.317
2017,Male,521.0,71.317
2017,Male,521.0,71.317
2017,Male,524.0,71.333
2017,Male,524.0,71.333
2017,Male,526.0,71.367
2017,Male,526.0,71.367
2017,Male,528.0,71.383
2017,Male,529.0,71.4
2017,Male,530.0,71.417
2017,Male,531.0,71.433
2017,Male,532.0,71.45
2017,Male,533.0,71.467
2017,Male,534.0,71.483
2017,Male,534.0,71.483
2017,Male,534.0,71.483
2017,Male,534.0,71.483
2017,Male,538.0,71.5
2017,Male,538.0,71.5
2017,Male,540.0,71.517
2017,Male,540.0,71.517
2017,Male,542.0,71.533
2017,Male,542.0,71.533
2017,Male,544.0,71.55
2017,Male,546.0,71.567
2017,Male,548.0,71.583
2017,Male,549.0,71.6
2017,Male,549.0,71.6
2017,Male,549.0,71.6
2017,Male,552.0,71.617
2017,Male,554.0,71.667
2017,Male,554.0,71.667
2017,Male,556.0,71.683
2017,Male,556.0,71.683
2017,Male,556.0,71.683
2017,Male,556.0,71.683
2017,Male,560.0,71.7
2017,Male,560.0,71.7
2017,Male,560.0,71.7
2017,Male,560.0,71.7
2017,Male,564.0,71.717
2017,Male,564.0,71.717
2017,Male,566.0,71.75
2017,Male,568.0,71.767
2017,Male,569.0,71.783
2017,Male,569.0,71.783
2017,Male,569.0,71.783
2017,Male,572.0,71.817
2017,Male,572.0,71.817
2017,Male,574.0,71.85
2017,Male,575.0,71.867
2017,Male,575.0,71.867
2017,Male,577.0,71.883
2017,Male,578.0,71.9
2017,Male,579.0,71.917
2017,Male,579.0,71.917
2017,Male,582.0,71.95
2017,Male,582.0,71.95
2017,Male,582.0,71.95
2017,Male,585.0,71.967
2017,Male,588.0,72.017
2017,Male,588.0,72.017
2017,Male,588.0,72.017
2017,Male,588.0,72.017
2017,Male,592.0,72.033
2017,Male,594.0,72.05
2017,Male,595.0,72.067
2017,Male,596.0,72.083
2017,Male,597.0,72.1
2017,Male,598.0,72.15
2017,Male,598.0,72.15
2017,Male,600.0,72.183
2017,Male,601.0,72.2
2017,Male,602.0,72.217
2017,Male,603.0,72.233
2017,Male,604.0,72.25
2017,Male,605.0,72.267
2017,Male,605.0,72.267
2017,Male,605.0,72.267
2017,Male,610.0,72.3
2017,Male,610.0,72.3
2017,Male,610.0,72.3
2017,Male,610.0,72.3
2017,Male,610.0,72.3
2017,Male,616.0,72.317
2017,Male,616.0,72.317
2017,Male,616.0,72.317
2017,Male,619.0,72.35
2017,Male,619.0,72.35
2017,Male,621.0,72.367
2017,Male,623.0,72.4
2017,Male,623.0,72.4
2017,Male,623.0,72.4
2017,Male,626.0,72.417
2017,Male,629.0,72.433
2017,Male,629.0,72.433
2017,Male,633.0,72.45
2017,Male,633.0,72.45
2017,Male,635.0,72.483
2017,Male,637.0,72.5
2017,Male,639.0,72.517
2017,Male,639.0,72.517
2017,Male,639.0,72.517
2017,Male,643.0,72.533
2017,Male,644.0,72.55
2017,Male,644.0,72.55
2017,Male,644.0,72.55
2017,Male,647.0,72.567
2017,Male,647.0,72.567
2017,Male,649.0,72.583
2017,Male,649.0,72.583
2017,Male,652.0,72.6
2017,Male,652.0,72.6
2017,Male,652.0,72.6
2017,Male,655.0,72.617
2017,Male,655.0,72.617
2017,Male,658.0,72.65
2017,Male,658.0,72.65
2017,Male,662.0,72.683
2017,Male,663.0,72.7
2017,Male,663.0,72.7
2017,Male,665.0,72.717
2017,Male,665.0,72.717
2017,Male,665.0,72.717
2017,Male,668.0,72.733
2017,Male,670.0,72.75
2017,Male,670.0,72.75
2017,Male,672.0,72.767
2017,Male,672.0,72.767
2017,Male,675.0,72.783
2017,Male,675.0,72.783
2017,Male,675.0,72.783
2017,Male,679.0,72.8
2017,Male,679.0,72.8
2017,Male,681.0,72.833
2017,Male,682.0,72.85
2017,Male,684.0,72.867
2017,Male,684.0,72.867
2017,Male,687.0,72.883
2017,Male,690.0,72.9
2017,Male,691.0,72.933
2017,Male,693.0,72.95
2017,Male,693.0,72.95
2017,Male,695.0,72.967
2017,Male,695.0,72.967
2017,Male,695.0,72.967
2017,Male,695.0,72.967
2017,Male,699.0,72.983
2017,Male,699.0,72.983
2017,Male,699.0,72.983
2017,Male,702.0,73.0
2017,Male,703.0,73.017
2017,Male,703.0,73.017
2017,Male,705.0,73.05
2017,Male,706.0,73.067
2017,Male,707.0,73.083
2017,Male,707.0,73.083
2017,Male,710.0,73.1
2017,Male,711.0,73.117
2017,Male,711.0,73.117
2017,Male,713.0,73.133
2017,Male,713.0,73.133
2017,Male,713.0,73.133
2017,Male,713.0,73.133
2017,Male,718.0,73.15
2017,Male,718.0,73.15
2017,Male,721.0,73.167
2017,Male,722.0,73.183
2017,Male,722.0,73.183
2017,Male,724.0,73.2
2017,Male,724.0,73.2
2017,Male,726.0,73.217
2017,Male,726.0,73.217
2017,Male,728.0,73.233
2017,Male,729.0,73.25
2017,Male,732.0,73.283
2017,Male,734.0,73.3
2017,Male,734.0,73.3
2017,Male,734.0,73.3
2017,Male,737.0,73.317
2017,Male,737.0,73.317
2017,Male,739.0,73.333
2017,Male,739.0,73.333
2017,Male,739.0,73.333
2017,Male,739.0,73.333
2017,Male,743.0,73.35
2017,Male,743.0,73.35
2017,Male,745.0,73.367
2017,Male,746.0,73.383
2017,Male,746.0,73.383
2017,Male,748.0,73.4
2017,Male,748.0,73.4
2017,Male,748.0,73.4
2017,Male,748.0,73.4
2017,Male,752.0,73.417
2017,Male,753.0,73.433
2017,Male,754.0,73.483
2017,Male,754.0,73.483
2017,Male,756.0,73.533
2017,Male,758.0,73.55
2017,Male,758.0,73.55
2017,Male,760.0,73.567
2017,Male,761.0,73.583
2017,Male,761.0,73.583
2017,Male,761.0,73.583
2017,Male,765.0,73.6
2017,Male,766.0,73.617
2017,Male,766.0,73.617
2017,Male,766.0,73.617
2017,Male,770.0,73.633
2017,Male,770.0,73.633
2017,Male,772.0,73.65
2017,Male,773.0,73.667
2017,Male,773.0,73.667
2017,Male,775.0,73.683
2017,Male,775.0,73.683
2017,Male,777.0,73.7
2017,Male,779.0,73.733
2017,Male,781.0,73.767
2017,Male,781.0,73.767
2017,Male,781.0,73.767
2017,Male,785.0,73.783
2017,Male,785.0,73.783
2017,Male,788.0,73.817
2017,Male,789.0,73.833
2017,Male,791.0,73.867
2017,Male,791.0,73.867
2017,Male,791.0,73.867
2017,Male,796.0,73.883
2017,Male,798.0,73.917
2017,Male,799.0,73.933
2017,Male,802.0,73.967
2017,Male,802.0,73.967
2017,Male,805.0,73.983
2017,Male,806.0,74.0
2017,Male,806.0,74.0
2017,Male,808.0,74.017
2017,Male,809.0,74.05
2017,Male,810.0,74.067
2017,Male,811.0,74.083
2017,Male,812.0,74.1
2017,Male,813.0,74.117
2017,Male,813.0,74.117
2017,Male,815.0,74.133
2017,Male,815.0,74.133
2017,Male,815.0,74.133
2017,Male,818.0,74.15
2017,Male,820.0,74.167
2017,Male,820.0,74.167
2017,Male,820.0,74.167
2017,Male,823.0,74.183
2017,Male,823.0,74.183
2017,Male,825.0,74.2
2017,Male,825.0,74.2
2017,Male,828.0,74.217
2017,Male,829.0,74.233
2017,Male,829.0,74.233
2017,Male,831.0,74.25
2017,Male,833.0,74.267
2017,Male,833.0,74.267
2017,Male,835.0,74.283
2017,Male,835.0,74.283
2017,Male,839.0,74.3
2017,Male,839.0,74.3
2017,Male,839.0,74.3
2017,Male,842.0,74.333
2017,Male,844.0,74.35
2017,Male,845.0,74.367
2017,Male,845.0,74.367
2017,Male,845.0,74.367
2017,Male,848.0,74.383
2017,Male,848.0,74.383
2017,Male,848.0,74.383
2017,Male,848.0,74.383
2017,Male,852.0,74.4
2017,Male,854.0,74.417
2017,Male,854.0,74.417
2017,Male,857.0,74.45
2017,Male,858.0,74.467
2017,Male,858.0,74.467
2017,Male,860.0,74.483
2017,Male,860.0,74.483
2017,Male,862.0,74.5
2017,Male,862.0,74.5
2017,Male,862.0,74.5
2017,Male,862.0,74.5
2017,Male,866.0,74.533
2017,Male,866.0,74.533
2017,Male,868.0,74.55
2017,Male,869.0,74.567
2017,Male,869.0,74.567
2017,Male,869.0,74.567
2017,Male,872.0,74.583
2017,Male,872.0,74.583
2017,Male,872.0,74.583
2017,Male,875.0,74.6
2017,Male,875.0,74.6
2017,Male,875.0,74.6
2017,Male,875.0,74.6
2017,Male,880.0,74.617
2017,Male,882.0,74.633
2017,Male,882.0,74.633
2017,Male,885.0,74.65
2017,Male,886.0,74.667
2017,Male,886.0,74.667
2017,Male,886.0,74.667
2017,Male,890.0,74.683
2017,Male,891.0,74.7
2017,Male,891.0,74.7
2017,Male,893.0,74.717
2017,Male,893.0,74.717
2017,Male,893.0,74.717
2017,Male,896.0,74.733
2017,Male,896.0,74.733
2017,Male,898.0,74.75
2017,Male,898.0,74.75
2017,Male,898.0,74.75
2017,Male,902.0,74.767
2017,Male,902.0,74.767
2017,Male,902.0,74.767
2017,Male,907.0,74.8
2017,Male,908.0,74.817
2017,Male,909.0,74.833
2017,Male,911.0,74.85
2017,Male,913.0,74.867
2017,Male,915.0,74.883
2017,Male,916.0,74.9
2017,Male,917.0,74.95
2017,Male,917.0,74.95
2017,Male,917.0,74.95
2017,Male,920.0,75.0
2017,Male,920.0,75.0
2017,Male,920.0,75.0
2017,Male,923.0,75.017
2017,Male,925.0,75.067
2017,Male,925.0,75.067
2017,Male,927.0,75.083
2017,Male,927.0,75.083
2017,Male,927.0,75.083
2017,Male,930.0,75.1
2017,Male,930.0,75.1
2017,Male,932.0,75.133
2017,Male,932.0,75.133
2017,Male,937.0,75.167
2017,Male,937.0,75.167
2017,Male,939.0,75.2
2017,Male,940.0,75.25
2017,Male,940.0,75.25
2017,Male,942.0,75.283
2017,Male,944.0,75.317
2017,Male,945.0,75.333
2017,Male,947.0,75.35
2017,Male,947.0,75.35
2017,Male,949.0,75.367
2017,Male,950.0,75.4
2017,Male,951.0,75.417
2017,Male,951.0,75.417
2017,Male,954.0,75.433
2017,Male,954.0,75.433
2017,Male,956.0,75.45
2017,Male,956.0,75.45
2017,Male,959.0,75.467
2017,Male,961.0,75.517
2017,Male,962.0,75.533
2017,Male,963.0,75.55
2017,Male,963.0,75.55
2017,Male,963.0,75.55
2017,Male,966.0,75.567
2017,Male,966.0,75.567
2017,Male,969.0,75.583
2017,Male,970.0,75.6
2017,Male,970.0,75.6
2017,Male,970.0,75.6
2017,Male,970.0,75.6
2017,Male,974.0,75.617
2017,Male,975.0,75.633
2017,Male,976.0,75.65
2017,Male,977.0,75.667
2017,Male,979.0,75.7
2017,Male,980.0,75.717
2017,Male,981.0,75.733
2017,Male,981.0,75.733
2017,Male,981.0,75.733
2017,Male,984.0,75.75
2017,Male,985.0,75.767
2017,Male,986.0,75.817
2017,Male,986.0,75.817
2017,Male,986.0,75.817
2017,Male,986.0,75.817
2017,Male,990.0,75.833
2017,Male,990.0,75.833
2017,Male,990.0,75.833
2017,Male,993.0,75.85
2017,Male,993.0,75.85
2017,Male,996.0,75.917
2017,Male,996.0,75.917
2017,Male,996.0,75.917
2017,Male,999.0,75.933
2017,Male,1000.0,75.95
2017,Male,1004.0,76.0
2017,Male,1005.0,76.017
2017,Male,1005.0,76.017
2017,Male,1005.0,76.017
2017,Male,1008.0,76.033
2017,Male,1010.0,76.067
2017,Male,1011.0,76.083
2017,Male,1012.0,76.133
2017,Male,1012.0,76.133
2017,Male,1014.0,76.15
2017,Male,1014.0,76.15
2017,Male,1016.0,76.2
2017,Male,1016.0,76.2
2017,Male,1018.0,76.233
2017,Male,1019.0,76.267
2017,Male,1020.0,76.3
2017,Male,1021.0,76.35
2017,Male,1022.0,76.383
2017,Male,1022.0,76.383
2017,Male,1025.0,76.4
2017,Male,1027.0,76.417
2017,Male,1027.0,76.417
2017,Male,1030.0,76.467
2017,Male,1034.0,76.5
2017,Male,1034.0,76.5
2017,Male,1037.0,76.517
2017,Male,1037.0,76.517
2017,Male,1039.0,76.533
2017,Male,1039.0,76.533
2017,Male,1039.0,76.533
2017,Male,1042.0,76.55
2017,Male,1044.0,76.583
2017,Male,1045.0,76.6
2017,Male,1045.0,76.6
2017,Male,1045.0,76.6
2017,Male,1051.0,76.633
2017,Male,1052.0,76.667
2017,Male,1053.0,76.683
2017,Male,1054.0,76.7
2017,Male,1055.0,76.717
2017,Male,1055.0,76.717
2017,Male,1057.0,76.733
2017,Male,1059.0,76.75
2017,Male,1059.0,76.75
2017,Male,1061.0,76.767
2017,Male,1062.0,76.783
2017,Male,1062.0,76.783
2017,Male,1066.0,76.8
2017,Male,1066.0,76.8
2017,Male,1066.0,76.8
2017,Male,1066.0,76.8
2017,Male,1070.0,76.883
2017,Male,1070.0,76.883
2017,Male,1073.0,76.917
2017,Male,1073.0,76.917
2017,Male,1073.0,76.917
2017,Male,1076.0,76.933
2017,Male,1076.0,76.933
2017,Male,1079.0,76.95
2017,Male,1079.0,76.95
2017,Male,1081.0,76.967
2017,Male,1081.0,76.967
2017,Male,1083.0,76.983
2017,Male,1083.0,76.983
2017,Male,1083.0,76.983
2017,Male,1086.0,77.017
2017,Male,1086.0,77.017
2017,Male,1088.0,77.033
2017,Male,1089.0,77.05
2017,Male,1094.0,77.117
2017,Male,1094.0,77.117
2017,Male,1096.0,77.133
2017,Male,1097.0,77.167
2017,Male,1099.0,77.183
2017,Male,1100.0,77.217
2017,Male,1100.0,77.217
2017,Male,1103.0,77.233
2017,Male,1103.0,77.233
2017,Male,1103.0,77.233
2017,Male,1106.0,77.25
2017,Male,1107.0,77.267
2017,Male,1107.0,77.267
2017,Male,1109.0,77.3
2017,Male,1109.0,77.3
2017,Male,1111.0,77.317
2017,Male,1111.0,77.317
2017,Male,1113.0,77.333
2017,Male,1113.0,77.333
2017,Male,1116.0,77.35
2017,Male,1117.0,77.367
2017,Male,1117.0,77.367
2017,Male,1119.0,77.383
2017,Male,1121.0,77.4
2017,Male,1121.0,77.4
2017,Male,1121.0,77.4
2017,Male,1124.0,77.417
2017,Male,1125.0,77.433
2017,Male,1127.0,77.45
2017,Male,1127.0,77.45
2017,Male,1130.0,77.467
2017,Male,1132.0,77.483
2017,Male,1132.0,77.483
2017,Male,1135.0,77.517
2017,Male,1136.0,77.533
2017,Male,1136.0,77.533
2017,Male,1138.0,77.567
2017,Male,1138.0,77.567
2017,Male,1141.0,77.6
2017,Male,1142.0,77.633
2017,Male,1142.0,77.633
2017,Male,1146.0,77.667
2017,Male,1148.0,77.683
2017,Male,1148.0,77.683
2017,Male,1150.0,77.717
2017,Male,1150.0,77.717
2017,Male,1153.0,77.733
2017,Male,1153.0,77.733
2017,Male,1153.0,77.733
2017,Male,1156.0,77.767
2017,Male,1157.0,77.8
2017,Male,1159.0,77.833
2017,Male,1162.0,77.867
2017,Male,1163.0,77.883
2017,Male,1164.0,77.917
2017,Male,1165.0,77.933
2017,Male,1165.0,77.933
2017,Male,1167.0,77.95
2017,Male,1169.0,77.967
2017,Male,1170.0,78.0
2017,Male,1171.0,78.017
2017,Male,1171.0,78.017
2017,Male,1174.0,78.033
2017,Male,1175.0,78.05
2017,Male,1176.0,78.083
2017,Male,1176.0,78.083
2017,Male,1178.0,78.1
2017,Male,1180.0,78.133
2017,Male,1181.0,78.15
2017,Male,1182.0,78.167
2017,Male,1182.0,78.167
2017,Male,1184.0,78.183
2017,Male,1186.0,78.2
2017,Male,1187.0,78.217
2017,Male,1188.0,78.25
2017,Male,1188.0,78.25
2017,Male,1188.0,78.25
2017,Male,1188.0,78.25
2017,Male,1193.0,78.283
2017,Male,1195.0,78.3
2017,Male,1195.0,78.3
2017,Male,1195.0,78.3
2017,Male,1199.0,78.317
2017,Male,1199.0,78.317
2017,Male,1201.0,78.333
2017,Male,1201.0,78.333
2017,Male,1204.0,78.35
2017,Male,1205.0,78.367
2017,Male,1205.0,78.367
2017,Male,1208.0,78.4
2017,Male,1208.0,78.4
2017,Male,1208.0,78.4
2017,Male,1211.0,78.417
2017,Male,1211.0,78.417
2017,Male,1213.0,78.433
2017,Male,1214.0,78.45
2017,Male,1214.0,78.45
2017,Male,1216.0,78.467
2017,Male,1217.0,78.483
2017,Male,1217.0,78.483
2017,Male,1221.0,78.517
2017,Male,1221.0,78.517
2017,Male,1224.0,78.583
2017,Male,1224.0,78.583
2017,Male,1227.0,78.6
2017,Male,1228.0,78.633
2017,Male,1228.0,78.633
2017,Male,1228.0,78.633
2017,Male,1231.0,78.65
2017,Male,1234.0,78.683
2017,Male,1236.0,78.7
2017,Male,1238.0,78.733
2017,Male,1238.0,78.733
2017,Male,1241.0,78.75
2017,Male,1241.0,78.75
2017,Male,1243.0,78.767
2017,Male,1244.0,78.8
2017,Male,1245.0,78.817
2017,Male,1246.0,78.833
2017,Male,1246.0,78.833
2017,Male,1246.0,78.833
2017,Male,1249.0,78.85
2017,Male,1251.0,78.9
2017,Male,1252.0,78.917
2017,Male,1253.0,78.933
2017,Male,1253.0,78.933
2017,Male,1255.0,78.95
2017,Male,1255.0,78.95
2017,Male,1257.0,78.967
2017,Male,1257.0,78.967
2017,Male,1261.0,79.017
2017,Male,1263.0,79.033
2017,Male,1267.0,79.067
2017,Male,1267.0,79.067
2017,Male,1271.0,79.117
2017,Male,1271.0,79.117
2017,Male,1271.0,79.117
2017,Male,1274.0,79.133
2017,Male,1276.0,79.15
2017,Male,1276.0,79.15
2017,Male,1278.0,79.167
2017,Male,1281.0,79.183
2017,Male,1281.0,79.183
2017,Male,1285.0,79.2
2017,Male,1285.0,79.2
2017,Male,1287.0,79.217
2017,Male,1290.0,79.233
2017,Male,1290.0,79.233
2017,Male,1293.0,79.25
2017,Male,1295.0,79.283
2017,Male,1297.0,79.333
2017,Male,1298.0,79.367
2017,Male,1299.0,79.383
2017,Male,1300.0,79.4
2017,Male,1300.0,79.4
2017,Male,1302.0,79.45
2017,Male,1302.0,79.45
2017,Male,1302.0,79.45
2017,Male,1305.0,79.467
2017,Male,1305.0,79.467
2017,Male,1305.0,79.467
2017,Male,1310.0,79.483
2017,Male,1310.0,79.483
2017,Male,1313.0,79.55
2017,Male,1314.0,79.567
2017,Male,1315.0,79.617
2017,Male,1316.0,79.633
2017,Male,1317.0,79.65
2017,Male,1318.0,79.667
2017,Male,1321.0,79.683
2017,Male,1323.0,79.7
2017,Male,1326.0,79.733
2017,Male,1326.0,79.733
2017,Male,1326.0,79.733
2017,Male,1330.0,79.767
2017,Male,1331.0,79.783
2017,Male,1333.0,79.8
2017,Male,1335.0,79.85
2017,Male,1336.0,79.9
2017,Male,1337.0,79.917
2017,Male,1338.0,79.933
2017,Male,1341.0,79.967
2017,Male,1342.0,79.983
2017,Male,1346.0,80.05
2017,Male,1346.0,80.05
2017,Male,1348.0,80.083
2017,Male,1353.0,80.15
2017,Male,1353.0,80.15
2017,Male,1353.0,80.15
2017,Male,1353.0,80.15
2017,Male,1357.0,80.183
2017,Male,1357.0,80.183
2017,Male,1357.0,80.183
2017,Male,1361.0,80.217
2017,Male,1361.0,80.217
2017,Male,1363.0,80.233
2017,Male,1366.0,80.267
2017,Male,1369.0,80.3
2017,Male,1369.0,80.3
2017,Male,1371.0,80.333
2017,Male,1374.0,80.417
2017,Male,1376.0,80.433
2017,Male,1377.0,80.45
2017,Male,1379.0,80.467
2017,Male,1382.0,80.517
2017,Male,1382.0,80.517
2017,Male,1384.0,80.55
2017,Male,1388.0,80.6
2017,Male,1389.0,80.617
2017,Male,1390.0,80.65
2017,Male,1390.0,80.65
2017,Male,1392.0,80.667
2017,Male,1392.0,80.667
2017,Male,1394.0,80.7
2017,Male,1394.0,80.7
2017,Male,1396.0,80.717
2017,Male,1397.0,80.733
2017,Male,1398.0,80.767
2017,Male,1399.0,80.8
2017,Male,1401.0,80.817
2017,Male,1401.0,80.817
2017,Male,1403.0,80.833
2017,Male,1405.0,80.933
2017,Male,1405.0,80.933
2017,Male,1407.0,80.95
2017,Male,1408.0,80.967
2017,Male,1408.0,80.967
2017,Male,1411.0,81.0
2017,Male,1412.0,81.017
2017,Male,1413.0,81.033
2017,Male,1414.0,81.05
2017,Male,1415.0,81.067
2017,Male,1415.0,81.067
2017,Male,1415.0,81.067
2017,Male,1418.0,81.083
2017,Male,1418.0,81.083
2017,Male,1418.0,81.083
2017,Male,1418.0,81.083
2017,Male,1423.0,81.117
2017,Male,1423.0,81.117
2017,Male,1428.0,81.183
2017,Male,1430.0,81.2
2017,Male,1430.0,81.2
2017,Male,1430.0,81.2
2017,Male,1433.0,81.217
2017,Male,1435.0,81.283
2017,Male,1435.0,81.283
2017,Male,1435.0,81.283
2017,Male,1439.0,81.317
2017,Male,1440.0,81.333
2017,Male,1441.0,81.35
2017,Male,1444.0,81.383
2017,Male,1444.0,81.383
2017,Male,1444.0,81.383
2017,Male,1448.0,81.417
2017,Male,1449.0,81.467
2017,Male,1449.0,81.467
2017,Male,1452.0,81.483
2017,Male,1454.0,81.517
2017,Male,1454.0,81.517
2017,Male,1456.0,81.533
2017,Male,1458.0,81.55
2017,Male,1458.0,81.55
2017,Male,1463.0,81.6
2017,Male,1464.0,81.617
2017,Male,1464.0,81.617
2017,Male,1466.0,81.633
2017,Male,1466.0,81.633
2017,Male,1468.0,81.65
2017,Male,1469.0,81.683
2017,Male,1471.0,81.7
2017,Male,1471.0,81.7
2017,Male,1473.0,81.717
2017,Male,1473.0,81.717
2017,Male,1475.0,81.733
2017,Male,1477.0,81.75
2017,Male,1477.0,81.75
2017,Male,1477.0,81.75
2017,Male,1481.0,81.767
2017,Male,1481.0,81.767
2017,Male,1484.0,81.783
2017,Male,1487.0,81.883
2017,Male,1490.0,81.917
2017,Male,1493.0,81.967
2017,Male,1494.0,81.983
2017,Male,1496.0,82.0
2017,Male,1496.0,82.0
2017,Male,1502.0,82.117
2017,Male,1502.0,82.117
2017,Male,1504.0,82.133
2017,Male,1506.0,82.183
2017,Male,1507.0,82.217
2017,Male,1507.0,82.217
2017,Male,1509.0,82.233
2017,Male,1511.0,82.267
2017,Male,1511.0,82.267
2017,Male,1513.0,82.3
2017,Male,1513.0,82.3
2017,Male,1515.0,82.317
2017,Male,1516.0,82.333
2017,Male,1517.0,82.367
2017,Male,1518.0,82.383
2017,Male,1520.0,82.417
2017,Male,1522.0,82.433
2017,Male,1524.0,82.467
2017,Male,1527.0,82.5
2017,Male,1527.0,82.5
2017,Male,1530.0,82.583
2017,Male,1531.0,82.617
2017,Male,1532.0,82.633
2017,Male,1532.0,82.633
2017,Male,1536.0,82.717
2017,Male,1536.0,82.717
2017,Male,1538.0,82.75
2017,Male,1540.0,82.8
2017,Male,1540.0,82.8
2017,Male,1540.0,82.8
2017,Male,1545.0,82.867
2017,Male,1546.0,82.883
2017,Male,1548.0,82.933
2017,Male,1549.0,82.95
2017,Male,1549.0,82.95
2017,Male,1551.0,82.967
2017,Male,1554.0,83.0
2017,Male,1554.0,83.0
2017,Male,1556.0,83.033
2017,Male,1557.0,83.067
2017,Male,1558.0,83.1
2017,Male,1560.0,83.133
2017,Male,1560.0,83.133
2017,Male,1562.0,83.167
2017,Male,1562.0,83.167
2017,Male,1564.0,83.183
2017,Male,1566.0,83.217
2017,Male,1567.0,83.267
2017,Male,1567.0,83.267
2017,Male,1570.0,83.3
2017,Male,1573.0,83.367
2017,Male,1576.0,83.417
2017,Male,1576.0,83.417
2017,Male,1576.0,83.417
2017,Male,1581.0,83.483
2017,Male,1581.0,83.483
2017,Male,1583.0,83.567
2017,Male,1584.0,83.583
2017,Male,1586.0,83.6
2017,Male,1588.0,83.617
2017,Male,1588.0,83.617
2017,Male,1590.0,83.65
2017,Male,1591.0,83.667
2017,Male,1592.0,83.683
2017,Male,1592.0,83.683
2017,Male,1594.0,83.7
2017,Male,1596.0,83.717
2017,Male,1596.0,83.717
2017,Male,1598.0,83.75
2017,Male,1598.0,83.75
2017,Male,1600.0,83.783
2017,Male,1600.0,83.783
2017,Male,1600.0,83.783
2017,Male,1603.0,83.8
2017,Male,1604.0,83.833
2017,Male,1605.0,83.9
2017,Male,1606.0,83.917
2017,Male,1607.0,83.967
2017,Male,1609.0,84.067
2017,Male,1610.0,84.1
2017,Male,1614.0,84.217
2017,Male,1615.0,84.283
2017,Male,1615.0,84.283
2017,Male,1617.0,84.3
2017,Male,1617.0,84.3
2017,Male,1619.0,84.4
2017,Male,1620.0,84.417
2017,Male,1621.0,84.433
2017,Male,1622.0,84.467
2017,Male,1622.0,84.467
2017,Male,1624.0,84.5
2017,Male,1625.0,84.533
2017,Male,1625.0,84.533
2017,Male,1628.0,84.55
2017,Male,1629.0,84.567
2017,Male,1629.0,84.567
2017,Male,1629.0,84.567
2017,Male,1632.0,84.617
2017,Male,1635.0,84.65
2017,Male,1638.0,84.7
2017,Male,1640.0,84.717
2017,Male,1640.0,84.717
2017,Male,1644.0,84.733
2017,Male,1644.0,84.733
2017,Male,1646.0,84.767
2017,Male,1647.0,84.783
2017,Male,1648.0,84.85
2017,Male,1649.0,84.867
2017,Male,1651.0,84.967
2017,Male,1652.0,84.983
2017,Male,1654.0,85.0
2017,Male,1655.0,85.017
2017,Male,1657.0,85.083
2017,Male,1657.0,85.083
2017,Male,1657.0,85.083
2017,Male,1660.0,85.1
2017,Male,1661.0,85.133
2017,Male,1663.0,85.15
2017,Male,1664.0,85.167
2017,Male,1664.0,85.167
2017,Male,1664.0,85.167
2017,Male,1667.0,85.183
2017,Male,1669.0,85.283
2017,Male,1670.0,85.317
2017,Male,1671.0,85.333
2017,Male,1671.0,85.333
2017,Male,1673.0,85.35
2017,Male,1673.0,85.35
2017,Male,1673.0,85.35
2017,Male,1676.0,85.367
2017,Male,1677.0,85.383
2017,Male,1678.0,85.4
2017,Male,1680.0,85.433
2017,Male,1680.0,85.433
2017,Male,1682.0,85.45
2017,Male,1684.0,85.617
2017,Male,1686.0,85.683
2017,Male,1690.0,85.867
2017,Male,1691.0,85.883
2017,Male,1693.0,85.9
2017,Male,1695.0,85.933
2017,Male,1695.0,85.933
2017,Male,1699.0,86.0
2017,Male,1702.0,86.117
2017,Male,1706.0,86.15
2017,Male,1708.0,86.217
2017,Male,1708.0,86.217
2017,Male,1710.0,86.25
2017,Male,1711.0,86.267
2017,Male,1711.0,86.267
2017,Male,1718.0,86.417
2017,Male,1719.0,86.433
2017,Male,1720.0,86.467
2017,Male,1720.0,86.467
2017,Male,1722.0,86.5
2017,Male,1723.0,86.517
2017,Male,1726.0,86.583
2017,Male,1728.0,86.6
2017,Male,1730.0,86.667
2017,Male,1732.0,86.683
2017,Male,1733.0,86.7
2017,Male,1734.0,86.767
2017,Male,1734.0,86.767
2017,Male,1737.0,86.783
2017,Male,1737.0,86.783
2017,Male,1739.0,86.817
2017,Male,1740.0,86.85
2017,Male,1740.0,86.85
2017,Male,1742.0,86.867
2017,Male,1742.0,86.867
2017,Male,1746.0,86.967
2017,Male,1748.0,87.067
2017,Male,1748.0,87.067
2017,Male,1750.0,87.083
2017,Male,1751.0,87.117
2017,Male,1752.0,87.133
2017,Male,1753.0,87.2
2017,Male,1754.0,87.217
2017,Male,1756.0,87.317
2017,Male,1758.0,87.35
2017,Male,1759.0,87.383
2017,Male,1760.0,87.433
2017,Male,1761.0,87.483
2017,Male,1761.0,87.483
2017,Male,1763.0,87.517
2017,Male,1763.0,87.517
2017,Male,1767.0,87.55
2017,Male,1769.0,87.6
2017,Male,1770.0,87.633
2017,Male,1771.0,87.667
2017,Male,1771.0,87.667
2017,Male,1773.0,87.683
2017,Male,1774.0,87.817
2017,Male,1775.0,87.85
2017,Male,1776.0,87.867
2017,Male,1778.0,87.883
2017,Male,1784.0,88.15
2017,Male,1787.0,88.183
2017,Male,1790.0,88.25
2017,Male,1791.0,88.267
2017,Male,1793.0,88.3
2017,Male,1794.0,88.317
2017,Male,1795.0,88.333
2017,Male,1795.0,88.333
2017,Male,1797.0,88.4
2017,Male,1799.0,88.433
2017,Male,1800.0,88.483
2017,Male,1803.0,88.667
2017,Male,1804.0,88.683
2017,Male,1805.0,88.717
2017,Male,1807.0,88.733
2017,Male,1809.0,88.75
2017,Male,1813.0,88.967
2017,Male,1817.0,89.083
2017,Male,1817.0,89.083
2017,Male,1820.0,89.15
2017,Male,1821.0,89.167
2017,Male,1825.0,89.25
2017,Male,1828.0,89.45
2017,Male,1829.0,89.467
2017,Male,1830.0,89.483
2017,Male,1831.0,89.517
2017,Male,1833.0,89.533
2017,Male,1833.0,89.533
2017,Male,1835.0,89.567
2017,Male,1836.0,89.617
2017,Male,1837.0,89.7
2017,Male,1840.0,89.783
2017,Male,1842.0,89.8
2017,Male,1843.0,89.85
2017,Male,1843.0,89.85
2017,Male,1846.0,89.867
2017,Male,1849.0,90.0
2017,Male,1850.0,90.017
2017,Male,1851.0,90.1
2017,Male,1852.0,90.117
2017,Male,1853.0,90.133
2017,Male,1854.0,90.167
2017,Male,1856.0,90.25
2017,Male,1856.0,90.25
2017,Male,1858.0,90.267
2017,Male,1858.0,90.267
2017,Male,1860.0,90.3
2017,Male,1861.0,90.317
2017,Male,1864.0,90.467
2017,Male,1865.0,90.483
2017,Male,1867.0,90.583
2017,Male,1868.0,90.667
2017,Male,1868.0,90.667
2017,Male,1870.0,90.733
2017,Male,1873.0,90.75
2017,Male,1874.0,90.767
2017,Male,1877.0,90.783
2017,Male,1878.0,90.85
2017,Male,1879.0,90.867
2017,Male,1880.0,90.983
2017,Male,1884.0,91.15
2017,Male,1885.0,91.217
2017,Male,1889.0,91.517
2017,Male,1890.0,91.55
2017,Male,1891.0,91.567
2017,Male,1893.0,91.65
2017,Male,1894.0,91.733
2017,Male,1895.0,91.8
2017,Male,1896.0,92.067
2017,Male,1897.0,92.083
2017,Male,1901.0,92.183
2017,Male,1902.0,92.233
2017,Male,1903.0,92.267
2017,Male,1905.0,92.35
2017,Male,1908.0,92.4
2017,Male,1909.0,92.467
2017,Male,1910.0,92.533
2017,Male,1911.0,92.55
2017,Male,1914.0,92.633
2017,Male,1915.0,92.817
2017,Male,1916.0,92.867
2017,Male,1917.0,92.933
2017,Male,1918.0,92.95
2017,Male,1919.0,93.083
2017,Male,1921.0,93.117
2017,Male,1923.0,93.133
2017,Male,1924.0,93.217
2017,Male,1929.0,93.4
2017,Male,1930.0,93.45
2017,Male,1933.0,93.5
2017,Male,1935.0,93.583
2017,Male,1939.0,93.883
2017,Male,1940.0,93.933
2017,Male,1942.0,93.967
2017,Male,1943.0,94.033
2017,Male,1944.0,94.067
2017,Male,1946.0,94.2
2017,Male,1947.0,94.267
2017,Male,1948.0,94.3
2017,Male,1953.0,94.6
2017,Male,1954.0,94.617
2017,Male,1955.0,94.717
2017,Male,1957.0,94.767
2017,Male,1963.0,95.067
2017,Male,1965.0,95.1
2017,Male,1966.0,95.117
2017,Male,1968.0,95.133
2017,Male,1969.0,95.3
2017,Male,1972.0,95.417
2017,Male,1974.0,95.5
2017,Male,1975.0,95.6
2017,Male,1977.0,95.717
2017,Male,1977.0,95.717
2017,Male,1982.0,96.083
2017,Male,1984.0,96.183
2017,Male,1985.0,96.233
2017,Male,1986.0,96.267
2017,Male,1990.0,96.683
2017,Male,1991.0,96.717
2017,Male,1993.0,96.733
2017,Male,1996.0,96.883
2017,Male,1997.0,96.967
2017,Male,1999.0,97.317
2017,Male,2000.0,97.467
2017,Male,2001.0,97.733
2017,Male,2003.0,97.95
2017,Male,2005.0,98.05
2017,Male,2006.0,98.15
2017,Male,2008.0,98.2
2017,Male,2009.0,98.3
2017,Male,2011.0,98.383
2017,Male,2019.0,99.35
2017,Male,2022.0,99.467
2017,Male,2023.0,99.517
2017,Male,2026.0,99.633
2017,Male,2026.0,99.633
2017,Male,2028.0,99.85
2017,Male,2031.0,100.1
2017,Male,2032.0,100.317
2017,Male,2034.0,100.633
2017,Male,2034.0,100.633
2017,Male,2036.0,100.7
2017,Male,2037.0,100.783
2017,Male,2038.0,100.8
2017,Male,2039.0,100.967
2017,Male,2040.0,101.283
2017,Male,2042.0,101.517
2017,Male,2043.0,101.933
2017,Male,2045.0,102.033
2017,Male,2048.0,102.317
2017,Male,2049.0,102.617
2017,Male,2051.0,102.833
2017,Male,2052.0,103.067
2017,Male,2053.0,103.483
2017,Male,2055.0,103.667
2017,Male,2060.0,104.8
2017,Male,2064.0,105.967
2017,Male,2065.0,106.05
2017,Male,2067.0,106.433
2017,Male,2070.0,107.917
2017,Male,2072.0,108.533
2017,Male,2073.0,108.933
2017,Male,2074.0,109.017
2017,Male,2075.0,109.233
2017,Male,2077.0,110.133
2017,Male,2080.0,110.983
2017,Male,2081.0,111.333
2017,Male,2083.0,112.55
2017,Male,2085.0,113.4
2017,Male,2087.0,113.617
2017,Male,2088.0,113.767
2017,Male,2089.0,116.233
2017,Male,2090.0,116.433
2017,Male,2091.0,119.167
2017,Female,7.0,54.95
2017,Female,8.0,55.017
2017,Female,9.0,55.133
2017,Female,13.0,55.617
2017,Female,28.0,58.167
2017,Female,29.0,58.2
2017,Female,45.0,59.8
2017,Female,54.0,60.417
2017,Female,62.0,61.0
2017,Female,68.0,61.783
2017,Female,77.0,62.017
2017,Female,82.0,62.133
2017,Female,84.0,62.183
2017,Female,89.0,62.483
2017,Female,91.0,62.55
2017,Female,103.0,63.267
2017,Female,105.0,63.317
2017,Female,110.0,63.533
2017,Female,113.0,63.633
2017,Female,115.0,63.65
2017,Female,117.0,63.717
2017,Female,119.0,63.783
2017,Female,123.0,63.917
2017,Female,134.0,64.333
2017,Female,135.0,64.367
2017,Female,144.0,64.667
2017,Female,147.0,64.783
2017,Female,151.0,64.9
2017,Female,155.0,65.05
2017,Female,163.0,65.3
2017,Female,170.0,65.483
2017,Female,177.0,65.833
2017,Female,180.0,65.9
2017,Female,182.0,65.933
2017,Female,184.0,66.0
2017,Female,188.0,66.067
2017,Female,189.0,66.1
2017,Female,189.0,66.1
2017,Female,194.0,66.25
2017,Female,202.0,66.55
2017,Female,204.0,66.617
2017,Female,207.0,66.683
2017,Female,209.0,66.733
2017,Female,226.0,67.217
2017,Female,234.0,67.433
2017,Female,243.0,67.6
2017,Female,248.0,67.683
2017,Female,249.0,67.717
2017,Female,250.0,67.733
2017,Female,254.0,67.883
2017,Female,255.0,67.95
2017,Female,257.0,68.0
2017,Female,259.0,68.067
2017,Female,259.0,68.067
2017,Female,267.0,68.117
2017,Female,269.0,68.167
2017,Female,277.0,68.383
2017,Female,278.0,68.433
2017,Female,281.0,68.467
2017,Female,285.0,68.517
2017,Female,291.0,68.633
2017,Female,301.0,68.817
2017,Female,310.0,68.9
2017,Female,311.0,68.917
2017,Female,316.0,68.983
2017,Female,318.0,69.0
2017,Female,328.0,69.117
2017,Female,330.0,69.133
2017,Female,336.0,69.2
2017,Female,337.0,69.217
2017,Female,347.0,69.45
2017,Female,348.0,69.467
2017,Female,348.0,69.467
2017,Female,352.0,69.5
2017,Female,353.0,69.517
2017,Female,361.0,69.583
2017,Female,389.0,69.983
2017,Female,393.0,70.017
2017,Female,397.0,70.05
2017,Female,397.0,70.05
2017,Female,407.0,70.183
2017,Female,408.0,70.2
2017,Female,408.0,70.2
2017,Female,415.0,70.35
2017,Female,422.0,70.417
2017,Female,429.0,70.467
2017,Female,436.0,70.567
2017,Female,443.0,70.633
2017,Female,443.0,70.633
2017,Female,443.0,70.633
2017,Female,450.0,70.65
2017,Female,450.0,70.65
2017,Female,450.0,70.65
2017,Female,461.0,70.717
2017,Female,480.0,70.95
2017,Female,480.0,70.95
2017,Female,480.0,70.95
2017,Female,485.0,70.983
2017,Female,487.0,71.033
2017,Female,491.0,71.05
2017,Female,497.0,71.117
2017,Female,503.0,71.183
2017,Female,518.0,71.3
2017,Female,544.0,71.55
2017,Female,546.0,71.567
2017,Female,553.0,71.65
2017,Female,566.0,71.75
2017,Female,581.0,71.933
2017,Female,585.0,71.967
2017,Female,585.0,71.967
2017,Female,592.0,72.033
2017,Female,608.0,72.283
2017,Female,608.0,72.283
2017,Female,610.0,72.3
2017,Female,622.0,72.383
2017,Female,626.0,72.417
2017,Female,626.0,72.417
2017,Female,629.0,72.433
2017,Female,629.0,72.433
2017,Female,635.0,72.483
2017,Female,637.0,72.5
2017,Female,639.0,72.517
2017,Female,649.0,72.583
2017,Female,657.0,72.633
2017,Female,658.0,72.65
2017,Female,661.0,72.667
2017,Female,668.0,72.733
2017,Female,672.0,72.767
2017,Female,675.0,72.783
2017,Female,682.0,72.85
2017,Female,684.0,72.867
2017,Female,687.0,72.883
2017,Female,687.0,72.883
2017,Female,691.0,72.933
2017,Female,707.0,73.083
2017,Female,713.0,73.133
2017,Female,718.0,73.15
2017,Female,729.0,73.25
2017,Female,729.0,73.25
2017,Female,732.0,73.283
2017,Female,756.0,73.533
2017,Female,761.0,73.583
2017,Female,766.0,73.617
2017,Female,777.0,73.7
2017,Female,779.0,73.733
2017,Female,781.0,73.767
2017,Female,787.0,73.8
2017,Female,789.0,73.833
2017,Female,791.0,73.867
2017,Female,791.0,73.867
2017,Female,797.0,73.9
2017,Female,799.0,73.933
2017,Female,801.0,73.95
2017,Female,802.0,73.967
2017,Female,818.0,74.15
2017,Female,825.0,74.2
2017,Female,831.0,74.25
2017,Female,835.0,74.283
2017,Female,835.0,74.283
2017,Female,842.0,74.333
2017,Female,852.0,74.4
2017,Female,856.0,74.433
2017,Female,875.0,74.6
2017,Female,880.0,74.617
2017,Female,882.0,74.633
2017,Female,886.0,74.667
2017,Female,898.0,74.75
2017,Female,902.0,74.767
2017,Female,902.0,74.767
2017,Female,909.0,74.833
2017,Female,911.0,74.85
2017,Female,913.0,74.867
2017,Female,923.0,75.017
2017,Female,932.0,75.133
2017,Female,935.0,75.15
2017,Female,935.0,75.15
2017,Female,942.0,75.283
2017,Female,945.0,75.333
2017,Female,951.0,75.417
2017,Female,956.0,75.45
2017,Female,960.0,75.483
2017,Female,966.0,75.567
2017,Female,977.0,75.667
2017,Female,995.0,75.9
2017,Female,1000.0,75.95
2017,Female,1002.0,75.983
2017,Female,1002.0,75.983
2017,Female,1009.0,76.05
2017,Female,1022.0,76.383
2017,Female,1025.0,76.4
2017,Female,1029.0,76.433
2017,Female,1030.0,76.467
2017,Female,1030.0,76.467
2017,Female,1033.0,76.483
2017,Female,1034.0,76.5
2017,Female,1043.0,76.567
2017,Female,1045.0,76.6
2017,Female,1049.0,76.617
2017,Female,1049.0,76.617
2017,Female,1057.0,76.733
2017,Female,1062.0,76.783
2017,Female,1062.0,76.783
2017,Female,1070.0,76.883
2017,Female,1076.0,76.933
2017,Female,1089.0,77.05
2017,Female,1091.0,77.083
2017,Female,1091.0,77.083
2017,Female,1093.0,77.1
2017,Female,1097.0,77.167
2017,Female,1100.0,77.217
2017,Female,1113.0,77.333
2017,Female,1119.0,77.383
2017,Female,1125.0,77.433
2017,Female,1127.0,77.45
2017,Female,1130.0,77.467
2017,Female,1132.0,77.483
2017,Female,1140.0,77.583
2017,Female,1142.0,77.633
2017,Female,1145.0,77.65
2017,Female,1146.0,77.667
2017,Female,1150.0,77.717
2017,Female,1158.0,77.817
2017,Female,1159.0,77.833
2017,Female,1161.0,77.85
2017,Female,1167.0,77.95
2017,Female,1171.0,78.017
2017,Female,1178.0,78.1
2017,Female,1184.0,78.183
2017,Female,1192.0,78.267
2017,Female,1193.0,78.283
2017,Female,1195.0,78.3
2017,Female,1201.0,78.333
2017,Female,1205.0,78.367
2017,Female,1217.0,78.483
2017,Female,1217.0,78.483
2017,Female,1223.0,78.55
2017,Female,1224.0,78.583
2017,Female,1231.0,78.65
2017,Female,1233.0,78.667
2017,Female,1234.0,78.683
2017,Female,1236.0,78.7
2017,Female,1238.0,78.733
2017,Female,1250.0,78.883
2017,Female,1257.0,78.967
2017,Female,1260.0,79.0
2017,Female,1261.0,79.017
2017,Female,1263.0,79.033
2017,Female,1263.0,79.033
2017,Female,1266.0,79.05
2017,Female,1267.0,79.067
2017,Female,1270.0,79.083
2017,Female,1274.0,79.133
2017,Female,1278.0,79.167
2017,Female,1278.0,79.167
2017,Female,1281.0,79.183
2017,Female,1281.0,79.183
2017,Female,1287.0,79.217
2017,Female,1287.0,79.217
2017,Female,1290.0,79.233
2017,Female,1293.0,79.25
2017,Female,1296.0,79.317
2017,Female,1305.0,79.467
2017,Female,1305.0,79.467
2017,Female,1312.0,79.517
2017,Female,1318.0,79.667
2017,Female,1318.0,79.667
2017,Female,1321.0,79.683
2017,Female,1323.0,79.7
2017,Female,1323.0,79.7
2017,Female,1329.0,79.75
2017,Female,1331.0,79.783
2017,Female,1334.0,79.817
2017,Female,1338.0,79.933
2017,Female,1338.0,79.933
2017,Female,1342.0,79.983
2017,Female,1344.0,80.0
2017,Female,1345.0,80.017
2017,Female,1349.0,80.1
2017,Female,1350.0,80.117
2017,Female,1350.0,80.117
2017,Female,1352.0,80.133
2017,Female,1360.0,80.2
2017,Female,1363.0,80.233
2017,Female,1363.0,80.233
2017,Female,1366.0,80.267
2017,Female,1368.0,80.283
2017,Female,1371.0,80.333
2017,Female,1373.0,80.383
2017,Female,1374.0,80.417
2017,Female,1377.0,80.45
2017,Female,1380.0,80.483
2017,Female,1380.0,80.483
2017,Female,1384.0,80.55
2017,Female,1386.0,80.567
2017,Female,1387.0,80.583
2017,Female,1399.0,80.8
2017,Female,1404.0,80.867
2017,Female,1410.0,80.983
2017,Female,1418.0,81.083
2017,Female,1423.0,81.117
2017,Female,1426.0,81.15
2017,Female,1426.0,81.15
2017,Female,1428.0,81.183
2017,Female,1434.0,81.267
2017,Female,1438.0,81.3
2017,Female,1441.0,81.35
2017,Female,1443.0,81.367
2017,Female,1447.0,81.4
2017,Female,1449.0,81.467
2017,Female,1453.0,81.5
2017,Female,1456.0,81.533
2017,Female,1460.0,81.567
2017,Female,1461.0,81.583
2017,Female,1461.0,81.583
2017,Female,1469.0,81.683
2017,Female,1475.0,81.733
2017,Female,1477.0,81.75
2017,Female,1481.0,81.767
2017,Female,1485.0,81.833
2017,Female,1486.0,81.867
2017,Female,1487.0,81.883
2017,Female,1489.0,81.9
2017,Female,1490.0,81.917
2017,Female,1492.0,81.95
2017,Female,1494.0,81.983
2017,Female,1498.0,82.033
2017,Female,1499.0,82.05
2017,Female,1499.0,82.05
2017,Female,1501.0,82.1
2017,Female,1505.0,82.15
2017,Female,1509.0,82.233
2017,Female,1518.0,82.383
2017,Female,1520.0,82.417
2017,Female,1522.0,82.433
2017,Female,1524.0,82.467
2017,Female,1524.0,82.467
2017,Female,1529.0,82.567
2017,Female,1534.0,82.65
2017,Female,1535.0,82.7
2017,Female,1539.0,82.767
2017,Female,1540.0,82.8
2017,Female,1544.0,82.817
2017,Female,1547.0,82.917
2017,Female,1551.0,82.967
2017,Female,1553.0,82.983
2017,Female,1558.0,83.1
2017,Female,1565.0,83.2
2017,Female,1567.0,83.267
2017,Female,1571.0,83.317
2017,Female,1572.0,83.333
2017,Female,1574.0,83.383
2017,Female,1575.0,83.4
2017,Female,1576.0,83.417
2017,Female,1580.0,83.45
2017,Female,1584.0,83.583
2017,Female,1586.0,83.6
2017,Female,1594.0,83.7
2017,Female,1608.0,84.017
2017,Female,1611.0,84.15
2017,Female,1612.0,84.167
2017,Female,1613.0,84.183
2017,Female,1625.0,84.533
2017,Female,1632.0,84.617
2017,Female,1634.0,84.633
2017,Female,1636.0,84.667
2017,Female,1637.0,84.683
2017,Female,1638.0,84.7
2017,Female,1640.0,84.717
2017,Female,1640.0,84.717
2017,Female,1650.0,84.933
2017,Female,1652.0,84.983
2017,Female,1655.0,85.017
2017,Female,1661.0,85.133
2017,Female,1668.0,85.267
2017,Female,1678.0,85.4
2017,Female,1683.0,85.567
2017,Female,1685.0,85.633
2017,Female,1687.0,85.7
2017,Female,1688.0,85.717
2017,Female,1689.0,85.8
2017,Female,1691.0,85.883
2017,Female,1693.0,85.9
2017,Female,1697.0,85.95
2017,Female,1698.0,85.967
2017,Female,1700.0,86.05
2017,Female,1701.0,86.067
2017,Female,1702.0,86.117
2017,Female,1702.0,86.117
2017,Female,1702.0,86.117
2017,Female,1707.0,86.183
2017,Female,1711.0,86.267
2017,Female,1714.0,86.283
2017,Female,1715.0,86.333
2017,Female,1716.0,86.4
2017,Female,1716.0,86.4
2017,Female,1723.0,86.517
2017,Female,1725.0,86.567
2017,Female,1726.0,86.583
2017,Female,1729.0,86.65
2017,Female,1730.0,86.667
2017,Female,1734.0,86.767
2017,Female,1744.0,86.917
2017,Female,1745.0,86.933
2017,Female,1747.0,87.033
2017,Female,1755.0,87.283
2017,Female,1757.0,87.333
2017,Female,1763.0,87.517
2017,Female,1763.0,87.517
2017,Female,1767.0,87.55
2017,Female,1776.0,87.867
2017,Female,1779.0,87.9
2017,Female,1779.0,87.9
2017,Female,1781.0,87.983
2017,Female,1782.0,88.067
2017,Female,1783.0,88.117
2017,Female,1784.0,88.15
2017,Female,1786.0,88.167
2017,Female,1788.0,88.2
2017,Female,1788.0,88.2
2017,Female,1792.0,88.283
2017,Female,1797.0,88.4
2017,Female,1801.0,88.517
2017,Female,1802.0,88.533
2017,Female,1805.0,88.717
2017,Female,1807.0,88.733
2017,Female,1809.0,88.75
2017,Female,1811.0,88.833
2017,Female,1812.0,88.95
2017,Female,1814.0,88.983
2017,Female,1815.0,89.033
2017,Female,1816.0,89.05
2017,Female,1819.0,89.117
2017,Female,1822.0,89.183
2017,Female,1823.0,89.2
2017,Female,1824.0,89.233
2017,Female,1826.0,89.333
2017,Female,1827.0,89.4
2017,Female,1831.0,89.517
2017,Female,1838.0,89.717
2017,Female,1838.0,89.717
2017,Female,1840.0,89.783
2017,Female,1843.0,89.85
2017,Female,1847.0,89.917
2017,Female,1848.0,89.933
2017,Female,1854.0,90.167
2017,Female,1862.0,90.4
2017,Female,1863.0,90.45
2017,Female,1866.0,90.5
2017,Female,1870.0,90.733
2017,Female,1870.0,90.733
2017,Female,1874.0,90.767
2017,Female,1874.0,90.767
2017,Female,1881.0,91.0
2017,Female,1882.0,91.05
2017,Female,1883.0,91.067
2017,Female,1886.0,91.25
2017,Female,1887.0,91.333
2017,Female,1888.0,91.383
2017,Female,1892.0,91.617
2017,Female,1898.0,92.133
2017,Female,1899.0,92.15
2017,Female,1899.0,92.15
2017,Female,1904.0,92.3
2017,Female,1905.0,92.35
2017,Female,1907.0,92.367
2017,Female,1912.0,92.583
2017,Female,1913.0,92.617
2017,Female,1919.0,93.083
2017,Female,1921.0,93.117
2017,Female,1925.0,93.233
2017,Female,1925.0,93.233
2017,Female,1927.0,93.367
2017,Female,1927.0,93.367
2017,Female,1931.0,93.483
2017,Female,1931.0,93.483
2017,Female,1934.0,93.567
2017,Female,1936.0,93.65
2017,Female,1937.0,93.7
2017,Female,1938.0,93.85
2017,Female,1941.0,93.95
2017,Female,1944.0,94.067
2017,Female,1949.0,94.35
2017,Female,1950.0,94.417
2017,Female,1951.0,94.433
2017,Female,1952.0,94.483
2017,Female,1956.0,94.733
2017,Female,1958.0,94.85
2017,Female,1959.0,94.917
2017,Female,1960.0,95.033
2017,Female,1960.0,95.033
2017,Female,1960.0,95.033
2017,Female,1963.0,95.067
2017,Female,1966.0,95.117
2017,Female,1970.0,95.333
2017,Female,1971.0,95.4
2017,Female,1973.0,95.45
2017,Female,1976.0,95.617
2017,Female,1979.0,95.733
2017,Female,1980.0,95.817
2017,Female,1981.0,95.95
2017,Female,1983.0,96.167
2017,Female,1987.0,96.3
2017,Female,1988.0,96.467
2017,Female,1989.0,96.583
2017,Female,1991.0,96.717
2017,Female,1994.0,96.75
2017,Female,1994.0,96.75
2017,Female,1998.0,97.083
2017,Female,2002.0,97.917
2017,Female,2004.0,98.017
2017,Female,2007.0,98.167
2017,Female,2009.0,98.3
2017,Female,2012.0,98.467
2017,Female,2013.0,98.517
2017,Female,2014.0,98.667
2017,Female,2014.0,98.667
2017,Female,2016.0,98.933
2017,Female,2016.0,98.933
2017,Female,2018.0,98.967
2017,Female,2020.0,99.417
2017,Female,2021.0,99.433
2017,Female,2023.0,99.517
2017,Female,2025.0,99.6
2017,Female,2029.0,100.017
2017,Female,2030.0,100.083
2017,Female,2033.0,100.517
2017,Female,2040.0,101.283
2017,Female,2043.0,101.933
2017,Female,2046.0,102.083
2017,Female,2047.0,102.283
2017,Female,2049.0,102.617
2017,Female,2054.0,103.55
2017,Female,2056.0,103.85
2017,Female,2057.0,104.217
2017,Female,2057.0,104.217
2017,Female,2059.0,104.367
2017,Female,2061.0,104.967
2017,Female,2062.0,105.067
2017,Female,2063.0,105.283
2017,Female,2066.0,106.167
2017,Female,2068.0,106.45
2017,Female,2069.0,106.867
2017,Female,2071.0,108.1
2017,Female,2076.0,110.083
2017,Female,2078.0,110.333
2017,Female,2079.0,110.867
2017,Female,2082.0,112.417
2017,Female,2084.0,113.167
2017,Female,2086.0,113.417
2017,Female,2092.0,119.917
2018,Male,1.0,46.967
2018,Male,2.0,47.233
2018,Male,3.0,47.683
2018,Male,4.0,47.983
2018,Male,5.0,48.3
2018,Male,6.0,50.3
2018,Male,7.0,50.35
2018,Male,8.0,50.467
2018,Male,10.0,50.6
2018,Male,12.0,50.767
2018,Male,14.0,51.167
2018,Male,15.0,51.333
2018,Male,16.0,51.45
2018,Male,17.0,51.733
2018,Male,19.0,52.017
2018,Male,20.0,52.05
2018,Male,22.0,52.8
2018,Male,23.0,52.833
2018,Male,24.0,53.033
2018,Male,25.0,53.167
2018,Male,26.0,53.3
2018,Male,27.0,53.483
2018,Male,28.0,53.633
2018,Male,29.0,53.75
2018,Male,30.0,53.8
2018,Male,31.0,53.867
2018,Male,32.0,53.917
2018,Male,35.0,54.0
2018,Male,36.0,54.183
2018,Male,37.0,54.65
2018,Male,39.0,54.767
2018,Male,41.0,54.867
2018,Male,43.0,55.15
2018,Male,43.0,55.15
2018,Male,45.0,55.267
2018,Male,46.0,55.3
2018,Male,47.0,55.433
2018,Male,48.0,55.583
2018,Male,49.0,55.7
2018,Male,49.0,55.7
2018,Male,51.0,55.75
2018,Male,52.0,55.817
2018,Male,53.0,55.917
2018,Male,54.0,55.933
2018,Male,55.0,56.283
2018,Male,56.0,56.3
2018,Male,56.0,56.3
2018,Male,61.0,56.633
2018,Male,62.0,56.783
2018,Male,62.0,56.783
2018,Male,64.0,56.983
2018,Male,65.0,57.1
2018,Male,66.0,57.117
2018,Male,67.0,57.15
2018,Male,67.0,57.15
2018,Male,70.0,57.2
2018,Male,71.0,57.367
2018,Male,72.0,57.5
2018,Male,73.0,57.55
2018,Male,74.0,57.65
2018,Male,75.0,57.833
2018,Male,76.0,57.85
2018,Male,77.0,57.933
2018,Male,78.0,58.017
2018,Male,79.0,58.067
2018,Male,79.0,58.067
2018,Male,81.0,58.1
2018,Male,82.0,58.133
2018,Male,84.0,58.333
2018,Male,85.0,58.35
2018,Male,85.0,58.35
2018,Male,87.0,58.367
2018,Male,88.0,58.417
2018,Male,89.0,58.433
2018,Male,90.0,58.667
2018,Male,91.0,58.8
2018,Male,91.0,58.8
2018,Male,93.0,58.817
2018,Male,94.0,58.833
2018,Male,96.0,58.85
2018,Male,100.0,59.2
2018,Male,102.0,59.333
2018,Male,103.0,59.367
2018,Male,103.0,59.367
2018,Male,106.0,59.583
2018,Male,108.0,59.917
2018,Male,108.0,59.917
2018,Male,110.0,59.933
2018,Male,111.0,59.967
2018,Male,112.0,60.0
2018,Male,114.0,60.017
2018,Male,115.0,60.083
2018,Male,116.0,60.183
2018,Male,117.0,60.2
2018,Male,118.0,60.233
2018,Male,119.0,60.283
2018,Male,120.0,60.317
2018,Male,122.0,60.333
2018,Male,123.0,60.4
2018,Male,124.0,60.467
2018,Male,126.0,60.55
2018,Male,127.0,60.567
2018,Male,128.0,60.583
2018,Male,130.0,60.783
2018,Male,132.0,60.85
2018,Male,133.0,60.9
2018,Male,134.0,60.95
2018,Male,135.0,60.983
2018,Male,136.0,61.017
2018,Male,137.0,61.033
2018,Male,137.0,61.033
2018,Male,139.0,61.1
2018,Male,140.0,61.117
2018,Male,143.0,61.25
2018,Male,145.0,61.283
2018,Male,147.0,61.35
2018,Male,147.0,61.35
2018,Male,152.0,61.417
2018,Male,152.0,61.417
2018,Male,154.0,61.483
2018,Male,156.0,61.617
2018,Male,157.0,61.65
2018,Male,157.0,61.65
2018,Male,160.0,61.733
2018,Male,162.0,61.917
2018,Male,163.0,61.933
2018,Male,163.0,61.933
2018,Male,165.0,61.967
2018,Male,166.0,62.033
2018,Male,167.0,62.05
2018,Male,168.0,62.067
2018,Male,169.0,62.15
2018,Male,169.0,62.15
2018,Male,171.0,62.183
2018,Male,173.0,62.25
2018,Male,174.0,62.267
2018,Male,174.0,62.267
2018,Male,176.0,62.283
2018,Male,177.0,62.3
2018,Male,178.0,62.317
2018,Male,179.0,62.333
2018,Male,179.0,62.333
2018,Male,181.0,62.383
2018,Male,182.0,62.417
2018,Male,184.0,62.467
2018,Male,185.0,62.55
2018,Male,186.0,62.567
2018,Male,186.0,62.567
2018,Male,188.0,62.65
2018,Male,189.0,62.8
2018,Male,190.0,62.933
2018,Male,191.0,62.95
2018,Male,192.0,63.017
2018,Male,193.0,63.15
2018,Male,194.0,63.167
2018,Male,194.0,63.167
2018,Male,196.0,63.183
2018,Male,199.0,63.217
2018,Male,200.0,63.267
2018,Male,202.0,63.283
2018,Male,204.0,63.3
2018,Male,205.0,63.367
2018,Male,205.0,63.367
2018,Male,207.0,63.383
2018,Male,207.0,63.383
2018,Male,207.0,63.383
2018,Male,210.0,63.433
2018,Male,211.0,63.45
2018,Male,212.0,63.483
2018,Male,212.0,63.483
2018,Male,212.0,63.483
2018,Male,215.0,63.533
2018,Male,216.0,63.55
2018,Male,219.0,63.7
2018,Male,220.0,63.717
2018,Male,221.0,63.783
2018,Male,221.0,63.783
2018,Male,223.0,63.817
2018,Male,224.0,63.9
2018,Male,224.0,63.9
2018,Male,226.0,63.95
2018,Male,227.0,63.967
2018,Male,227.0,63.967
2018,Male,229.0,64.05
2018,Male,230.0,64.083
2018,Male,230.0,64.083
2018,Male,232.0,64.117
2018,Male,233.0,64.2
2018,Male,235.0,64.3
2018,Male,236.0,64.333
2018,Male,237.0,64.35
2018,Male,237.0,64.35
2018,Male,239.0,64.367
2018,Male,239.0,64.367
2018,Male,241.0,64.383
2018,Male,242.0,64.4
2018,Male,243.0,64.417
2018,Male,243.0,64.417
2018,Male,245.0,64.433
2018,Male,246.0,64.45
2018,Male,246.0,64.45
2018,Male,249.0,64.533
2018,Male,250.0,64.55
2018,Male,251.0,64.567
2018,Male,252.0,64.583
2018,Male,253.0,64.617
2018,Male,254.0,64.633
2018,Male,255.0,64.667
2018,Male,256.0,64.733
2018,Male,256.0,64.733
2018,Male,258.0,64.75
2018,Male,260.0,64.767
2018,Male,261.0,64.783
2018,Male,262.0,64.8
2018,Male,263.0,64.85
2018,Male,264.0,64.883
2018,Male,266.0,64.95
2018,Male,267.0,64.967
2018,Male,267.0,64.967
2018,Male,270.0,65.033
2018,Male,271.0,65.05
2018,Male,272.0,65.1
2018,Male,273.0,65.133
2018,Male,274.0,65.167
2018,Male,275.0,65.183
2018,Male,275.0,65.183
2018,Male,278.0,65.233
2018,Male,280.0,65.267
2018,Male,281.0,65.283
2018,Male,281.0,65.283
2018,Male,284.0,65.35
2018,Male,286.0,65.383
2018,Male,287.0,65.417
2018,Male,288.0,65.433
2018,Male,288.0,65.433
2018,Male,292.0,65.55
2018,Male,292.0,65.55
2018,Male,297.0,65.6
2018,Male,297.0,65.6
2018,Male,299.0,65.633
2018,Male,299.0,65.633
2018,Male,301.0,65.65
2018,Male,302.0,65.667
2018,Male,305.0,65.733
2018,Male,306.0,65.767
2018,Male,308.0,65.783
2018,Male,309.0,65.817
2018,Male,310.0,65.833
2018,Male,311.0,65.85
2018,Male,312.0,65.867
2018,Male,313.0,65.883
2018,Male,315.0,65.9
2018,Male,316.0,65.95
2018,Male,319.0,65.983
2018,Male,320.0,66.067
2018,Male,320.0,66.067
2018,Male,323.0,66.1
2018,Male,324.0,66.167
2018,Male,325.0,66.183
2018,Male,326.0,66.217
2018,Male,327.0,66.233
2018,Male,328.0,66.25
2018,Male,329.0,66.283
2018,Male,329.0,66.283
2018,Male,331.0,66.3
2018,Male,332.0,66.317
2018,Male,333.0,66.333
2018,Male,334.0,66.35
2018,Male,335.0,66.367
2018,Male,337.0,66.417
2018,Male,339.0,66.467
2018,Male,341.0,66.5
2018,Male,342.0,66.567
2018,Male,342.0,66.567
2018,Male,344.0,66.6
2018,Male,344.0,66.6
2018,Male,346.0,66.65
2018,Male,347.0,66.667
2018,Male,348.0,66.683
2018,Male,348.0,66.683
2018,Male,350.0,66.717
2018,Male,351.0,66.75
2018,Male,352.0,66.783
2018,Male,353.0,66.8
2018,Male,354.0,66.817
2018,Male,355.0,66.9
2018,Male,355.0,66.9
2018,Male,357.0,66.917
2018,Male,358.0,66.967
2018,Male,360.0,67.017
2018,Male,360.0,67.017
2018,Male,363.0,67.033
2018,Male,365.0,67.05
2018,Male,367.0,67.083
2018,Male,368.0,67.15
2018,Male,368.0,67.15
2018,Male,370.0,67.183
2018,Male,371.0,67.217
2018,Male,372.0,67.233
2018,Male,373.0,67.267
2018,Male,375.0,67.3
2018,Male,376.0,67.317
2018,Male,377.0,67.333
2018,Male,378.0,67.367
2018,Male,378.0,67.367
2018,Male,380.0,67.433
2018,Male,380.0,67.433
2018,Male,382.0,67.45
2018,Male,383.0,67.467
2018,Male,384.0,67.483
2018,Male,385.0,67.517
2018,Male,387.0,67.533
2018,Male,388.0,67.55
2018,Male,389.0,67.567
2018,Male,390.0,67.583
2018,Male,391.0,67.6
2018,Male,392.0,67.633
2018,Male,393.0,67.667
2018,Male,394.0,67.683
2018,Male,396.0,67.717
2018,Male,396.0,67.717
2018,Male,396.0,67.717
2018,Male,399.0,67.75
2018,Male,400.0,67.767
2018,Male,401.0,67.783
2018,Male,403.0,67.833
2018,Male,403.0,67.833
2018,Male,403.0,67.833
2018,Male,406.0,67.867
2018,Male,407.0,67.9
2018,Male,408.0,67.933
2018,Male,408.0,67.933
2018,Male,411.0,67.967
2018,Male,412.0,68.067
2018,Male,414.0,68.133
2018,Male,415.0,68.183
2018,Male,415.0,68.183
2018,Male,417.0,68.217
2018,Male,417.0,68.217
2018,Male,419.0,68.233
2018,Male,419.0,68.233
2018,Male,419.0,68.233
2018,Male,419.0,68.233
2018,Male,423.0,68.25
2018,Male,424.0,68.267
2018,Male,425.0,68.283
2018,Male,426.0,68.317
2018,Male,427.0,68.35
2018,Male,428.0,68.367
2018,Male,428.0,68.367
2018,Male,430.0,68.383
2018,Male,430.0,68.383
2018,Male,432.0,68.4
2018,Male,432.0,68.4
2018,Male,432.0,68.4
2018,Male,435.0,68.417
2018,Male,436.0,68.467
2018,Male,437.0,68.483
2018,Male,438.0,68.517
2018,Male,438.0,68.517
2018,Male,438.0,68.517
2018,Male,441.0,68.533
2018,Male,441.0,68.533
2018,Male,443.0,68.55
2018,Male,443.0,68.55
2018,Male,445.0,68.567
2018,Male,447.0,68.6
2018,Male,449.0,68.633
2018,Male,451.0,68.667
2018,Male,451.0,68.667
2018,Male,453.0,68.683
2018,Male,453.0,68.683
2018,Male,455.0,68.7
2018,Male,456.0,68.817
2018,Male,456.0,68.817
2018,Male,458.0,68.833
2018,Male,458.0,68.833
2018,Male,458.0,68.833
2018,Male,461.0,68.883
2018,Male,461.0,68.883
2018,Male,463.0,68.917
2018,Male,463.0,68.917
2018,Male,465.0,68.933
2018,Male,466.0,68.967
2018,Male,466.0,68.967
2018,Male,466.0,68.967
2018,Male,469.0,69.0
2018,Male,469.0,69.0
2018,Male,471.0,69.05
2018,Male,473.0,69.067
2018,Male,473.0,69.067
2018,Male,475.0,69.083
2018,Male,475.0,69.083
2018,Male,477.0,69.1
2018,Male,477.0,69.1
2018,Male,477.0,69.1
2018,Male,480.0,69.133
2018,Male,481.0,69.167
2018,Male,482.0,69.183
2018,Male,483.0,69.2
2018,Male,483.0,69.2
2018,Male,485.0,69.217
2018,Male,486.0,69.233
2018,Male,488.0,69.25
2018,Male,489.0,69.267
2018,Male,492.0,69.317
2018,Male,493.0,69.367
2018,Male,493.0,69.367
2018,Male,493.0,69.367
2018,Male,496.0,69.383
2018,Male,496.0,69.383
2018,Male,498.0,69.4
2018,Male,498.0,69.4
2018,Male,500.0,69.417
2018,Male,500.0,69.417
2018,Male,502.0,69.45
2018,Male,503.0,69.483
2018,Male,503.0,69.483
2018,Male,505.0,69.5
2018,Male,505.0,69.5
2018,Male,505.0,69.5
2018,Male,508.0,69.517
2018,Male,509.0,69.533
2018,Male,511.0,69.55
2018,Male,511.0,69.55
2018,Male,511.0,69.55
2018,Male,514.0,69.583
2018,Male,515.0,69.65
2018,Male,518.0,69.683
2018,Male,518.0,69.683
2018,Male,520.0,69.7
2018,Male,520.0,69.7
2018,Male,522.0,69.733
2018,Male,522.0,69.733
2018,Male,524.0,69.75
2018,Male,524.0,69.75
2018,Male,526.0,69.783
2018,Male,526.0,69.783
2018,Male,529.0,69.817
2018,Male,529.0,69.817
2018,Male,531.0,69.833
2018,Male,532.0,69.85
2018,Male,534.0,69.883
2018,Male,534.0,69.883
2018,Male,534.0,69.883
2018,Male,537.0,69.9
2018,Male,538.0,69.933
2018,Male,539.0,69.95
2018,Male,540.0,69.983
2018,Male,540.0,69.983
2018,Male,542.0,70.017
2018,Male,543.0,70.033
2018,Male,544.0,70.05
2018,Male,544.0,70.05
2018,Male,544.0,70.05
2018,Male,544.0,70.05
2018,Male,548.0,70.183
2018,Male,548.0,70.183
2018,Male,551.0,70.3
2018,Male,553.0,70.317
2018,Male,554.0,70.35
2018,Male,556.0,70.383
2018,Male,557.0,70.4
2018,Male,558.0,70.417
2018,Male,559.0,70.433
2018,Male,559.0,70.433
2018,Male,559.0,70.433
2018,Male,559.0,70.433
2018,Male,563.0,70.45
2018,Male,564.0,70.467
2018,Male,564.0,70.467
2018,Male,567.0,70.5
2018,Male,569.0,70.55
2018,Male,569.0,70.55
2018,Male,571.0,70.583
2018,Male,574.0,70.6
2018,Male,575.0,70.617
2018,Male,576.0,70.633
2018,Male,576.0,70.633
2018,Male,576.0,70.633
2018,Male,580.0,70.683
2018,Male,582.0,70.717
2018,Male,582.0,70.717
2018,Male,582.0,70.717
2018,Male,585.0,70.733
2018,Male,585.0,70.733
2018,Male,585.0,70.733
2018,Male,588.0,70.75
2018,Male,588.0,70.75
2018,Male,588.0,70.75
2018,Male,592.0,70.767
2018,Male,593.0,70.783
2018,Male,594.0,70.8
2018,Male,594.0,70.8
2018,Male,596.0,70.817
2018,Male,597.0,70.85
2018,Male,598.0,70.867
2018,Male,598.0,70.867
2018,Male,600.0,70.883
2018,Male,600.0,70.883
2018,Male,600.0,70.883
2018,Male,603.0,70.9
2018,Male,604.0,70.933
2018,Male,604.0,70.933
2018,Male,604.0,70.933
2018,Male,607.0,70.95
2018,Male,607.0,70.95
2018,Male,609.0,70.967
2018,Male,610.0,70.983
2018,Male,610.0,70.983
2018,Male,613.0,71.0
2018,Male,613.0,71.0
2018,Male,613.0,71.0
2018,Male,613.0,71.0
2018,Male,618.0,71.017
2018,Male,619.0,71.05
2018,Male,620.0,71.067
2018,Male,620.0,71.067
2018,Male,620.0,71.067
2018,Male,623.0,71.117
2018,Male,623.0,71.117
2018,Male,625.0,71.167
2018,Male,625.0,71.167
2018,Male,628.0,71.2
2018,Male,628.0,71.2
2018,Male,631.0,71.25
2018,Male,632.0,71.267
2018,Male,633.0,71.283
2018,Male,634.0,71.3
2018,Male,634.0,71.3
2018,Male,636.0,71.333
2018,Male,638.0,71.367
2018,Male,638.0,71.367
2018,Male,640.0,71.383
2018,Male,643.0,71.417
2018,Male,643.0,71.417
2018,Male,645.0,71.433
2018,Male,645.0,71.433
2018,Male,647.0,71.483
2018,Male,648.0,71.5
2018,Male,648.0,71.5
2018,Male,650.0,71.517
2018,Male,650.0,71.517
2018,Male,652.0,71.533
2018,Male,653.0,71.55
2018,Male,654.0,71.583
2018,Male,655.0,71.617
2018,Male,655.0,71.617
2018,Male,658.0,71.633
2018,Male,660.0,71.65
2018,Male,661.0,71.683
2018,Male,662.0,71.7
2018,Male,662.0,71.7
2018,Male,664.0,71.733
2018,Male,664.0,71.733
2018,Male,664.0,71.733
2018,Male,668.0,71.75
2018,Male,669.0,71.783
2018,Male,669.0,71.783
2018,Male,669.0,71.783
2018,Male,672.0,71.8
2018,Male,672.0,71.8
2018,Male,672.0,71.8
2018,Male,675.0,71.817
2018,Male,676.0,71.85
2018,Male,676.0,71.85
2018,Male,678.0,71.867
2018,Male,680.0,71.917
2018,Male,681.0,71.933
2018,Male,682.0,71.967
2018,Male,683.0,71.983
2018,Male,685.0,72.0
2018,Male,686.0,72.033
2018,Male,687.0,72.05
2018,Male,688.0,72.067
2018,Male,688.0,72.067
2018,Male,690.0,72.1
2018,Male,691.0,72.117
2018,Male,692.0,72.15
2018,Male,694.0,72.183
2018,Male,694.0,72.183
2018,Male,694.0,72.183
2018,Male,701.0,72.25
2018,Male,701.0,72.25
2018,Male,701.0,72.25
2018,Male,704.0,72.267
2018,Male,705.0,72.283
2018,Male,706.0,72.3
2018,Male,707.0,72.35
2018,Male,707.0,72.35
2018,Male,707.0,72.35
2018,Male,707.0,72.35
2018,Male,707.0,72.35
2018,Male,712.0,72.367
2018,Male,713.0,72.383
2018,Male,717.0,72.433
2018,Male,719.0,72.467
2018,Male,721.0,72.5
2018,Male,722.0,72.55
2018,Male,722.0,72.55
2018,Male,722.0,72.55
2018,Male,725.0,72.567
2018,Male,726.0,72.6
2018,Male,727.0,72.667
2018,Male,729.0,72.7
2018,Male,730.0,72.75
2018,Male,731.0,72.767
2018,Male,731.0,72.767
2018,Male,733.0,72.783
2018,Male,734.0,72.8
2018,Male,735.0,72.833
2018,Male,735.0,72.833
2018,Male,738.0,72.917
2018,Male,739.0,72.933
2018,Male,740.0,72.95
2018,Male,740.0,72.95
2018,Male,742.0,72.983
2018,Male,743.0,73.0
2018,Male,746.0,73.017
2018,Male,748.0,73.05
2018,Male,751.0,73.067
2018,Male,751.0,73.067
2018,Male,754.0,73.083
2018,Male,755.0,73.1
2018,Male,756.0,73.117
2018,Male,757.0,73.133
2018,Male,758.0,73.167
2018,Male,758.0,73.167
2018,Male,762.0,73.183
2018,Male,764.0,73.217
2018,Male,764.0,73.217
2018,Male,764.0,73.217
2018,Male,767.0,73.25
2018,Male,769.0,73.283
2018,Male,769.0,73.283
2018,Male,771.0,73.3
2018,Male,772.0,73.317
2018,Male,772.0,73.317
2018,Male,774.0,73.35
2018,Male,775.0,73.367
2018,Male,776.0,73.383
2018,Male,777.0,73.417
2018,Male,777.0,73.417
2018,Male,777.0,73.417
2018,Male,780.0,73.433
2018,Male,780.0,73.433
2018,Male,782.0,73.467
2018,Male,782.0,73.467
2018,Male,784.0,73.5
2018,Male,786.0,73.533
2018,Male,787.0,73.567
2018,Male,787.0,73.567
2018,Male,790.0,73.583
2018,Male,791.0,73.6
2018,Male,792.0,73.65
2018,Male,793.0,73.667
2018,Male,793.0,73.667
2018,Male,795.0,73.683
2018,Male,798.0,73.717
2018,Male,800.0,73.733
2018,Male,800.0,73.733
2018,Male,800.0,73.733
2018,Male,804.0,73.767
2018,Male,804.0,73.767
2018,Male,804.0,73.767
2018,Male,804.0,73.767
2018,Male,808.0,73.783
2018,Male,808.0,73.783
2018,Male,810.0,73.817
2018,Male,813.0,73.833
2018,Male,815.0,73.883
2018,Male,816.0,73.9
2018,Male,817.0,73.917
2018,Male,818.0,73.933
2018,Male,818.0,73.933
2018,Male,820.0,73.95
2018,Male,821.0,73.967
2018,Male,821.0,73.967
2018,Male,823.0,73.983
2018,Male,824.0,74.017
2018,Male,824.0,74.017
2018,Male,826.0,74.1
2018,Male,828.0,74.117
2018,Male,828.0,74.117
2018,Male,830.0,74.133
2018,Male,830.0,74.133
2018,Male,830.0,74.133
2018,Male,833.0,74.183
2018,Male,836.0,74.233
2018,Male,836.0,74.233
2018,Male,838.0,74.267
2018,Male,841.0,74.3
2018,Male,841.0,74.3
2018,Male,843.0,74.317
2018,Male,843.0,74.317
2018,Male,845.0,74.35
2018,Male,845.0,74.35
2018,Male,845.0,74.35
2018,Male,848.0,74.383
2018,Male,850.0,74.4
2018,Male,851.0,74.433
2018,Male,851.0,74.433
2018,Male,851.0,74.433
2018,Male,854.0,74.45
2018,Male,854.0,74.45
2018,Male,856.0,74.483
2018,Male,856.0,74.483
2018,Male,856.0,74.483
2018,Male,859.0,74.517
2018,Male,859.0,74.517
2018,Male,861.0,74.533
2018,Male,862.0,74.567
2018,Male,863.0,74.583
2018,Male,865.0,74.6
2018,Male,866.0,74.617
2018,Male,868.0,74.683
2018,Male,869.0,74.7
2018,Male,871.0,74.717
2018,Male,871.0,74.717
2018,Male,873.0,74.733
2018,Male,874.0,74.75
2018,Male,874.0,74.75
2018,Male,877.0,74.767
2018,Male,877.0,74.767
2018,Male,879.0,74.783
2018,Male,880.0,74.8
2018,Male,880.0,74.8
2018,Male,882.0,74.817
2018,Male,882.0,74.817
2018,Male,882.0,74.817
2018,Male,882.0,74.817
2018,Male,886.0,74.833
2018,Male,889.0,74.85
2018,Male,890.0,74.867
2018,Male,893.0,74.95
2018,Male,893.0,74.95
2018,Male,893.0,74.95
2018,Male,896.0,74.967
2018,Male,899.0,75.083
2018,Male,902.0,75.183
2018,Male,903.0,75.217
2018,Male,905.0,75.233
2018,Male,907.0,75.267
2018,Male,910.0,75.433
2018,Male,910.0,75.433
2018,Male,913.0,75.45
2018,Male,914.0,75.467
2018,Male,915.0,75.5
2018,Male,916.0,75.517
2018,Male,916.0,75.517
2018,Male,918.0,75.533
2018,Male,919.0,75.55
2018,Male,920.0,75.567
2018,Male,920.0,75.567
2018,Male,920.0,75.567
2018,Male,923.0,75.6
2018,Male,923.0,75.6
2018,Male,925.0,75.65
2018,Male,925.0,75.65
2018,Male,927.0,75.667
2018,Male,927.0,75.667
2018,Male,933.0,75.733
2018,Male,933.0,75.733
2018,Male,935.0,75.75
2018,Male,935.0,75.75
2018,Male,935.0,75.75
2018,Male,938.0,75.767
2018,Male,939.0,75.783
2018,Male,939.0,75.783
2018,Male,939.0,75.783
2018,Male,942.0,75.8
2018,Male,943.0,75.917
2018,Male,944.0,75.933
2018,Male,945.0,75.967
2018,Male,946.0,76.0
2018,Male,947.0,76.067
2018,Male,949.0,76.083
2018,Male,950.0,76.1
2018,Male,953.0,76.167
2018,Male,953.0,76.167
2018,Male,955.0,76.183
2018,Male,957.0,76.233
2018,Male,957.0,76.233
2018,Male,959.0,76.25
2018,Male,959.0,76.25
2018,Male,959.0,76.25
2018,Male,962.0,76.267
2018,Male,962.0,76.267
2018,Male,965.0,76.283
2018,Male,965.0,76.283
2018,Male,965.0,76.283
2018,Male,968.0,76.3
2018,Male,968.0,76.3
2018,Male,971.0,76.317
2018,Male,972.0,76.333
2018,Male,973.0,76.367
2018,Male,974.0,76.4
2018,Male,975.0,76.417
2018,Male,975.0,76.417
2018,Male,977.0,76.433
2018,Male,978.0,76.45
2018,Male,978.0,76.45
2018,Male,980.0,76.55
2018,Male,981.0,76.583
2018,Male,985.0,76.633
2018,Male,985.0,76.633
2018,Male,988.0,76.65
2018,Male,988.0,76.65
2018,Male,988.0,76.65
2018,Male,992.0,76.667
2018,Male,992.0,76.667
2018,Male,994.0,76.7
2018,Male,996.0,76.733
2018,Male,996.0,76.733
2018,Male,998.0,76.75
2018,Male,998.0,76.75
2018,Male,1003.0,76.85
2018,Male,1004.0,76.867
2018,Male,1004.0,76.867
2018,Male,1006.0,76.9
2018,Male,1006.0,76.9
2018,Male,1008.0,76.917
2018,Male,1010.0,76.967
2018,Male,1010.0,76.967
2018,Male,1012.0,76.983
2018,Male,1014.0,77.033
2018,Male,1014.0,77.033
2018,Male,1014.0,77.033
2018,Male,1014.0,77.033
2018,Male,1014.0,77.033
2018,Male,1019.0,77.05
2018,Male,1019.0,77.05
2018,Male,1023.0,77.133
2018,Male,1025.0,77.15
2018,Male,1025.0,77.15
2018,Male,1025.0,77.15
2018,Male,1028.0,77.167
2018,Male,1029.0,77.183
2018,Male,1031.0,77.2
2018,Male,1032.0,77.217
2018,Male,1032.0,77.217
2018,Male,1032.0,77.217
2018,Male,1035.0,77.233
2018,Male,1035.0,77.233
2018,Male,1037.0,77.25
2018,Male,1037.0,77.25
2018,Male,1039.0,77.267
2018,Male,1040.0,77.283
2018,Male,1040.0,77.283
2018,Male,1042.0,77.3
2018,Male,1042.0,77.3
2018,Male,1044.0,77.317
2018,Male,1048.0,77.367
2018,Male,1049.0,77.383
2018,Male,1050.0,77.4
2018,Male,1050.0,77.4
2018,Male,1052.0,77.417
2018,Male,1052.0,77.417
2018,Male,1054.0,77.467
2018,Male,1055.0,77.483
2018,Male,1055.0,77.483
2018,Male,1058.0,77.5
2018,Male,1059.0,77.517
2018,Male,1060.0,77.55
2018,Male,1061.0,77.567
2018,Male,1064.0,77.65
2018,Male,1066.0,77.683
2018,Male,1067.0,77.7
2018,Male,1067.0,77.7
2018,Male,1067.0,77.7
2018,Male,1071.0,77.75
2018,Male,1072.0,77.767
2018,Male,1074.0,77.783
2018,Male,1075.0,77.8
2018,Male,1075.0,77.8
2018,Male,1078.0,77.817
2018,Male,1081.0,77.883
2018,Male,1083.0,77.917
2018,Male,1084.0,77.933
2018,Male,1086.0,77.967
2018,Male,1088.0,77.983
2018,Male,1089.0,78.0
2018,Male,1089.0,78.0
2018,Male,1089.0,78.0
2018,Male,1092.0,78.017
2018,Male,1093.0,78.033
2018,Male,1097.0,78.117
2018,Male,1097.0,78.117
2018,Male,1097.0,78.117
2018,Male,1100.0,78.133
2018,Male,1103.0,78.183
2018,Male,1103.0,78.183
2018,Male,1105.0,78.2
2018,Male,1107.0,78.217
2018,Male,1107.0,78.217
2018,Male,1107.0,78.217
2018,Male,1111.0,78.233
2018,Male,1115.0,78.267
2018,Male,1116.0,78.283
2018,Male,1117.0,78.333
2018,Male,1122.0,78.367
2018,Male,1122.0,78.367
2018,Male,1124.0,78.383
2018,Male,1126.0,78.417
2018,Male,1126.0,78.417
2018,Male,1128.0,78.433
2018,Male,1128.0,78.433
2018,Male,1131.0,78.467
2018,Male,1131.0,78.467
2018,Male,1134.0,78.533
2018,Male,1135.0,78.55
2018,Male,1139.0,78.667
2018,Male,1140.0,78.683
2018,Male,1141.0,78.7
2018,Male,1141.0,78.7
2018,Male,1141.0,78.7
2018,Male,1144.0,78.717
2018,Male,1144.0,78.717
2018,Male,1144.0,78.717
2018,Male,1147.0,78.733
2018,Male,1148.0,78.75
2018,Male,1150.0,78.8
2018,Male,1151.0,78.833
2018,Male,1152.0,78.867
2018,Male,1155.0,78.9
2018,Male,1157.0,78.933
2018,Male,1158.0,78.95
2018,Male,1159.0,78.967
2018,Male,1161.0,78.983
2018,Male,1163.0,79.0
2018,Male,1163.0,79.0
2018,Male,1163.0,79.0
2018,Male,1166.0,79.033
2018,Male,1166.0,79.033
2018,Male,1168.0,79.05
2018,Male,1169.0,79.067
2018,Male,1170.0,79.083
2018,Male,1171.0,79.133
2018,Male,1171.0,79.133
2018,Male,1175.0,79.15
2018,Male,1177.0,79.183
2018,Male,1177.0,79.183
2018,Male,1179.0,79.2
2018,Male,1181.0,79.217
2018,Male,1182.0,79.25
2018,Male,1183.0,79.267
2018,Male,1186.0,79.317
2018,Male,1188.0,79.333
2018,Male,1190.0,79.367
2018,Male,1190.0,79.367
2018,Male,1193.0,79.417
2018,Male,1194.0,79.5
2018,Male,1195.0,79.533
2018,Male,1196.0,79.567
2018,Male,1197.0,79.617
2018,Male,1199.0,79.683
2018,Male,1200.0,79.733
2018,Male,1201.0,79.767
2018,Male,1203.0,79.8
2018,Male,1204.0,79.817
2018,Male,1204.0,79.817
2018,Male,1208.0,79.883
2018,Male,1210.0,79.9
2018,Male,1211.0,79.933
2018,Male,1213.0,80.0
2018,Male,1214.0,80.017
2018,Male,1217.0,80.133
2018,Male,1219.0,80.15
2018,Male,1220.0,80.183
2018,Male,1220.0,80.183
2018,Male,1222.0,80.2
2018,Male,1223.0,80.217
2018,Male,1224.0,80.233
2018,Male,1225.0,80.283
2018,Male,1228.0,80.333
2018,Male,1230.0,80.35
2018,Male,1230.0,80.35
2018,Male,1232.0,80.367
2018,Male,1232.0,80.367
2018,Male,1234.0,80.383
2018,Male,1236.0,80.4
2018,Male,1237.0,80.417
2018,Male,1238.0,80.433
2018,Male,1239.0,80.45
2018,Male,1240.0,80.467
2018,Male,1241.0,80.483
2018,Male,1244.0,80.533
2018,Male,1247.0,80.583
2018,Male,1249.0,80.617
2018,Male,1252.0,80.65
2018,Male,1255.0,80.7
2018,Male,1256.0,80.717
2018,Male,1256.0,80.717
2018,Male,1256.0,80.717
2018,Male,1259.0,80.733
2018,Male,1259.0,80.733
2018,Male,1259.0,80.733
2018,Male,1263.0,80.75
2018,Male,1266.0,80.783
2018,Male,1267.0,80.8
2018,Male,1269.0,80.867
2018,Male,1271.0,80.917
2018,Male,1271.0,80.917
2018,Male,1273.0,80.967
2018,Male,1273.0,80.967
2018,Male,1276.0,81.017
2018,Male,1277.0,81.033
2018,Male,1279.0,81.083
2018,Male,1279.0,81.083
2018,Male,1282.0,81.167
2018,Male,1282.0,81.167
2018,Male,1284.0,81.183
2018,Male,1284.0,81.183
2018,Male,1284.0,81.183
2018,Male,1288.0,81.25
2018,Male,1289.0,81.267
2018,Male,1289.0,81.267
2018,Male,1291.0,81.35
2018,Male,1292.0,81.367
2018,Male,1295.0,81.4
2018,Male,1295.0,81.4
2018,Male,1299.0,81.45
2018,Male,1301.0,81.483
2018,Male,1302.0,81.5
2018,Male,1303.0,81.517
2018,Male,1304.0,81.55
2018,Male,1306.0,81.567
2018,Male,1307.0,81.6
2018,Male,1308.0,81.617
2018,Male,1308.0,81.617
2018,Male,1310.0,81.633
2018,Male,1311.0,81.667
2018,Male,1314.0,81.717
2018,Male,1316.0,81.767
2018,Male,1317.0,81.817
2018,Male,1318.0,81.9
2018,Male,1319.0,81.95
2018,Male,1320.0,81.967
2018,Male,1321.0,81.983
2018,Male,1322.0,82.0
2018,Male,1322.0,82.0
2018,Male,1325.0,82.067
2018,Male,1325.0,82.067
2018,Male,1327.0,82.1
2018,Male,1328.0,82.117
2018,Male,1330.0,82.133
2018,Male,1332.0,82.15
2018,Male,1335.0,82.167
2018,Male,1336.0,82.2
2018,Male,1337.0,82.217
2018,Male,1338.0,82.233
2018,Male,1340.0,82.25
2018,Male,1341.0,82.283
2018,Male,1343.0,82.3
2018,Male,1345.0,82.35
2018,Male,1345.0,82.35
2018,Male,1347.0,82.367
2018,Male,1348.0,82.383
2018,Male,1350.0,82.4
2018,Male,1350.0,82.4
2018,Male,1353.0,82.417
2018,Male,1354.0,82.433
2018,Male,1355.0,82.467
2018,Male,1355.0,82.467
2018,Male,1358.0,82.483
2018,Male,1358.0,82.483
2018,Male,1360.0,82.5
2018,Male,1361.0,82.583
2018,Male,1363.0,82.6
2018,Male,1364.0,82.633
2018,Male,1364.0,82.633
2018,Male,1366.0,82.65
2018,Male,1370.0,82.7
2018,Male,1370.0,82.7
2018,Male,1370.0,82.7
2018,Male,1375.0,82.783
2018,Male,1377.0,82.8
2018,Male,1377.0,82.8
2018,Male,1377.0,82.8
2018,Male,1380.0,82.817
2018,Male,1382.0,82.883
2018,Male,1383.0,82.9
2018,Male,1386.0,82.967
2018,Male,1390.0,83.0
2018,Male,1390.0,83.0
2018,Male,1393.0,83.033
2018,Male,1398.0,83.2
2018,Male,1398.0,83.2
2018,Male,1400.0,83.217
2018,Male,1400.0,83.217
2018,Male,1403.0,83.267
2018,Male,1403.0,83.267
2018,Male,1406.0,83.283
2018,Male,1409.0,83.367
2018,Male,1411.0,83.383
2018,Male,1412.0,83.4
2018,Male,1412.0,83.4
2018,Male,1414.0,83.417
2018,Male,1414.0,83.417
2018,Male,1416.0,83.467
2018,Male,1419.0,83.5
2018,Male,1419.0,83.5
2018,Male,1421.0,83.55
2018,Male,1422.0,83.567
2018,Male,1424.0,83.6
2018,Male,1425.0,83.617
2018,Male,1426.0,83.633
2018,Male,1429.0,83.667
2018,Male,1431.0,83.683
2018,Male,1434.0,83.75
2018,Male,1434.0,83.75
2018,Male,1438.0,83.817
2018,Male,1439.0,83.883
2018,Male,1440.0,83.917
2018,Male,1440.0,83.917
2018,Male,1442.0,83.933
2018,Male,1442.0,83.933
2018,Male,1444.0,84.0
2018,Male,1446.0,84.017
2018,Male,1447.0,84.067
2018,Male,1449.0,84.15
2018,Male,1449.0,84.15
2018,Male,1451.0,84.183
2018,Male,1453.0,84.233
2018,Male,1454.0,84.25
2018,Male,1456.0,84.283
2018,Male,1458.0,84.333
2018,Male,1462.0,84.483
2018,Male,1464.0,84.5
2018,Male,1465.0,84.533
2018,Male,1465.0,84.533
2018,Male,1468.0,84.567
2018,Male,1469.0,84.583
2018,Male,1470.0,84.6
2018,Male,1470.0,84.6
2018,Male,1472.0,84.617
2018,Male,1472.0,84.617
2018,Male,1474.0,84.65
2018,Male,1475.0,84.667
2018,Male,1475.0,84.667
2018,Male,1475.0,84.667
2018,Male,1482.0,84.75
2018,Male,1482.0,84.75
2018,Male,1482.0,84.75
2018,Male,1487.0,84.883
2018,Male,1487.0,84.883
2018,Male,1490.0,84.9
2018,Male,1491.0,84.917
2018,Male,1491.0,84.917
2018,Male,1491.0,84.917
2018,Male,1494.0,84.933
2018,Male,1495.0,84.95
2018,Male,1495.0,84.95
2018,Male,1497.0,84.967
2018,Male,1498.0,84.983
2018,Male,1499.0,85.0
2018,Male,1501.0,85.017
2018,Male,1501.0,85.017
2018,Male,1503.0,85.033
2018,Male,1505.0,85.067
2018,Male,1507.0,85.1
2018,Male,1507.0,85.1
2018,Male,1507.0,85.1
2018,Male,1516.0,85.217
2018,Male,1517.0,85.25
2018,Male,1519.0,85.267
2018,Male,1522.0,85.3
2018,Male,1524.0,85.317
2018,Male,1525.0,85.333
2018,Male,1527.0,85.367
2018,Male,1528.0,85.4
2018,Male,1530.0,85.417
2018,Male,1532.0,85.45
2018,Male,1533.0,85.5
2018,Male,1535.0,85.533
2018,Male,1535.0,85.533
2018,Male,1535.0,85.533
2018,Male,1535.0,85.533
2018,Male,1540.0,85.567
2018,Male,1542.0,85.633
2018,Male,1546.0,85.7
2018,Male,1548.0,85.733
2018,Male,1549.0,85.767
2018,Male,1551.0,85.783
2018,Male,1552.0,85.8
2018,Male,1552.0,85.8
2018,Male,1554.0,85.817
2018,Male,1555.0,85.867
2018,Male,1556.0,85.883
2018,Male,1558.0,85.9
2018,Male,1559.0,85.917
2018,Male,1560.0,85.95
2018,Male,1562.0,86.0
2018,Male,1562.0,86.0
2018,Male,1564.0,86.1
2018,Male,1567.0,86.167
2018,Male,1572.0,86.233
2018,Male,1572.0,86.233
2018,Male,1574.0,86.25
2018,Male,1576.0,86.283
2018,Male,1576.0,86.283
2018,Male,1578.0,86.3
2018,Male,1580.0,86.383
2018,Male,1580.0,86.383
2018,Male,1580.0,86.383
2018,Male,1583.0,86.4
2018,Male,1584.0,86.467
2018,Male,1585.0,86.483
2018,Male,1586.0,86.5
2018,Male,1587.0,86.517
2018,Male,1588.0,86.55
2018,Male,1591.0,86.583
2018,Male,1592.0,86.6
2018,Male,1594.0,86.65
2018,Male,1594.0,86.65
2018,Male,1597.0,86.7
2018,Male,1597.0,86.7
2018,Male,1600.0,86.717
2018,Male,1601.0,86.8
2018,Male,1603.0,86.833
2018,Male,1604.0,86.883
2018,Male,1605.0,86.933
2018,Male,1607.0,86.95
2018,Male,1607.0,86.95
2018,Male,1610.0,87.0
2018,Male,1611.0,87.033
2018,Male,1611.0,87.033
2018,Male,1613.0,87.05
2018,Male,1614.0,87.083
2018,Male,1614.0,87.083
2018,Male,1616.0,87.1
2018,Male,1617.0,87.133
2018,Male,1618.0,87.167
2018,Male,1618.0,87.167
2018,Male,1621.0,87.217
2018,Male,1622.0,87.233
2018,Male,1622.0,87.233
2018,Male,1624.0,87.25
2018,Male,1624.0,87.25
2018,Male,1627.0,87.283
2018,Male,1628.0,87.317
2018,Male,1631.0,87.333
2018,Male,1634.0,87.383
2018,Male,1634.0,87.383
2018,Male,1638.0,87.417
2018,Male,1641.0,87.517
2018,Male,1643.0,87.633
2018,Male,1646.0,87.717
2018,Male,1648.0,87.75
2018,Male,1649.0,87.783
2018,Male,1651.0,87.817
2018,Male,1651.0,87.817
2018,Male,1654.0,87.867
2018,Male,1655.0,87.9
2018,Male,1660.0,88.0
2018,Male,1661.0,88.017
2018,Male,1662.0,88.033
2018,Male,1665.0,88.083
2018,Male,1666.0,88.1
2018,Male,1666.0,88.1
2018,Male,1668.0,88.117
2018,Male,1671.0,88.167
2018,Male,1671.0,88.167
2018,Male,1674.0,88.267
2018,Male,1676.0,88.3
2018,Male,1678.0,88.333
2018,Male,1678.0,88.333
2018,Male,1681.0,88.35
2018,Male,1682.0,88.417
2018,Male,1683.0,88.467
2018,Male,1685.0,88.5
2018,Male,1685.0,88.5
2018,Male,1685.0,88.5
2018,Male,1689.0,88.533
2018,Male,1690.0,88.567
2018,Male,1692.0,88.683
2018,Male,1694.0,88.7
2018,Male,1694.0,88.7
2018,Male,1696.0,88.733
2018,Male,1699.0,88.767
2018,Male,1700.0,88.783
2018,Male,1701.0,88.8
2018,Male,1702.0,88.833
2018,Male,1703.0,88.933
2018,Male,1704.0,88.967
2018,Male,1705.0,89.0
2018,Male,1706.0,89.033
2018,Male,1707.0,89.05
2018,Male,1710.0,89.117
2018,Male,1710.0,89.117
2018,Male,1713.0,89.25
2018,Male,1714.0,89.267
2018,Male,1715.0,89.333
2018,Male,1717.0,89.367
2018,Male,1717.0,89.367
2018,Male,1720.0,89.383
2018,Male,1723.0,89.417
2018,Male,1723.0,89.417
2018,Male,1726.0,89.45
2018,Male,1728.0,89.483
2018,Male,1729.0,89.55
2018,Male,1730.0,89.567
2018,Male,1730.0,89.567
2018,Male,1732.0,89.583
2018,Male,1732.0,89.583
2018,Male,1734.0,89.6
2018,Male,1735.0,89.633
2018,Male,1736.0,89.65
2018,Male,1739.0,89.717
2018,Male,1740.0,89.733
2018,Male,1741.0,89.75
2018,Male,1742.0,89.817
2018,Male,1745.0,89.983
2018,Male,1745.0,89.983
2018,Male,1748.0,90.0
2018,Male,1750.0,90.017
2018,Male,1750.0,90.017
2018,Male,1752.0,90.05
2018,Male,1757.0,90.167
2018,Male,1758.0,90.183
2018,Male,1759.0,90.2
2018,Male,1759.0,90.2
2018,Male,1762.0,90.267
2018,Male,1762.0,90.267
2018,Male,1764.0,90.283
2018,Male,1766.0,90.333
2018,Male,1766.0,90.333
2018,Male,1769.0,90.383
2018,Male,1771.0,90.4
2018,Male,1772.0,90.417
2018,Male,1773.0,90.45
2018,Male,1774.0,90.517
2018,Male,1774.0,90.517
2018,Male,1777.0,90.533
2018,Male,1777.0,90.533
2018,Male,1782.0,90.583
2018,Male,1783.0,90.6
2018,Male,1787.0,90.8
2018,Male,1789.0,90.867
2018,Male,1790.0,90.933
2018,Male,1791.0,90.95
2018,Male,1794.0,91.0
2018,Male,1796.0,91.033
2018,Male,1797.0,91.067
2018,Male,1798.0,91.083
2018,Male,1798.0,91.083
2018,Male,1801.0,91.133
2018,Male,1801.0,91.133
2018,Male,1804.0,91.15
2018,Male,1805.0,91.167
2018,Male,1807.0,91.217
2018,Male,1808.0,91.25
2018,Male,1808.0,91.25
2018,Male,1808.0,91.25
2018,Male,1812.0,91.3
2018,Male,1812.0,91.3
2018,Male,1814.0,91.35
2018,Male,1817.0,91.533
2018,Male,1819.0,91.633
2018,Male,1820.0,91.65
2018,Male,1823.0,91.683
2018,Male,1823.0,91.683
2018,Male,1827.0,91.717
2018,Male,1829.0,91.75
2018,Male,1831.0,91.817
2018,Male,1834.0,91.867
2018,Male,1835.0,91.883
2018,Male,1837.0,91.9
2018,Male,1837.0,91.9
2018,Male,1839.0,91.933
2018,Male,1840.0,91.95
2018,Male,1842.0,91.983
2018,Male,1842.0,91.983
2018,Male,1842.0,91.983
2018,Male,1847.0,92.05
2018,Male,1848.0,92.1
2018,Male,1849.0,92.183
2018,Male,1851.0,92.25
2018,Male,1852.0,92.267
2018,Male,1853.0,92.283
2018,Male,1855.0,92.3
2018,Male,1857.0,92.417
2018,Male,1859.0,92.433
2018,Male,1861.0,92.45
2018,Male,1862.0,92.5
2018,Male,1862.0,92.5
2018,Male,1862.0,92.5
2018,Male,1866.0,92.583
2018,Male,1868.0,92.65
2018,Male,1871.0,92.8
2018,Male,1873.0,92.967
2018,Male,1875.0,92.983
2018,Male,1876.0,93.0
2018,Male,1877.0,93.017
2018,Male,1881.0,93.05
2018,Male,1884.0,93.067
2018,Male,1885.0,93.083
2018,Male,1886.0,93.117
2018,Male,1887.0,93.133
2018,Male,1891.0,93.167
2018,Male,1891.0,93.167
2018,Male,1893.0,93.183
2018,Male,1895.0,93.3
2018,Male,1895.0,93.3
2018,Male,1897.0,93.35
2018,Male,1898.0,93.367
2018,Male,1900.0,93.433
2018,Male,1901.0,93.467
2018,Male,1903.0,93.567
2018,Male,1906.0,93.65
2018,Male,1908.0,93.75
2018,Male,1908.0,93.75
2018,Male,1910.0,93.783
2018,Male,1911.0,93.9
2018,Male,1913.0,93.933
2018,Male,1913.0,93.933
2018,Male,1915.0,93.95
2018,Male,1917.0,94.083
2018,Male,1918.0,94.117
2018,Male,1920.0,94.2
2018,Male,1922.0,94.283
2018,Male,1924.0,94.3
2018,Male,1924.0,94.3
2018,Male,1928.0,94.417
2018,Male,1930.0,94.483
2018,Male,1931.0,94.5
2018,Male,1931.0,94.5
2018,Male,1933.0,94.567
2018,Male,1934.0,94.583
2018,Male,1935.0,94.633
2018,Male,1937.0,94.75
2018,Male,1939.0,94.85
2018,Male,1942.0,94.9
2018,Male,1944.0,94.967
2018,Male,1945.0,95.017
2018,Male,1946.0,95.067
2018,Male,1946.0,95.067
2018,Male,1948.0,95.083
2018,Male,1949.0,95.1
2018,Male,1950.0,95.133
2018,Male,1952.0,95.217
2018,Male,1953.0,95.233
2018,Male,1954.0,95.283
2018,Male,1957.0,95.3
2018,Male,1957.0,95.3
2018,Male,1959.0,95.333
2018,Male,1960.0,95.35
2018,Male,1961.0,95.4
2018,Male,1962.0,95.533
2018,Male,1964.0,95.75
2018,Male,1965.0,95.783
2018,Male,1965.0,95.783
2018,Male,1970.0,95.867
2018,Male,1972.0,95.883
2018,Male,1973.0,95.95
2018,Male,1973.0,95.95
2018,Male,1975.0,95.967
2018,Male,1976.0,96.0
2018,Male,1976.0,96.0
2018,Male,1979.0,96.033
2018,Male,1980.0,96.067
2018,Male,1981.0,96.133
2018,Male,1983.0,96.2
2018,Male,1985.0,96.25
2018,Male,1988.0,96.267
2018,Male,1993.0,96.617
2018,Male,1994.0,96.667
2018,Male,1994.0,96.667
2018,Male,1996.0,96.7
2018,Male,1997.0,96.817
2018,Male,1997.0,96.817
2018,Male,1999.0,96.867
2018,Male,2000.0,97.033
2018,Male,2001.0,97.05
2018,Male,2005.0,97.3
2018,Male,2007.0,97.35
2018,Male,2010.0,97.433
2018,Male,2011.0,97.533
2018,Male,2012.0,97.733
2018,Male,2013.0,97.783
2018,Male,2015.0,97.85
2018,Male,2016.0,97.9
2018,Male,2019.0,97.967
2018,Male,2020.0,98.117
2018,Male,2021.0,98.2
2018,Male,2022.0,98.317
2018,Male,2023.0,98.35
2018,Male,2024.0,98.4
2018,Male,2025.0,98.45
2018,Male,2026.0,98.517
2018,Male,2027.0,98.667
2018,Male,2028.0,98.683
2018,Male,2031.0,98.8
2018,Male,2033.0,98.9
2018,Male,2038.0,99.133
2018,Male,2041.0,99.15
2018,Male,2042.0,99.267
2018,Male,2044.0,99.317
2018,Male,2044.0,99.317
2018,Male,2046.0,99.383
2018,Male,2047.0,99.4
2018,Male,2048.0,99.417
2018,Male,2048.0,99.417
2018,Male,2053.0,99.633
2018,Male,2054.0,99.683
2018,Male,2055.0,99.833
2018,Male,2056.0,99.85
2018,Male,2057.0,99.883
2018,Male,2058.0,99.917
2018,Male,2059.0,100.05
2018,Male,2060.0,100.067
2018,Male,2062.0,100.133
2018,Male,2063.0,100.183
2018,Male,2068.0,100.45
2018,Male,2072.0,100.667
2018,Male,2074.0,100.8
2018,Male,2077.0,100.95
2018,Male,2078.0,101.017
2018,Male,2078.0,101.017
2018,Male,2080.0,101.067
2018,Male,2081.0,101.133
2018,Male,2083.0,101.25
2018,Male,2085.0,101.517
2018,Male,2086.0,101.567
2018,Male,2088.0,101.667
2018,Male,2089.0,101.783
2018,Male,2090.0,101.833
2018,Male,2091.0,102.05
2018,Male,2093.0,102.183
2018,Male,2097.0,102.367
2018,Male,2100.0,102.7
2018,Male,2101.0,102.717
2018,Male,2102.0,102.75
2018,Male,2103.0,102.833
2018,Male,2104.0,103.15
2018,Male,2106.0,103.467
2018,Male,2107.0,103.533
2018,Male,2109.0,103.667
2018,Male,2110.0,103.783
2018,Male,2111.0,103.917
2018,Male,2112.0,103.95
2018,Male,2113.0,104.083
2018,Male,2114.0,104.133
2018,Male,2117.0,104.283
2018,Male,2117.0,104.283
2018,Male,2119.0,104.367
2018,Male,2122.0,104.733
2018,Male,2123.0,104.9
2018,Male,2124.0,104.917
2018,Male,2125.0,105.133
2018,Male,2127.0,105.9
2018,Male,2130.0,106.317
2018,Male,2131.0,106.367
2018,Male,2134.0,106.617
2018,Male,2138.0,107.15
2018,Male,2139.0,107.183
2018,Male,2142.0,108.283
2018,Male,2143.0,108.35
2018,Male,2146.0,108.917
2018,Male,2147.0,109.05
2018,Male,2149.0,109.4
2018,Male,2150.0,109.517
2018,Male,2152.0,109.783
2018,Male,2153.0,109.833
2018,Male,2154.0,109.883
2018,Male,2155.0,109.9
2018,Male,2160.0,111.2
2018,Male,2163.0,111.667
2018,Male,2164.0,111.7
2018,Male,2166.0,111.883
2018,Male,2167.0,111.9
2018,Male,2168.0,111.933
2018,Male,2169.0,112.017
2018,Male,2170.0,112.25
2018,Male,2174.0,113.05
2018,Male,2175.0,113.117
2018,Male,2179.0,114.1
2018,Male,2181.0,114.45
2018,Male,2182.0,114.833
2018,Male,2184.0,114.867
2018,Male,2186.0,115.733
2018,Male,2187.0,115.767
2018,Male,2188.0,115.833
2018,Male,2189.0,116.383
2018,Male,2190.0,116.6
2018,Male,2191.0,116.85
2018,Male,2192.0,117.567
2018,Male,2195.0,118.55
2018,Male,2198.0,118.867
2018,Male,2199.0,118.95
2018,Male,2200.0,119.35
2018,Male,2202.0,119.45
2018,Male,2203.0,119.467
2018,Male,2205.0,119.783
2018,Male,2206.0,119.917
2018,Male,2207.0,120.45
2018,Male,2208.0,120.483
2018,Male,2210.0,121.983
2018,Male,2211.0,122.183
2018,Male,2213.0,122.7
2018,Male,2214.0,122.717
2018,Male,2217.0,123.267
2018,Male,2219.0,123.55
2018,Male,2220.0,123.883
2018,Male,2221.0,124.217
2018,Male,2223.0,124.9
2018,Male,2225.0,125.117
2018,Male,2226.0,125.333
2018,Male,2227.0,125.95
2018,Male,2231.0,126.883
2018,Male,2234.0,127.85
2018,Male,2236.0,128.533
2018,Male,2239.0,128.933
2018,Male,2241.0,129.117
2018,Male,2243.0,129.583
2018,Male,2245.0,129.917
2018,Male,2251.0,130.8
2018,Male,2252.0,132.05
2018,Male,2254.0,132.233
2018,Male,2258.0,132.883
2018,Male,2259.0,132.95
2018,Male,2260.0,133.333
2018,Male,2262.0,133.733
2018,Male,2263.0,133.833
2018,Male,2267.0,134.617
2018,Male,2269.0,135.333
2018,Male,2270.0,135.917
2018,Male,2270.0,135.917
2018,Male,2273.0,136.683
2018,Male,2274.0,137.067
2018,Male,2276.0,137.867
2018,Male,2277.0,137.967
2018,Male,2279.0,138.65
2018,Male,2282.0,139.85
2018,Male,2283.0,140.167
2018,Male,2285.0,140.883
2018,Male,2286.0,141.267
2018,Male,2292.0,145.133
2018,Male,2293.0,146.883
2018,Male,2295.0,148.25
2018,Male,2297.0,150.0
2018,Male,2299.0,156.767
2018,Female,9.0,50.5
2018,Female,11.0,50.667
2018,Female,13.0,50.833
2018,Female,18.0,51.967
2018,Female,21.0,52.3
2018,Female,32.0,53.917
2018,Female,34.0,53.933
2018,Female,38.0,54.667
2018,Female,40.0,54.783
2018,Female,42.0,55.083
2018,Female,58.0,56.55
2018,Female,58.0,56.55
2018,Female,60.0,56.617
2018,Female,69.0,57.183
2018,Female,83.0,58.15
2018,Female,94.0,58.833
2018,Female,96.0,58.85
2018,Female,98.0,59.067
2018,Female,99.0,59.1
2018,Female,101.0,59.217
2018,Female,105.0,59.417
2018,Female,107.0,59.767
2018,Female,112.0,60.0
2018,Female,120.0,60.317
2018,Female,125.0,60.483
2018,Female,129.0,60.65
2018,Female,131.0,60.817
2018,Female,141.0,61.183
2018,Female,142.0,61.217
2018,Female,143.0,61.25
2018,Female,146.0,61.333
2018,Female,147.0,61.35
2018,Female,150.0,61.367
2018,Female,150.0,61.367
2018,Female,155.0,61.55
2018,Female,159.0,61.683
2018,Female,160.0,61.733
2018,Female,171.0,62.183
2018,Female,183.0,62.433
2018,Female,197.0,63.2
2018,Female,197.0,63.2
2018,Female,200.0,63.267
2018,Female,202.0,63.283
2018,Female,217.0,63.617
2018,Female,218.0,63.667
2018,Female,234.0,64.25
2018,Female,248.0,64.483
2018,Female,258.0,64.75
2018,Female,265.0,64.933
2018,Female,267.0,64.967
2018,Female,277.0,65.2
2018,Female,279.0,65.25
2018,Female,283.0,65.3
2018,Female,285.0,65.367
2018,Female,290.0,65.467
2018,Female,290.0,65.467
2018,Female,292.0,65.55
2018,Female,295.0,65.567
2018,Female,296.0,65.583
2018,Female,303.0,65.717
2018,Female,303.0,65.717
2018,Female,306.0,65.767
2018,Female,313.0,65.883
2018,Female,316.0,65.95
2018,Female,316.0,65.95
2018,Female,322.0,66.083
2018,Female,336.0,66.4
2018,Female,337.0,66.417
2018,Female,339.0,66.467
2018,Female,358.0,66.967
2018,Female,360.0,67.017
2018,Female,363.0,67.033
2018,Female,366.0,67.067
2018,Female,373.0,67.267
2018,Female,385.0,67.517
2018,Female,394.0,67.683
2018,Female,402.0,67.817
2018,Female,408.0,67.933
2018,Female,413.0,68.117
2018,Female,446.0,68.583
2018,Female,447.0,68.6
2018,Female,450.0,68.65
2018,Female,471.0,69.05
2018,Female,486.0,69.233
2018,Female,489.0,69.267
2018,Female,491.0,69.283
2018,Female,509.0,69.533
2018,Female,515.0,69.65
2018,Female,515.0,69.65
2018,Female,528.0,69.8
2018,Female,533.0,69.867
2018,Female,550.0,70.233
2018,Female,551.0,70.3
2018,Female,554.0,70.35
2018,Female,564.0,70.467
2018,Female,568.0,70.517
2018,Female,571.0,70.583
2018,Female,571.0,70.583
2018,Female,579.0,70.667
2018,Female,581.0,70.7
2018,Female,588.0,70.75
2018,Female,610.0,70.983
2018,Female,613.0,71.0
2018,Female,625.0,71.167
2018,Female,630.0,71.217
2018,Female,637.0,71.35
2018,Female,640.0,71.383
2018,Female,640.0,71.383
2018,Female,655.0,71.617
2018,Female,658.0,71.633
2018,Female,664.0,71.733
2018,Female,678.0,71.867
2018,Female,683.0,71.983
2018,Female,693.0,72.167
2018,Female,694.0,72.183
2018,Female,694.0,72.183
2018,Female,699.0,72.2
2018,Female,700.0,72.233
2018,Female,714.0,72.4
2018,Female,714.0,72.4
2018,Female,714.0,72.4
2018,Female,717.0,72.433
2018,Female,720.0,72.483
2018,Female,728.0,72.683
2018,Female,735.0,72.833
2018,Female,743.0,73.0
2018,Female,743.0,73.0
2018,Female,746.0,73.017
2018,Female,748.0,73.05
2018,Female,748.0,73.05
2018,Female,751.0,73.067
2018,Female,758.0,73.167
2018,Female,758.0,73.167
2018,Female,763.0,73.2
2018,Female,767.0,73.25
2018,Female,785.0,73.517
2018,Female,787.0,73.567
2018,Female,795.0,73.683
2018,Female,795.0,73.683
2018,Female,798.0,73.717
2018,Female,800.0,73.733
2018,Female,810.0,73.817
2018,Female,810.0,73.817
2018,Female,813.0,73.833
2018,Female,826.0,74.1
2018,Female,834.0,74.2
2018,Female,835.0,74.217
2018,Female,839.0,74.283
2018,Female,839.0,74.283
2018,Female,848.0,74.383
2018,Female,863.0,74.583
2018,Female,867.0,74.65
2018,Female,869.0,74.7
2018,Female,874.0,74.75
2018,Female,886.0,74.833
2018,Female,886.0,74.833
2018,Female,890.0,74.867
2018,Female,892.0,74.883
2018,Female,897.0,75.033
2018,Female,898.0,75.05
2018,Female,900.0,75.117
2018,Female,901.0,75.15
2018,Female,903.0,75.217
2018,Female,905.0,75.233
2018,Female,907.0,75.267
2018,Female,909.0,75.367
2018,Female,910.0,75.433
2018,Female,927.0,75.667
2018,Female,927.0,75.667
2018,Female,931.0,75.7
2018,Female,932.0,75.717
2018,Female,947.0,76.067
2018,Female,951.0,76.117
2018,Female,952.0,76.133
2018,Female,956.0,76.217
2018,Female,962.0,76.267
2018,Female,968.0,76.3
2018,Female,981.0,76.583
2018,Female,981.0,76.583
2018,Female,984.0,76.617
2018,Female,985.0,76.633
2018,Female,988.0,76.65
2018,Female,994.0,76.7
2018,Female,1000.0,76.767
2018,Female,1001.0,76.783
2018,Female,1001.0,76.783
2018,Female,1009.0,76.95
2018,Female,1012.0,76.983
2018,Female,1019.0,77.05
2018,Female,1022.0,77.083
2018,Female,1023.0,77.133
2018,Female,1029.0,77.183
2018,Female,1044.0,77.317
2018,Female,1044.0,77.317
2018,Female,1044.0,77.317
2018,Female,1055.0,77.483
2018,Female,1062.0,77.617
2018,Female,1063.0,77.633
2018,Female,1065.0,77.667
2018,Female,1070.0,77.717
2018,Female,1072.0,77.767
2018,Female,1075.0,77.8
2018,Female,1079.0,77.833
2018,Female,1080.0,77.867
2018,Female,1082.0,77.9
2018,Female,1084.0,77.933
2018,Female,1086.0,77.967
2018,Female,1094.0,78.05
2018,Female,1095.0,78.083
2018,Female,1095.0,78.083
2018,Female,1100.0,78.133
2018,Female,1102.0,78.167
2018,Female,1105.0,78.2
2018,Female,1107.0,78.217
2018,Female,1112.0,78.25
2018,Female,1112.0,78.25
2018,Female,1112.0,78.25
2018,Female,1117.0,78.333
2018,Female,1117.0,78.333
2018,Female,1120.0,78.35
2018,Female,1120.0,78.35
2018,Female,1124.0,78.383
2018,Female,1128.0,78.433
2018,Female,1133.0,78.483
2018,Female,1135.0,78.55
2018,Female,1137.0,78.583
2018,Female,1137.0,78.583
2018,Female,1149.0,78.767
2018,Female,1152.0,78.867
2018,Female,1154.0,78.883
2018,Female,1156.0,78.917
2018,Female,1159.0,78.967
2018,Female,1161.0,78.983
2018,Female,1171.0,79.133
2018,Female,1171.0,79.133
2018,Female,1176.0,79.167
2018,Female,1179.0,79.2
2018,Female,1184.0,79.283
2018,Female,1185.0,79.3
2018,Female,1186.0,79.317
2018,Female,1188.0,79.333
2018,Female,1192.0,79.383
2018,Female,1198.0,79.65
2018,Female,1201.0,79.767
2018,Female,1206.0,79.833
2018,Female,1207.0,79.85
2018,Female,1208.0,79.883
2018,Female,1212.0,79.95
2018,Female,1215.0,80.033
2018,Female,1216.0,80.067
2018,Female,1217.0,80.133
2018,Female,1225.0,80.283
2018,Female,1227.0,80.3
2018,Female,1228.0,80.333
2018,Female,1234.0,80.383
2018,Female,1242.0,80.5
2018,Female,1242.0,80.5
2018,Female,1244.0,80.533
2018,Female,1246.0,80.55
2018,Female,1247.0,80.583
2018,Female,1250.0,80.633
2018,Female,1250.0,80.633
2018,Female,1253.0,80.683
2018,Female,1253.0,80.683
2018,Female,1259.0,80.733
2018,Female,1263.0,80.75
2018,Female,1265.0,80.767
2018,Female,1267.0,80.8
2018,Female,1270.0,80.9
2018,Female,1273.0,80.967
2018,Female,1278.0,81.05
2018,Female,1281.0,81.133
2018,Female,1287.0,81.217
2018,Female,1293.0,81.383
2018,Female,1293.0,81.383
2018,Female,1295.0,81.4
2018,Female,1298.0,81.417
2018,Female,1300.0,81.467
2018,Female,1304.0,81.55
2018,Female,1311.0,81.667
2018,Female,1313.0,81.7
2018,Female,1315.0,81.75
2018,Female,1324.0,82.017
2018,Female,1328.0,82.117
2018,Female,1330.0,82.133
2018,Female,1332.0,82.15
2018,Female,1332.0,82.15
2018,Female,1338.0,82.233
2018,Female,1341.0,82.283
2018,Female,1343.0,82.3
2018,Female,1348.0,82.383
2018,Female,1350.0,82.4
2018,Female,1355.0,82.467
2018,Female,1361.0,82.583
2018,Female,1367.0,82.667
2018,Female,1367.0,82.667
2018,Female,1369.0,82.683
2018,Female,1373.0,82.717
2018,Female,1374.0,82.767
2018,Female,1375.0,82.783
2018,Female,1381.0,82.85
2018,Female,1383.0,82.9
2018,Female,1385.0,82.933
2018,Female,1386.0,82.967
2018,Female,1386.0,82.967
2018,Female,1386.0,82.967
2018,Female,1392.0,83.017
2018,Female,1394.0,83.1
2018,Female,1395.0,83.15
2018,Female,1396.0,83.167
2018,Female,1397.0,83.183
2018,Female,1400.0,83.217
2018,Female,1403.0,83.267
2018,Female,1407.0,83.3
2018,Female,1408.0,83.317
2018,Female,1409.0,83.367
2018,Female,1416.0,83.467
2018,Female,1416.0,83.467
2018,Female,1422.0,83.567
2018,Female,1426.0,83.633
2018,Female,1428.0,83.65
2018,Female,1429.0,83.667
2018,Female,1431.0,83.683
2018,Female,1431.0,83.683
2018,Female,1434.0,83.75
2018,Female,1437.0,83.767
2018,Female,1444.0,84.0
2018,Female,1448.0,84.1
2018,Female,1452.0,84.217
2018,Female,1454.0,84.25
2018,Female,1457.0,84.3
2018,Female,1459.0,84.383
2018,Female,1460.0,84.417
2018,Female,1461.0,84.467
2018,Female,1462.0,84.483
2018,Female,1467.0,84.55
2018,Female,1475.0,84.667
2018,Female,1479.0,84.717
2018,Female,1480.0,84.733
2018,Female,1480.0,84.733
2018,Female,1485.0,84.8
2018,Female,1486.0,84.833
2018,Female,1487.0,84.883
2018,Female,1499.0,85.0
2018,Female,1503.0,85.033
2018,Female,1505.0,85.067
2018,Female,1507.0,85.1
2018,Female,1507.0,85.1
2018,Female,1512.0,85.117
2018,Female,1513.0,85.15
2018,Female,1514.0,85.167
2018,Female,1515.0,85.2
2018,Female,1517.0,85.25
2018,Female,1520.0,85.283
2018,Female,1520.0,85.283
2018,Female,1522.0,85.3
2018,Female,1525.0,85.333
2018,Female,1528.0,85.4
2018,Female,1530.0,85.417
2018,Female,1534.0,85.517
2018,Female,1535.0,85.533
2018,Female,1541.0,85.617
2018,Female,1543.0,85.667
2018,Female,1544.0,85.683
2018,Female,1544.0,85.683
2018,Female,1546.0,85.7
2018,Female,1549.0,85.767
2018,Female,1556.0,85.883
2018,Female,1561.0,85.983
2018,Female,1565.0,86.117
2018,Female,1566.0,86.15
2018,Female,1567.0,86.167
2018,Female,1569.0,86.183
2018,Female,1569.0,86.183
2018,Female,1571.0,86.217
2018,Female,1574.0,86.25
2018,Female,1578.0,86.3
2018,Female,1588.0,86.55
2018,Female,1590.0,86.567
2018,Female,1593.0,86.633
2018,Female,1596.0,86.683
2018,Female,1597.0,86.7
2018,Female,1602.0,86.817
2018,Female,1605.0,86.933
2018,Female,1607.0,86.95
2018,Female,1618.0,87.167
2018,Female,1624.0,87.25
2018,Female,1628.0,87.317
2018,Female,1628.0,87.317
2018,Female,1632.0,87.35
2018,Female,1633.0,87.367
2018,Female,1636.0,87.4
2018,Female,1636.0,87.4
2018,Female,1639.0,87.45
2018,Female,1640.0,87.483
2018,Female,1642.0,87.55
2018,Female,1644.0,87.667
2018,Female,1645.0,87.683
2018,Female,1647.0,87.733
2018,Female,1649.0,87.783
2018,Female,1653.0,87.833
2018,Female,1656.0,87.917
2018,Female,1656.0,87.917
2018,Female,1658.0,87.95
2018,Female,1659.0,87.983
2018,Female,1663.0,88.05
2018,Female,1663.0,88.05
2018,Female,1668.0,88.117
2018,Female,1670.0,88.15
2018,Female,1673.0,88.25
2018,Female,1675.0,88.283
2018,Female,1677.0,88.317
2018,Female,1678.0,88.333
2018,Female,1683.0,88.467
2018,Female,1685.0,88.5
2018,Female,1691.0,88.583
2018,Female,1692.0,88.683
2018,Female,1696.0,88.733
2018,Female,1698.0,88.75
2018,Female,1707.0,89.05
2018,Female,1709.0,89.067
2018,Female,1710.0,89.117
2018,Female,1716.0,89.35
2018,Female,1717.0,89.367
2018,Female,1720.0,89.383
2018,Female,1720.0,89.383
2018,Female,1725.0,89.433
2018,Female,1727.0,89.467
2018,Female,1736.0,89.65
2018,Female,1738.0,89.683
2018,Female,1743.0,89.867
2018,Female,1744.0,89.933
2018,Female,1745.0,89.983
2018,Female,1748.0,90.0
2018,Female,1752.0,90.05
2018,Female,1754.0,90.1
2018,Female,1754.0,90.1
2018,Female,1756.0,90.133
2018,Female,1759.0,90.2
2018,Female,1765.0,90.3
2018,Female,1766.0,90.333
2018,Female,1769.0,90.383
2018,Female,1774.0,90.517
2018,Female,1777.0,90.533
2018,Female,1777.0,90.533
2018,Female,1781.0,90.55
2018,Female,1784.0,90.65
2018,Female,1785.0,90.7
2018,Female,1786.0,90.767
2018,Female,1787.0,90.8
2018,Female,1791.0,90.95
2018,Female,1793.0,90.983
2018,Female,1795.0,91.017
2018,Female,1800.0,91.1
2018,Female,1801.0,91.133
2018,Female,1805.0,91.167
2018,Female,1811.0,91.267
2018,Female,1815.0,91.433
2018,Female,1816.0,91.483
2018,Female,1818.0,91.567
2018,Female,1821.0,91.667
2018,Female,1821.0,91.667
2018,Female,1823.0,91.683
2018,Female,1826.0,91.7
2018,Female,1828.0,91.733
2018,Female,1830.0,91.767
2018,Female,1832.0,91.833
2018,Female,1833.0,91.85
2018,Female,1835.0,91.883
2018,Female,1840.0,91.95
2018,Female,1845.0,92.0
2018,Female,1846.0,92.017
2018,Female,1850.0,92.233
2018,Female,1853.0,92.283
2018,Female,1855.0,92.3
2018,Female,1857.0,92.417
2018,Female,1859.0,92.433
2018,Female,1862.0,92.5
2018,Female,1867.0,92.617
2018,Female,1869.0,92.683
2018,Female,1870.0,92.7
2018,Female,1871.0,92.8
2018,Female,1873.0,92.967
2018,Female,1878.0,93.033
2018,Female,1878.0,93.033
2018,Female,1878.0,93.033
2018,Female,1881.0,93.05
2018,Female,1881.0,93.05
2018,Female,1887.0,93.133
2018,Female,1887.0,93.133
2018,Female,1890.0,93.15
2018,Female,1893.0,93.183
2018,Female,1899.0,93.4
2018,Female,1902.0,93.483
2018,Female,1904.0,93.6
2018,Female,1905.0,93.633
2018,Female,1907.0,93.7
2018,Female,1911.0,93.9
2018,Female,1916.0,93.967
2018,Female,1919.0,94.167
2018,Female,1921.0,94.217
2018,Female,1922.0,94.283
2018,Female,1924.0,94.3
2018,Female,1927.0,94.367
2018,Female,1929.0,94.433
2018,Female,1936.0,94.733
2018,Female,1938.0,94.817
2018,Female,1939.0,94.85
2018,Female,1939.0,94.85
2018,Female,1943.0,94.95
2018,Female,1951.0,95.167
2018,Female,1954.0,95.283
2018,Female,1954.0,95.283
2018,Female,1963.0,95.683
2018,Female,1967.0,95.8
2018,Female,1968.0,95.833
2018,Female,1969.0,95.85
2018,Female,1970.0,95.867
2018,Female,1978.0,96.017
2018,Female,1982.0,96.15
2018,Female,1983.0,96.2
2018,Female,1985.0,96.25
2018,Female,1985.0,96.25
2018,Female,1989.0,96.35
2018,Female,1990.0,96.367
2018,Female,1991.0,96.383
2018,Female,1992.0,96.4
2018,Female,2002.0,97.067
2018,Female,2003.0,97.117
2018,Female,2004.0,97.283
2018,Female,2005.0,97.3
2018,Female,2007.0,97.35
2018,Female,2009.0,97.417
2018,Female,2014.0,97.8
2018,Female,2017.0,97.917
2018,Female,2018.0,97.933
2018,Female,2029.0,98.767
2018,Female,2029.0,98.767
2018,Female,2032.0,98.85
2018,Female,2034.0,98.95
2018,Female,2034.0,98.95
2018,Female,2036.0,99.0
2018,Female,2037.0,99.083
2018,Female,2038.0,99.133
2018,Female,2038.0,99.133
2018,Female,2042.0,99.267
2018,Female,2048.0,99.417
2018,Female,2051.0,99.433
2018,Female,2052.0,99.583
2018,Female,2061.0,100.083
2018,Female,2064.0,100.283
2018,Female,2065.0,100.3
2018,Female,2066.0,100.35
2018,Female,2067.0,100.433
2018,Female,2068.0,100.45
2018,Female,2070.0,100.533
2018,Female,2071.0,100.55
2018,Female,2073.0,100.717
2018,Female,2074.0,100.8
2018,Female,2076.0,100.867
2018,Female,2082.0,101.183
2018,Female,2084.0,101.417
2018,Female,2087.0,101.583
2018,Female,2092.0,102.117
2018,Female,2094.0,102.217
2018,Female,2095.0,102.283
2018,Female,2096.0,102.333
2018,Female,2098.0,102.45
2018,Female,2099.0,102.667
2018,Female,2105.0,103.25
2018,Female,2108.0,103.55
2018,Female,2115.0,104.267
2018,Female,2115.0,104.267
2018,Female,2120.0,104.383
2018,Female,2121.0,104.45
2018,Female,2126.0,105.85
2018,Female,2128.0,105.967
2018,Female,2129.0,106.067
2018,Female,2132.0,106.45
2018,Female,2133.0,106.467
2018,Female,2135.0,106.633
2018,Female,2136.0,106.9
2018,Female,2137.0,107.083
2018,Female,2140.0,107.867
2018,Female,2141.0,108.033
2018,Female,2144.0,108.767
2018,Female,2145.0,108.9
2018,Female,2148.0,109.133
2018,Female,2151.0,109.7
2018,Female,2156.0,109.917
2018,Female,2157.0,110.083
2018,Female,2158.0,110.683
2018,Female,2159.0,110.983
2018,Female,2161.0,111.217
2018,Female,2162.0,111.233
2018,Female,2165.0,111.867
2018,Female,2171.0,112.683
2018,Female,2172.0,112.717
2018,Female,2173.0,112.75
2018,Female,2176.0,113.333
2018,Female,2177.0,113.483
2018,Female,2178.0,113.967
2018,Female,2180.0,114.267
2018,Female,2182.0,114.833
2018,Female,2185.0,115.067
2018,Female,2193.0,117.85
2018,Female,2194.0,118.233
2018,Female,2196.0,118.75
2018,Female,2197.0,118.8
2018,Female,2201.0,119.4
2018,Female,2204.0,119.767
2018,Female,2209.0,121.033
2018,Female,2212.0,122.4
2018,Female,2215.0,123.183
2018,Female,2216.0,123.233
2018,Female,2218.0,123.5
2018,Female,2222.0,124.733
2018,Female,2224.0,124.983
2018,Female,2228.0,126.3
2018,Female,2229.0,126.35
2018,Female,2229.0,126.35
2018,Female,2232.0,127.5
2018,Female,2233.0,127.533
2018,Female,2235.0,128.483
2018,Female,2237.0,128.767
2018,Female,2238.0,128.883
2018,Female,2240.0,129.083
2018,Female,2242.0,129.433
2018,Female,2244.0,129.75
2018,Female,2246.0,130.2
2018,Female,2247.0,130.317
2018,Female,2248.0,130.333
2018,Female,2249.0,130.55
2018,Female,2250.0,130.75
2018,Female,2252.0,132.05
2018,Female,2255.0,132.333
2018,Female,2256.0,132.4
2018,Female,2257.0,132.783
2018,Female,2261.0,133.35
2018,Female,2264.0,133.867
2018,Female,2265.0,134.433
2018,Female,2266.0,134.583
2018,Female,2268.0,134.783
2018,Female,2270.0,135.917
2018,Female,2275.0,137.317
2018,Female,2278.0,138.6
2018,Female,2280.0,139.05
2018,Female,2281.0,139.5
2018,Female,2284.0,140.5
2018,Female,2287.0,141.583
2018,Female,2288.0,142.583
2018,Female,2289.0,143.017
2018,Female,2290.0,144.367
2018,Female,2291.0,145.017
2018,Female,2294.0,146.967
2018,Female,2296.0,148.917
2018,Female,2298.0,151.633
2019,Male,3.0,48.467
2019,Male,4.0,48.533
2019,Male,5.0,48.883
2019,Male,6.0,49.1
2019,Male,7.0,49.15
2019,Male,8.0,49.283
2019,Male,9.0,49.333
2019,Male,10.0,49.467
2019,Male,11.0,49.983
2019,Male,13.0,50.3
2019,Male,14.0,50.517
2019,Male,15.0,51.2
2019,Male,16.0,51.367
2019,Male,17.0,51.583
2019,Male,20.0,52.05
2019,Male,21.0,52.083
2019,Male,22.0,52.117
2019,Male,23.0,52.167
2019,Male,25.0,52.267
2019,Male,30.0,52.983
2019,Male,30.0,52.983
2019,Male,32.0,53.0
2019,Male,33.0,53.133
2019,Male,36.0,53.467
2019,Male,37.0,53.6
2019,Male,39.0,53.717
2019,Male,39.0,53.717
2019,Male,42.0,53.75
2019,Male,43.0,53.783
2019,Male,44.0,53.95
2019,Male,46.0,54.183
2019,Male,47.0,54.25
2019,Male,48.0,54.3
2019,Male,50.0,54.367
2019,Male,50.0,54.367
2019,Male,50.0,54.367
2019,Male,53.0,54.45
2019,Male,54.0,54.533
2019,Male,55.0,54.55
2019,Male,57.0,54.717
2019,Male,57.0,54.717
2019,Male,59.0,54.75
2019,Male,59.0,54.75
2019,Male,61.0,54.783
2019,Male,62.0,54.8
2019,Male,62.0,54.8
2019,Male,64.0,54.883
2019,Male,65.0,54.95
2019,Male,66.0,55.033
2019,Male,67.0,55.167
2019,Male,68.0,55.25
2019,Male,68.0,55.25
2019,Male,70.0,55.35
2019,Male,70.0,55.35
2019,Male,75.0,55.517
2019,Male,75.0,55.517
2019,Male,77.0,55.533
2019,Male,79.0,55.7
2019,Male,80.0,55.717
2019,Male,80.0,55.717
2019,Male,82.0,55.817
2019,Male,83.0,55.833
2019,Male,84.0,55.883
2019,Male,85.0,55.917
2019,Male,86.0,56.05
2019,Male,89.0,56.2
2019,Male,90.0,56.217
2019,Male,91.0,56.333
2019,Male,93.0,56.683
2019,Male,94.0,56.917
2019,Male,96.0,57.067
2019,Male,97.0,57.083
2019,Male,98.0,57.117
2019,Male,99.0,57.233
2019,Male,99.0,57.233
2019,Male,101.0,57.317
2019,Male,102.0,57.383
2019,Male,104.0,57.517
2019,Male,104.0,57.517
2019,Male,108.0,57.767
2019,Male,110.0,57.95
2019,Male,111.0,57.967
2019,Male,112.0,58.033
2019,Male,113.0,58.067
2019,Male,115.0,58.1
2019,Male,116.0,58.15
2019,Male,117.0,58.167
2019,Male,118.0,58.233
2019,Male,118.0,58.233
2019,Male,120.0,58.25
2019,Male,125.0,58.4
2019,Male,127.0,58.417
2019,Male,128.0,58.483
2019,Male,131.0,58.567
2019,Male,133.0,58.633
2019,Male,133.0,58.633
2019,Male,135.0,58.65
2019,Male,137.0,58.7
2019,Male,138.0,58.767
2019,Male,139.0,58.85
2019,Male,140.0,58.867
2019,Male,142.0,58.983
2019,Male,143.0,59.05
2019,Male,144.0,59.117
2019,Male,144.0,59.117
2019,Male,147.0,59.15
2019,Male,148.0,59.2
2019,Male,149.0,59.217
2019,Male,149.0,59.217
2019,Male,151.0,59.233
2019,Male,152.0,59.317
2019,Male,153.0,59.417
2019,Male,154.0,59.483
2019,Male,154.0,59.483
2019,Male,156.0,59.5
2019,Male,157.0,59.517
2019,Male,158.0,59.533
2019,Male,161.0,59.6
2019,Male,162.0,59.667
2019,Male,163.0,59.683
2019,Male,164.0,59.783
2019,Male,166.0,59.833
2019,Male,167.0,59.883
2019,Male,167.0,59.883
2019,Male,169.0,59.9
2019,Male,170.0,59.933
2019,Male,171.0,60.033
2019,Male,173.0,60.133
2019,Male,176.0,60.267
2019,Male,177.0,60.283
2019,Male,178.0,60.317
2019,Male,179.0,60.333
2019,Male,181.0,60.367
2019,Male,182.0,60.417
2019,Male,183.0,60.433
2019,Male,184.0,60.467
2019,Male,186.0,60.583
2019,Male,188.0,60.617
2019,Male,189.0,60.633
2019,Male,189.0,60.633
2019,Male,191.0,60.65
2019,Male,192.0,60.717
2019,Male,192.0,60.717
2019,Male,194.0,60.767
2019,Male,195.0,60.817
2019,Male,196.0,60.833
2019,Male,198.0,60.933
2019,Male,199.0,60.95
2019,Male,199.0,60.95
2019,Male,202.0,60.983
2019,Male,204.0,61.017
2019,Male,205.0,61.117
2019,Male,205.0,61.117
2019,Male,207.0,61.167
2019,Male,208.0,61.183
2019,Male,208.0,61.183
2019,Male,210.0,61.2
2019,Male,211.0,61.25
2019,Male,212.0,61.3
2019,Male,213.0,61.367
2019,Male,214.0,61.383
2019,Male,216.0,61.45
2019,Male,217.0,61.467
2019,Male,218.0,61.483
2019,Male,219.0,61.5
2019,Male,220.0,61.583
2019,Male,221.0,61.633
2019,Male,222.0,61.683
2019,Male,223.0,61.7
2019,Male,225.0,61.783
2019,Male,225.0,61.783
2019,Male,225.0,61.783
2019,Male,228.0,61.8
2019,Male,232.0,61.833
2019,Male,232.0,61.833
2019,Male,234.0,61.867
2019,Male,235.0,61.933
2019,Male,236.0,61.95
2019,Male,239.0,61.983
2019,Male,242.0,62.0
2019,Male,243.0,62.017
2019,Male,244.0,62.033
2019,Male,245.0,62.05
2019,Male,246.0,62.067
2019,Male,247.0,62.117
2019,Male,248.0,62.133
2019,Male,250.0,62.167
2019,Male,252.0,62.25
2019,Male,253.0,62.3
2019,Male,254.0,62.317
2019,Male,255.0,62.333
2019,Male,256.0,62.35
2019,Male,257.0,62.4
2019,Male,258.0,62.45
2019,Male,259.0,62.517
2019,Male,259.0,62.517
2019,Male,263.0,62.567
2019,Male,264.0,62.583
2019,Male,265.0,62.6
2019,Male,266.0,62.667
2019,Male,268.0,62.683
2019,Male,269.0,62.75
2019,Male,271.0,62.783
2019,Male,271.0,62.783
2019,Male,273.0,62.8
2019,Male,273.0,62.8
2019,Male,275.0,62.85
2019,Male,276.0,62.883
2019,Male,278.0,62.9
2019,Male,279.0,62.917
2019,Male,280.0,62.967
2019,Male,280.0,62.967
2019,Male,282.0,62.983
2019,Male,283.0,63.0
2019,Male,284.0,63.017
2019,Male,285.0,63.033
2019,Male,287.0,63.05
2019,Male,289.0,63.083
2019,Male,290.0,63.133
2019,Male,293.0,63.183
2019,Male,294.0,63.2
2019,Male,297.0,63.3
2019,Male,298.0,63.383
2019,Male,299.0,63.417
2019,Male,300.0,63.433
2019,Male,301.0,63.517
2019,Male,302.0,63.533
2019,Male,304.0,63.55
2019,Male,305.0,63.567
2019,Male,305.0,63.567
2019,Male,305.0,63.567
2019,Male,310.0,63.667
2019,Male,311.0,63.7
2019,Male,312.0,63.733
2019,Male,313.0,63.75
2019,Male,314.0,63.783
2019,Male,317.0,63.867
2019,Male,318.0,63.883
2019,Male,319.0,63.9
2019,Male,320.0,63.917
2019,Male,321.0,63.933
2019,Male,321.0,63.933
2019,Male,323.0,63.95
2019,Male,324.0,63.983
2019,Male,326.0,64.0
2019,Male,327.0,64.017
2019,Male,328.0,64.033
2019,Male,329.0,64.05
2019,Male,329.0,64.05
2019,Male,332.0,64.083
2019,Male,332.0,64.083
2019,Male,335.0,64.117
2019,Male,336.0,64.133
2019,Male,337.0,64.2
2019,Male,337.0,64.2
2019,Male,339.0,64.217
2019,Male,339.0,64.217
2019,Male,341.0,64.25
2019,Male,343.0,64.283
2019,Male,343.0,64.283
2019,Male,346.0,64.333
2019,Male,346.0,64.333
2019,Male,346.0,64.333
2019,Male,346.0,64.333
2019,Male,350.0,64.35
2019,Male,350.0,64.35
2019,Male,352.0,64.367
2019,Male,353.0,64.417
2019,Male,353.0,64.417
2019,Male,355.0,64.433
2019,Male,357.0,64.45
2019,Male,358.0,64.467
2019,Male,360.0,64.517
2019,Male,360.0,64.517
2019,Male,360.0,64.517
2019,Male,363.0,64.55
2019,Male,366.0,64.583
2019,Male,368.0,64.6
2019,Male,370.0,64.65
2019,Male,371.0,64.667
2019,Male,372.0,64.767
2019,Male,372.0,64.767
2019,Male,374.0,64.8
2019,Male,374.0,64.8
2019,Male,377.0,64.833
2019,Male,377.0,64.833
2019,Male,379.0,64.883
2019,Male,380.0,64.9
2019,Male,381.0,64.917
2019,Male,382.0,64.95
2019,Male,383.0,65.0
2019,Male,383.0,65.0
2019,Male,386.0,65.017
2019,Male,387.0,65.05
2019,Male,388.0,65.083
2019,Male,388.0,65.083
2019,Male,391.0,65.117
2019,Male,391.0,65.117
2019,Male,393.0,65.167
2019,Male,393.0,65.167
2019,Male,395.0,65.183
2019,Male,395.0,65.183
2019,Male,397.0,65.217
2019,Male,398.0,65.233
2019,Male,398.0,65.233
2019,Male,400.0,65.267
2019,Male,400.0,65.267
2019,Male,402.0,65.283
2019,Male,405.0,65.317
2019,Male,406.0,65.333
2019,Male,406.0,65.333
2019,Male,406.0,65.333
2019,Male,406.0,65.333
2019,Male,410.0,65.367
2019,Male,411.0,65.383
2019,Male,411.0,65.383
2019,Male,413.0,65.4
2019,Male,413.0,65.4
2019,Male,416.0,65.433
2019,Male,418.0,65.45
2019,Male,418.0,65.45
2019,Male,420.0,65.467
2019,Male,420.0,65.467
2019,Male,420.0,65.467
2019,Male,420.0,65.467
2019,Male,424.0,65.483
2019,Male,427.0,65.517
2019,Male,428.0,65.55
2019,Male,428.0,65.55
2019,Male,430.0,65.567
2019,Male,430.0,65.567
2019,Male,430.0,65.567
2019,Male,433.0,65.583
2019,Male,434.0,65.6
2019,Male,434.0,65.6
2019,Male,436.0,65.683
2019,Male,436.0,65.683
2019,Male,438.0,65.7
2019,Male,438.0,65.7
2019,Male,438.0,65.7
2019,Male,442.0,65.717
2019,Male,444.0,65.75
2019,Male,445.0,65.783
2019,Male,446.0,65.8
2019,Male,448.0,65.817
2019,Male,450.0,65.85
2019,Male,450.0,65.85
2019,Male,450.0,65.85
2019,Male,453.0,65.867
2019,Male,455.0,65.883
2019,Male,456.0,65.917
2019,Male,456.0,65.917
2019,Male,458.0,65.95
2019,Male,459.0,65.983
2019,Male,460.0,66.0
2019,Male,460.0,66.0
2019,Male,460.0,66.0
2019,Male,460.0,66.0
2019,Male,464.0,66.017
2019,Male,465.0,66.033
2019,Male,465.0,66.033
2019,Male,465.0,66.033
2019,Male,469.0,66.083
2019,Male,470.0,66.1
2019,Male,470.0,66.1
2019,Male,473.0,66.117
2019,Male,473.0,66.117
2019,Male,473.0,66.117
2019,Male,477.0,66.133
2019,Male,478.0,66.15
2019,Male,478.0,66.15
2019,Male,478.0,66.15
2019,Male,478.0,66.15
2019,Male,484.0,66.217
2019,Male,484.0,66.217
2019,Male,486.0,66.233
2019,Male,486.0,66.233
2019,Male,488.0,66.267
2019,Male,488.0,66.267
2019,Male,490.0,66.283
2019,Male,490.0,66.283
2019,Male,490.0,66.283
2019,Male,493.0,66.3
2019,Male,495.0,66.35
2019,Male,498.0,66.383
2019,Male,501.0,66.433
2019,Male,502.0,66.45
2019,Male,503.0,66.483
2019,Male,505.0,66.5
2019,Male,506.0,66.517
2019,Male,507.0,66.533
2019,Male,507.0,66.533
2019,Male,509.0,66.55
2019,Male,509.0,66.55
2019,Male,509.0,66.55
2019,Male,509.0,66.55
2019,Male,509.0,66.55
2019,Male,509.0,66.55
2019,Male,515.0,66.567
2019,Male,519.0,66.583
2019,Male,519.0,66.583
2019,Male,521.0,66.6
2019,Male,521.0,66.6
2019,Male,523.0,66.617
2019,Male,524.0,66.633
2019,Male,525.0,66.65
2019,Male,526.0,66.667
2019,Male,527.0,66.683
2019,Male,527.0,66.683
2019,Male,531.0,66.717
2019,Male,532.0,66.733
2019,Male,533.0,66.75
2019,Male,536.0,66.8
2019,Male,537.0,66.867
2019,Male,537.0,66.867
2019,Male,539.0,66.883
2019,Male,540.0,66.917
2019,Male,541.0,66.933
2019,Male,542.0,66.95
2019,Male,543.0,66.967
2019,Male,544.0,67.033
2019,Male,544.0,67.033
2019,Male,546.0,67.05
2019,Male,546.0,67.05
2019,Male,548.0,67.067
2019,Male,548.0,67.067
2019,Male,548.0,67.067
2019,Male,551.0,67.083
2019,Male,552.0,67.117
2019,Male,552.0,67.117
2019,Male,554.0,67.133
2019,Male,554.0,67.133
2019,Male,556.0,67.15
2019,Male,558.0,67.267
2019,Male,558.0,67.267
2019,Male,560.0,67.283
2019,Male,560.0,67.283
2019,Male,563.0,67.3
2019,Male,563.0,67.3
2019,Male,566.0,67.35
2019,Male,566.0,67.35
2019,Male,569.0,67.367
2019,Male,569.0,67.367
2019,Male,571.0,67.383
2019,Male,574.0,67.433
2019,Male,574.0,67.433
2019,Male,577.0,67.467
2019,Male,577.0,67.467
2019,Male,577.0,67.467
2019,Male,580.0,67.483
2019,Male,582.0,67.533
2019,Male,582.0,67.533
2019,Male,584.0,67.55
2019,Male,584.0,67.55
2019,Male,584.0,67.55
2019,Male,587.0,67.567
2019,Male,589.0,67.6
2019,Male,591.0,67.65
2019,Male,591.0,67.65
2019,Male,593.0,67.667
2019,Male,593.0,67.667
2019,Male,595.0,67.683
2019,Male,595.0,67.683
2019,Male,597.0,67.717
2019,Male,597.0,67.717
2019,Male,600.0,67.733
2019,Male,601.0,67.75
2019,Male,601.0,67.75
2019,Male,603.0,67.767
2019,Male,607.0,67.8
2019,Male,607.0,67.8
2019,Male,609.0,67.817
2019,Male,609.0,67.817
2019,Male,611.0,67.833
2019,Male,612.0,67.85
2019,Male,613.0,67.867
2019,Male,614.0,67.917
2019,Male,614.0,67.917
2019,Male,616.0,67.933
2019,Male,616.0,67.933
2019,Male,618.0,67.967
2019,Male,619.0,67.983
2019,Male,620.0,68.0
2019,Male,622.0,68.017
2019,Male,624.0,68.033
2019,Male,624.0,68.033
2019,Male,626.0,68.05
2019,Male,626.0,68.05
2019,Male,628.0,68.083
2019,Male,628.0,68.083
2019,Male,630.0,68.1
2019,Male,630.0,68.1
2019,Male,632.0,68.133
2019,Male,635.0,68.15
2019,Male,636.0,68.2
2019,Male,636.0,68.2
2019,Male,638.0,68.217
2019,Male,639.0,68.25
2019,Male,639.0,68.25
2019,Male,639.0,68.25
2019,Male,642.0,68.267
2019,Male,642.0,68.267
2019,Male,642.0,68.267
2019,Male,646.0,68.283
2019,Male,646.0,68.283
2019,Male,646.0,68.283
2019,Male,649.0,68.3
2019,Male,649.0,68.3
2019,Male,649.0,68.3
2019,Male,652.0,68.317
2019,Male,653.0,68.333
2019,Male,654.0,68.367
2019,Male,654.0,68.367
2019,Male,656.0,68.383
2019,Male,657.0,68.4
2019,Male,657.0,68.4
2019,Male,657.0,68.4
2019,Male,660.0,68.417
2019,Male,660.0,68.417
2019,Male,663.0,68.433
2019,Male,663.0,68.433
2019,Male,663.0,68.433
2019,Male,663.0,68.433
2019,Male,668.0,68.45
2019,Male,669.0,68.467
2019,Male,671.0,68.483
2019,Male,671.0,68.483
2019,Male,671.0,68.483
2019,Male,675.0,68.5
2019,Male,676.0,68.533
2019,Male,677.0,68.567
2019,Male,677.0,68.567
2019,Male,679.0,68.583
2019,Male,679.0,68.583
2019,Male,681.0,68.6
2019,Male,681.0,68.6
2019,Male,683.0,68.633
2019,Male,683.0,68.633
2019,Male,685.0,68.65
2019,Male,685.0,68.65
2019,Male,687.0,68.667
2019,Male,687.0,68.667
2019,Male,689.0,68.683
2019,Male,690.0,68.7
2019,Male,691.0,68.717
2019,Male,691.0,68.717
2019,Male,693.0,68.733
2019,Male,694.0,68.75
2019,Male,694.0,68.75
2019,Male,698.0,68.8
2019,Male,698.0,68.8
2019,Male,698.0,68.8
2019,Male,701.0,68.817
2019,Male,701.0,68.817
2019,Male,701.0,68.817
2019,Male,704.0,68.833
2019,Male,704.0,68.833
2019,Male,707.0,68.85
2019,Male,709.0,68.867
2019,Male,709.0,68.867
2019,Male,712.0,68.917
2019,Male,713.0,68.933
2019,Male,715.0,68.967
2019,Male,717.0,68.983
2019,Male,718.0,69.0
2019,Male,719.0,69.067
2019,Male,720.0,69.083
2019,Male,720.0,69.083
2019,Male,723.0,69.1
2019,Male,723.0,69.1
2019,Male,725.0,69.117
2019,Male,727.0,69.15
2019,Male,727.0,69.15
2019,Male,727.0,69.15
2019,Male,727.0,69.15
2019,Male,731.0,69.167
2019,Male,732.0,69.183
2019,Male,733.0,69.2
2019,Male,734.0,69.217
2019,Male,735.0,69.233
2019,Male,737.0,69.25
2019,Male,737.0,69.25
2019,Male,737.0,69.25
2019,Male,740.0,69.267
2019,Male,740.0,69.267
2019,Male,743.0,69.283
2019,Male,743.0,69.283
2019,Male,745.0,69.3
2019,Male,746.0,69.317
2019,Male,747.0,69.333
2019,Male,747.0,69.333
2019,Male,749.0,69.35
2019,Male,749.0,69.35
2019,Male,751.0,69.367
2019,Male,751.0,69.367
2019,Male,751.0,69.367
2019,Male,755.0,69.383
2019,Male,755.0,69.383
2019,Male,757.0,69.417
2019,Male,759.0,69.433
2019,Male,760.0,69.45
2019,Male,761.0,69.467
2019,Male,762.0,69.483
2019,Male,764.0,69.5
2019,Male,767.0,69.517
2019,Male,769.0,69.55
2019,Male,772.0,69.583
2019,Male,772.0,69.583
2019,Male,772.0,69.583
2019,Male,775.0,69.6
2019,Male,775.0,69.6
2019,Male,777.0,69.617
2019,Male,777.0,69.617
2019,Male,777.0,69.617
2019,Male,780.0,69.667
2019,Male,780.0,69.667
2019,Male,780.0,69.667
2019,Male,780.0,69.667
2019,Male,784.0,69.683
2019,Male,784.0,69.683
2019,Male,787.0,69.7
2019,Male,788.0,69.717
2019,Male,790.0,69.733
2019,Male,790.0,69.733
2019,Male,790.0,69.733
2019,Male,793.0,69.75
2019,Male,793.0,69.75
2019,Male,797.0,69.767
2019,Male,799.0,69.8
2019,Male,799.0,69.8
2019,Male,801.0,69.833
2019,Male,802.0,69.85
2019,Male,805.0,69.883
2019,Male,806.0,69.933
2019,Male,807.0,69.95
2019,Male,808.0,69.967
2019,Male,809.0,69.983
2019,Male,809.0,69.983
2019,Male,809.0,69.983
2019,Male,812.0,70.0
2019,Male,813.0,70.017
2019,Male,815.0,70.033
2019,Male,817.0,70.067
2019,Male,817.0,70.067
2019,Male,819.0,70.083
2019,Male,820.0,70.1
2019,Male,821.0,70.117
2019,Male,823.0,70.15
2019,Male,825.0,70.183
2019,Male,827.0,70.2
2019,Male,827.0,70.2
2019,Male,830.0,70.267
2019,Male,830.0,70.267
2019,Male,830.0,70.267
2019,Male,835.0,70.283
2019,Male,835.0,70.283
2019,Male,837.0,70.3
2019,Male,840.0,70.317
2019,Male,840.0,70.317
2019,Male,840.0,70.317
2019,Male,843.0,70.333
2019,Male,844.0,70.35
2019,Male,844.0,70.35
2019,Male,844.0,70.35
2019,Male,844.0,70.35
2019,Male,844.0,70.35
2019,Male,850.0,70.383
2019,Male,851.0,70.4
2019,Male,851.0,70.4
2019,Male,851.0,70.4
2019,Male,854.0,70.417
2019,Male,855.0,70.45
2019,Male,857.0,70.483
2019,Male,857.0,70.483
2019,Male,857.0,70.483
2019,Male,861.0,70.5
2019,Male,862.0,70.517
2019,Male,863.0,70.533
2019,Male,864.0,70.55
2019,Male,865.0,70.567
2019,Male,865.0,70.567
2019,Male,865.0,70.567
2019,Male,870.0,70.617
2019,Male,870.0,70.617
2019,Male,872.0,70.633
2019,Male,872.0,70.633
2019,Male,872.0,70.633
2019,Male,875.0,70.65
2019,Male,875.0,70.65
2019,Male,875.0,70.65
2019,Male,875.0,70.65
2019,Male,879.0,70.683
2019,Male,879.0,70.683
2019,Male,881.0,70.7
2019,Male,881.0,70.7
2019,Male,881.0,70.7
2019,Male,881.0,70.7
2019,Male,881.0,70.7
2019,Male,886.0,70.717
2019,Male,886.0,70.717
2019,Male,888.0,70.733
2019,Male,890.0,70.767
2019,Male,890.0,70.767
2019,Male,892.0,70.783
2019,Male,892.0,70.783
2019,Male,896.0,70.833
2019,Male,897.0,70.85
2019,Male,901.0,70.933
2019,Male,902.0,70.967
2019,Male,903.0,70.983
2019,Male,903.0,70.983
2019,Male,903.0,70.983
2019,Male,906.0,71.0
2019,Male,907.0,71.033
2019,Male,908.0,71.05
2019,Male,911.0,71.083
2019,Male,912.0,71.1
2019,Male,912.0,71.1
2019,Male,915.0,71.117
2019,Male,916.0,71.133
2019,Male,917.0,71.15
2019,Male,918.0,71.167
2019,Male,918.0,71.167
2019,Male,920.0,71.183
2019,Male,920.0,71.183
2019,Male,927.0,71.233
2019,Male,928.0,71.25
2019,Male,929.0,71.283
2019,Male,929.0,71.283
2019,Male,931.0,71.3
2019,Male,933.0,71.317
2019,Male,934.0,71.35
2019,Male,934.0,71.35
2019,Male,937.0,71.367
2019,Male,938.0,71.383
2019,Male,938.0,71.383
2019,Male,940.0,71.4
2019,Male,941.0,71.45
2019,Male,941.0,71.45
2019,Male,946.0,71.483
2019,Male,946.0,71.483
2019,Male,946.0,71.483
2019,Male,949.0,71.5
2019,Male,949.0,71.5
2019,Male,949.0,71.5
2019,Male,954.0,71.533
2019,Male,954.0,71.533
2019,Male,956.0,71.55
2019,Male,956.0,71.55
2019,Male,959.0,71.6
2019,Male,959.0,71.6
2019,Male,963.0,71.633
2019,Male,966.0,71.667
2019,Male,966.0,71.667
2019,Male,968.0,71.683
2019,Male,968.0,71.683
2019,Male,970.0,71.7
2019,Male,970.0,71.7
2019,Male,974.0,71.717
2019,Male,974.0,71.717
2019,Male,974.0,71.717
2019,Male,977.0,71.733
2019,Male,978.0,71.75
2019,Male,979.0,71.783
2019,Male,980.0,71.817
2019,Male,981.0,71.833
2019,Male,983.0,71.85
2019,Male,987.0,71.883
2019,Male,988.0,71.9
2019,Male,989.0,71.933
2019,Male,990.0,71.967
2019,Male,990.0,71.967
2019,Male,992.0,71.983
2019,Male,993.0,72.017
2019,Male,993.0,72.017
2019,Male,997.0,72.067
2019,Male,999.0,72.083
2019,Male,999.0,72.083
2019,Male,999.0,72.083
2019,Male,999.0,72.083
2019,Male,999.0,72.083
2019,Male,1004.0,72.1
2019,Male,1004.0,72.1
2019,Male,1004.0,72.1
2019,Male,1004.0,72.1
2019,Male,1009.0,72.133
2019,Male,1009.0,72.133
2019,Male,1011.0,72.167
2019,Male,1012.0,72.183
2019,Male,1013.0,72.2
2019,Male,1014.0,72.217
2019,Male,1015.0,72.233
2019,Male,1015.0,72.233
2019,Male,1017.0,72.267
2019,Male,1018.0,72.283
2019,Male,1019.0,72.333
2019,Male,1019.0,72.333
2019,Male,1019.0,72.333
2019,Male,1022.0,72.35
2019,Male,1022.0,72.35
2019,Male,1024.0,72.367
2019,Male,1024.0,72.367
2019,Male,1026.0,72.4
2019,Male,1026.0,72.4
2019,Male,1026.0,72.4
2019,Male,1029.0,72.417
2019,Male,1029.0,72.417
2019,Male,1031.0,72.433
2019,Male,1031.0,72.433
2019,Male,1034.0,72.533
2019,Male,1036.0,72.55
2019,Male,1037.0,72.567
2019,Male,1037.0,72.567
2019,Male,1040.0,72.6
2019,Male,1040.0,72.6
2019,Male,1040.0,72.6
2019,Male,1040.0,72.6
2019,Male,1040.0,72.6
2019,Male,1045.0,72.617
2019,Male,1048.0,72.65
2019,Male,1049.0,72.683
2019,Male,1049.0,72.683
2019,Male,1051.0,72.7
2019,Male,1051.0,72.7
2019,Male,1054.0,72.733
2019,Male,1055.0,72.75
2019,Male,1056.0,72.767
2019,Male,1059.0,72.8
2019,Male,1059.0,72.8
2019,Male,1059.0,72.8
2019,Male,1063.0,72.817
2019,Male,1065.0,72.85
2019,Male,1067.0,72.867
2019,Male,1067.0,72.867
2019,Male,1069.0,72.933
2019,Male,1071.0,72.967
2019,Male,1072.0,72.983
2019,Male,1072.0,72.983
2019,Male,1075.0,73.017
2019,Male,1076.0,73.033
2019,Male,1079.0,73.067
2019,Male,1080.0,73.083
2019,Male,1084.0,73.117
2019,Male,1085.0,73.133
2019,Male,1086.0,73.167
2019,Male,1086.0,73.167
2019,Male,1086.0,73.167
2019,Male,1089.0,73.217
2019,Male,1089.0,73.217
2019,Male,1094.0,73.25
2019,Male,1094.0,73.25
2019,Male,1094.0,73.25
2019,Male,1097.0,73.283
2019,Male,1098.0,73.3
2019,Male,1098.0,73.3
2019,Male,1101.0,73.367
2019,Male,1101.0,73.367
2019,Male,1104.0,73.4
2019,Male,1104.0,73.4
2019,Male,1107.0,73.417
2019,Male,1108.0,73.433
2019,Male,1108.0,73.433
2019,Male,1112.0,73.483
2019,Male,1112.0,73.483
2019,Male,1112.0,73.483
2019,Male,1112.0,73.483
2019,Male,1116.0,73.5
2019,Male,1116.0,73.5
2019,Male,1118.0,73.517
2019,Male,1119.0,73.55
2019,Male,1120.0,73.567
2019,Male,1120.0,73.567
2019,Male,1120.0,73.567
2019,Male,1120.0,73.567
2019,Male,1120.0,73.567
2019,Male,1125.0,73.583
2019,Male,1125.0,73.583
2019,Male,1125.0,73.583
2019,Male,1129.0,73.65
2019,Male,1129.0,73.65
2019,Male,1131.0,73.667
2019,Male,1131.0,73.667
2019,Male,1134.0,73.683
2019,Male,1134.0,73.683
2019,Male,1136.0,73.717
2019,Male,1136.0,73.717
2019,Male,1138.0,73.783
2019,Male,1140.0,73.833
2019,Male,1140.0,73.833
2019,Male,1140.0,73.833
2019,Male,1143.0,73.867
2019,Male,1144.0,73.9
2019,Male,1145.0,73.917
2019,Male,1145.0,73.917
2019,Male,1145.0,73.917
2019,Male,1145.0,73.917
2019,Male,1149.0,73.933
2019,Male,1153.0,73.95
2019,Male,1155.0,73.967
2019,Male,1155.0,73.967
2019,Male,1159.0,74.0
2019,Male,1160.0,74.017
2019,Male,1161.0,74.033
2019,Male,1161.0,74.033
2019,Male,1161.0,74.033
2019,Male,1161.0,74.033
2019,Male,1165.0,74.067
2019,Male,1166.0,74.083
2019,Male,1167.0,74.1
2019,Male,1171.0,74.15
2019,Male,1171.0,74.15
2019,Male,1171.0,74.15
2019,Male,1175.0,74.167
2019,Male,1176.0,74.183
2019,Male,1177.0,74.2
2019,Male,1177.0,74.2
2019,Male,1179.0,74.217
2019,Male,1183.0,74.267
2019,Male,1186.0,74.283
2019,Male,1186.0,74.283
2019,Male,1188.0,74.317
2019,Male,1190.0,74.333
2019,Male,1192.0,74.35
2019,Male,1192.0,74.35
2019,Male,1194.0,74.367
2019,Male,1194.0,74.367
2019,Male,1194.0,74.367
2019,Male,1197.0,74.383
2019,Male,1198.0,74.4
2019,Male,1199.0,74.417
2019,Male,1200.0,74.433
2019,Male,1202.0,74.45
2019,Male,1202.0,74.45
2019,Male,1207.0,74.467
2019,Male,1207.0,74.467
2019,Male,1209.0,74.517
2019,Male,1210.0,74.55
2019,Male,1211.0,74.583
2019,Male,1213.0,74.6
2019,Male,1213.0,74.6
2019,Male,1217.0,74.65
2019,Male,1218.0,74.7
2019,Male,1218.0,74.7
2019,Male,1218.0,74.7
2019,Male,1222.0,74.717
2019,Male,1222.0,74.717
2019,Male,1222.0,74.717
2019,Male,1226.0,74.767
2019,Male,1228.0,74.783
2019,Male,1228.0,74.783
2019,Male,1230.0,74.8
2019,Male,1232.0,74.833
2019,Male,1232.0,74.833
2019,Male,1232.0,74.833
2019,Male,1235.0,74.85
2019,Male,1236.0,74.867
2019,Male,1238.0,74.9
2019,Male,1238.0,74.9
2019,Male,1238.0,74.9
2019,Male,1241.0,74.917
2019,Male,1241.0,74.917
2019,Male,1245.0,74.933
2019,Male,1245.0,74.933
2019,Male,1247.0,74.967
2019,Male,1249.0,75.0
2019,Male,1251.0,75.017
2019,Male,1252.0,75.033
2019,Male,1253.0,75.083
2019,Male,1255.0,75.117
2019,Male,1255.0,75.117
2019,Male,1258.0,75.15
2019,Male,1260.0,75.217
2019,Male,1261.0,75.233
2019,Male,1262.0,75.25
2019,Male,1263.0,75.267
2019,Male,1264.0,75.283
2019,Male,1265.0,75.333
2019,Male,1266.0,75.367
2019,Male,1269.0,75.383
2019,Male,1270.0,75.4
2019,Male,1270.0,75.4
2019,Male,1273.0,75.417
2019,Male,1274.0,75.433
2019,Male,1274.0,75.433
2019,Male,1274.0,75.433
2019,Male,1278.0,75.45
2019,Male,1281.0,75.5
2019,Male,1282.0,75.533
2019,Male,1285.0,75.55
2019,Male,1286.0,75.583
2019,Male,1286.0,75.583
2019,Male,1288.0,75.6
2019,Male,1289.0,75.617
2019,Male,1289.0,75.617
2019,Male,1291.0,75.65
2019,Male,1291.0,75.65
2019,Male,1294.0,75.667
2019,Male,1295.0,75.7
2019,Male,1296.0,75.717
2019,Male,1297.0,75.75
2019,Male,1299.0,75.767
2019,Male,1299.0,75.767
2019,Male,1302.0,75.783
2019,Male,1302.0,75.783
2019,Male,1302.0,75.783
2019,Male,1307.0,75.867
2019,Male,1310.0,75.883
2019,Male,1310.0,75.883
2019,Male,1312.0,75.933
2019,Male,1312.0,75.933
2019,Male,1312.0,75.933
2019,Male,1315.0,75.967
2019,Male,1317.0,76.0
2019,Male,1318.0,76.017
2019,Male,1318.0,76.017
2019,Male,1321.0,76.05
2019,Male,1323.0,76.083
2019,Male,1325.0,76.1
2019,Male,1327.0,76.117
2019,Male,1327.0,76.117
2019,Male,1329.0,76.133
2019,Male,1330.0,76.15
2019,Male,1333.0,76.183
2019,Male,1335.0,76.217
2019,Male,1336.0,76.25
2019,Male,1336.0,76.25
2019,Male,1336.0,76.25
2019,Male,1339.0,76.267
2019,Male,1339.0,76.267
2019,Male,1341.0,76.283
2019,Male,1342.0,76.3
2019,Male,1343.0,76.317
2019,Male,1346.0,76.35
2019,Male,1347.0,76.367
2019,Male,1349.0,76.45
2019,Male,1350.0,76.483
2019,Male,1351.0,76.517
2019,Male,1351.0,76.517
2019,Male,1353.0,76.533
2019,Male,1355.0,76.55
2019,Male,1355.0,76.55
2019,Male,1357.0,76.567
2019,Male,1357.0,76.567
2019,Male,1359.0,76.583
2019,Male,1360.0,76.617
2019,Male,1361.0,76.65
2019,Male,1362.0,76.667
2019,Male,1365.0,76.717
2019,Male,1366.0,76.733
2019,Male,1366.0,76.733
2019,Male,1369.0,76.783
2019,Male,1369.0,76.783
2019,Male,1371.0,76.8
2019,Male,1373.0,76.833
2019,Male,1373.0,76.833
2019,Male,1376.0,76.85
2019,Male,1377.0,76.9
2019,Male,1378.0,76.917
2019,Male,1379.0,76.933
2019,Male,1381.0,76.95
2019,Male,1381.0,76.95
2019,Male,1381.0,76.95
2019,Male,1385.0,76.983
2019,Male,1387.0,77.017
2019,Male,1389.0,77.05
2019,Male,1390.0,77.1
2019,Male,1391.0,77.183
2019,Male,1393.0,77.217
2019,Male,1394.0,77.233
2019,Male,1395.0,77.25
2019,Male,1395.0,77.25
2019,Male,1397.0,77.267
2019,Male,1399.0,77.283
2019,Male,1400.0,77.35
2019,Male,1402.0,77.383
2019,Male,1402.0,77.383
2019,Male,1405.0,77.417
2019,Male,1405.0,77.417
2019,Male,1407.0,77.483
2019,Male,1407.0,77.483
2019,Male,1407.0,77.483
2019,Male,1410.0,77.5
2019,Male,1415.0,77.55
2019,Male,1415.0,77.55
2019,Male,1417.0,77.567
2019,Male,1418.0,77.583
2019,Male,1418.0,77.583
2019,Male,1422.0,77.65
2019,Male,1424.0,77.667
2019,Male,1427.0,77.7
2019,Male,1430.0,77.717
2019,Male,1432.0,77.75
2019,Male,1434.0,77.783
2019,Male,1435.0,77.817
2019,Male,1435.0,77.817
2019,Male,1437.0,77.833
2019,Male,1439.0,77.85
2019,Male,1441.0,77.883
2019,Male,1442.0,77.917
2019,Male,1443.0,77.933
2019,Male,1443.0,77.933
2019,Male,1443.0,77.933
2019,Male,1447.0,78.0
2019,Male,1448.0,78.017
2019,Male,1449.0,78.033
2019,Male,1450.0,78.05
2019,Male,1454.0,78.083
2019,Male,1456.0,78.15
2019,Male,1456.0,78.15
2019,Male,1456.0,78.15
2019,Male,1460.0,78.25
2019,Male,1460.0,78.25
2019,Male,1462.0,78.3
2019,Male,1465.0,78.333
2019,Male,1466.0,78.367
2019,Male,1468.0,78.4
2019,Male,1469.0,78.467
2019,Male,1469.0,78.467
2019,Male,1469.0,78.467
2019,Male,1472.0,78.5
2019,Male,1472.0,78.5
2019,Male,1474.0,78.517
2019,Male,1475.0,78.55
2019,Male,1479.0,78.617
2019,Male,1480.0,78.65
2019,Male,1485.0,78.733
2019,Male,1487.0,78.767
2019,Male,1488.0,78.8
2019,Male,1490.0,78.817
2019,Male,1490.0,78.817
2019,Male,1493.0,78.833
2019,Male,1499.0,78.933
2019,Male,1499.0,78.933
2019,Male,1499.0,78.933
2019,Male,1502.0,78.983
2019,Male,1504.0,79.033
2019,Male,1507.0,79.05
2019,Male,1509.0,79.183
2019,Male,1511.0,79.2
2019,Male,1513.0,79.233
2019,Male,1514.0,79.25
2019,Male,1515.0,79.267
2019,Male,1516.0,79.317
2019,Male,1519.0,79.367
2019,Male,1521.0,79.383
2019,Male,1522.0,79.4
2019,Male,1522.0,79.4
2019,Male,1524.0,79.433
2019,Male,1524.0,79.433
2019,Male,1524.0,79.433
2019,Male,1527.0,79.467
2019,Male,1529.0,79.5
2019,Male,1531.0,79.55
2019,Male,1531.0,79.55
2019,Male,1531.0,79.55
2019,Male,1535.0,79.567
2019,Male,1536.0,79.583
2019,Male,1538.0,79.683
2019,Male,1539.0,79.75
2019,Male,1540.0,79.767
2019,Male,1544.0,79.817
2019,Male,1544.0,79.817
2019,Male,1546.0,79.883
2019,Male,1548.0,79.917
2019,Male,1550.0,79.933
2019,Male,1551.0,79.967
2019,Male,1553.0,80.017
2019,Male,1553.0,80.017
2019,Male,1557.0,80.133
2019,Male,1559.0,80.2
2019,Male,1559.0,80.2
2019,Male,1561.0,80.217
2019,Male,1563.0,80.267
2019,Male,1564.0,80.3
2019,Male,1565.0,80.317
2019,Male,1566.0,80.333
2019,Male,1567.0,80.35
2019,Male,1568.0,80.367
2019,Male,1569.0,80.383
2019,Male,1570.0,80.45
2019,Male,1573.0,80.533
2019,Male,1575.0,80.55
2019,Male,1576.0,80.567
2019,Male,1578.0,80.617
2019,Male,1582.0,80.717
2019,Male,1583.0,80.75
2019,Male,1585.0,80.767
2019,Male,1587.0,80.783
2019,Male,1588.0,80.833
2019,Male,1589.0,80.85
2019,Male,1592.0,80.883
2019,Male,1593.0,80.967
2019,Male,1593.0,80.967
2019,Male,1595.0,81.0
2019,Male,1595.0,81.0
2019,Male,1598.0,81.033
2019,Male,1599.0,81.083
2019,Male,1600.0,81.117
2019,Male,1602.0,81.133
2019,Male,1604.0,81.183
2019,Male,1608.0,81.283
2019,Male,1609.0,81.3
2019,Male,1612.0,81.383
2019,Male,1615.0,81.533
2019,Male,1616.0,81.55
2019,Male,1616.0,81.55
2019,Male,1618.0,81.567
2019,Male,1619.0,81.633
2019,Male,1619.0,81.633
2019,Male,1622.0,81.717
2019,Male,1623.0,81.75
2019,Male,1625.0,81.783
2019,Male,1626.0,81.8
2019,Male,1626.0,81.8
2019,Male,1631.0,81.867
2019,Male,1633.0,81.917
2019,Male,1634.0,81.933
2019,Male,1634.0,81.933
2019,Male,1636.0,81.95
2019,Male,1637.0,81.983
2019,Male,1637.0,81.983
2019,Male,1639.0,82.067
2019,Male,1640.0,82.083
2019,Male,1642.0,82.1
2019,Male,1644.0,82.117
2019,Male,1644.0,82.117
2019,Male,1644.0,82.117
2019,Male,1651.0,82.2
2019,Male,1654.0,82.25
2019,Male,1655.0,82.283
2019,Male,1658.0,82.55
2019,Male,1659.0,82.583
2019,Male,1662.0,82.633
2019,Male,1662.0,82.633
2019,Male,1662.0,82.633
2019,Male,1665.0,82.667
2019,Male,1666.0,82.683
2019,Male,1667.0,82.733
2019,Male,1667.0,82.733
2019,Male,1670.0,82.783
2019,Male,1671.0,82.817
2019,Male,1673.0,82.833
2019,Male,1674.0,82.9
2019,Male,1674.0,82.9
2019,Male,1678.0,83.017
2019,Male,1680.0,83.067
2019,Male,1686.0,83.217
2019,Male,1689.0,83.25
2019,Male,1692.0,83.367
2019,Male,1692.0,83.367
2019,Male,1696.0,83.417
2019,Male,1697.0,83.433
2019,Male,1698.0,83.45
2019,Male,1699.0,83.5
2019,Male,1699.0,83.5
2019,Male,1701.0,83.567
2019,Male,1701.0,83.567
2019,Male,1703.0,83.6
2019,Male,1705.0,83.617
2019,Male,1705.0,83.617
2019,Male,1707.0,83.633
2019,Male,1708.0,83.667
2019,Male,1710.0,83.7
2019,Male,1711.0,83.717
2019,Male,1712.0,83.75
2019,Male,1713.0,83.783
2019,Male,1714.0,83.833
2019,Male,1717.0,83.883
2019,Male,1718.0,83.9
2019,Male,1719.0,83.933
2019,Male,1721.0,84.033
2019,Male,1722.0,84.067
2019,Male,1722.0,84.067
2019,Male,1725.0,84.117
2019,Male,1725.0,84.117
2019,Male,1727.0,84.133
2019,Male,1727.0,84.133
2019,Male,1729.0,84.15
2019,Male,1731.0,84.183
2019,Male,1733.0,84.25
2019,Male,1734.0,84.317
2019,Male,1734.0,84.317
2019,Male,1736.0,84.35
2019,Male,1737.0,84.383
2019,Male,1741.0,84.533
2019,Male,1742.0,84.567
2019,Male,1744.0,84.6
2019,Male,1744.0,84.6
2019,Male,1744.0,84.6
2019,Male,1750.0,84.75
2019,Male,1751.0,84.8
2019,Male,1753.0,84.817
2019,Male,1756.0,84.867
2019,Male,1759.0,84.917
2019,Male,1761.0,84.983
2019,Male,1762.0,85.117
2019,Male,1763.0,85.267
2019,Male,1763.0,85.267
2019,Male,1766.0,85.5
2019,Male,1768.0,85.567
2019,Male,1768.0,85.567
2019,Male,1771.0,85.6
2019,Male,1772.0,85.633
2019,Male,1773.0,85.65
2019,Male,1774.0,85.667
2019,Male,1775.0,85.783
2019,Male,1776.0,85.85
2019,Male,1776.0,85.85
2019,Male,1776.0,85.85
2019,Male,1779.0,85.9
2019,Male,1780.0,85.967
2019,Male,1780.0,85.967
2019,Male,1782.0,86.033
2019,Male,1785.0,86.083
2019,Male,1785.0,86.083
2019,Male,1787.0,86.1
2019,Male,1788.0,86.133
2019,Male,1789.0,86.167
2019,Male,1791.0,86.233
2019,Male,1791.0,86.233
2019,Male,1794.0,86.317
2019,Male,1795.0,86.383
2019,Male,1798.0,86.6
2019,Male,1800.0,86.617
2019,Male,1801.0,86.65
2019,Male,1801.0,86.65
2019,Male,1803.0,86.667
2019,Male,1805.0,86.75
2019,Male,1805.0,86.75
2019,Male,1808.0,86.95
2019,Male,1811.0,87.05
2019,Male,1812.0,87.1
2019,Male,1814.0,87.167
2019,Male,1815.0,87.267
2019,Male,1816.0,87.283
2019,Male,1818.0,87.35
2019,Male,1819.0,87.417
2019,Male,1819.0,87.417
2019,Male,1819.0,87.417
2019,Male,1822.0,87.6
2019,Male,1823.0,87.617
2019,Male,1824.0,87.683
2019,Male,1824.0,87.683
2019,Male,1826.0,87.767
2019,Male,1833.0,88.183
2019,Male,1834.0,88.2
2019,Male,1834.0,88.2
2019,Male,1836.0,88.217
2019,Male,1837.0,88.267
2019,Male,1838.0,88.283
2019,Male,1840.0,88.3
2019,Male,1843.0,88.55
2019,Male,1845.0,88.717
2019,Male,1846.0,88.883
2019,Male,1847.0,88.933
2019,Male,1848.0,88.95
2019,Male,1849.0,89.0
2019,Male,1850.0,89.133
2019,Male,1851.0,89.15
2019,Male,1852.0,89.183
2019,Male,1858.0,89.567
2019,Male,1860.0,89.7
2019,Male,1862.0,89.75
2019,Male,1863.0,89.817
2019,Male,1866.0,90.6
2019,Male,1867.0,90.667
2019,Male,1868.0,90.783
2019,Male,1869.0,90.967
2019,Male,1870.0,90.983
2019,Male,1871.0,91.033
2019,Male,1872.0,91.333
2019,Male,1873.0,91.35
2019,Male,1874.0,91.383
2019,Male,1875.0,91.417
2019,Male,1878.0,91.517
2019,Male,1879.0,91.65
2019,Male,1881.0,91.817
2019,Male,1883.0,91.95
2019,Male,1884.0,92.017
2019,Male,1885.0,92.033
2019,Male,1887.0,92.517
2019,Male,1889.0,92.817
2019,Male,1890.0,92.983
2019,Male,1891.0,93.067
2019,Male,1893.0,93.533
2019,Male,1894.0,93.567
2019,Male,1895.0,93.65
2019,Male,1897.0,94.0
2019,Male,1897.0,94.0
2019,Male,1899.0,94.05
2019,Male,1902.0,94.667
2019,Male,1903.0,94.683
2019,Male,1904.0,94.783
2019,Male,1905.0,94.867
2019,Male,1907.0,95.1
2019,Male,1908.0,95.367
2019,Male,1909.0,95.383
2019,Male,1910.0,95.433
2019,Male,1911.0,95.517
2019,Male,1913.0,95.783
2019,Male,1915.0,95.85
2019,Male,1918.0,96.1
2019,Male,1920.0,96.25
2019,Male,1922.0,96.317
2019,Male,1923.0,96.433
2019,Male,1926.0,96.9
2019,Male,1927.0,97.083
2019,Male,1928.0,97.133
2019,Male,1929.0,97.15
2019,Male,1930.0,97.183
2019,Male,1930.0,97.183
2019,Male,1933.0,97.5
2019,Male,1937.0,97.8
2019,Male,1938.0,97.85
2019,Male,1940.0,98.1
2019,Male,1941.0,98.2
2019,Male,1943.0,98.483
2019,Male,1945.0,98.683
2019,Male,1946.0,98.7
2019,Male,1948.0,98.983
2019,Male,1949.0,99.033
2019,Male,1950.0,99.25
2019,Male,1952.0,99.45
2019,Male,1953.0,99.517
2019,Male,1955.0,99.567
2019,Male,1960.0,99.7
2019,Male,1963.0,99.917
2019,Male,1966.0,100.2
2019,Male,1968.0,100.383
2019,Male,1970.0,100.4
2019,Male,1973.0,100.983
2019,Male,1974.0,101.2
2019,Male,1976.0,101.317
2019,Male,1979.0,101.7
2019,Male,1980.0,101.733
2019,Male,1981.0,101.767
2019,Male,1983.0,101.917
2019,Male,1985.0,102.067
2019,Male,1989.0,102.783
2019,Male,1991.0,102.867
2019,Male,1992.0,102.9
2019,Male,1993.0,102.967
2019,Male,1994.0,103.05
2019,Male,1995.0,103.35
2019,Male,1998.0,103.633
2019,Male,2001.0,104.033
2019,Male,2002.0,104.05
2019,Male,2003.0,104.117
2019,Male,2004.0,104.217
2019,Male,2006.0,104.283
2019,Male,2007.0,104.367
2019,Male,2009.0,104.483
2019,Male,2012.0,104.667
2019,Male,2015.0,104.9
2019,Male,2016.0,104.933
2019,Male,2020.0,105.6
2019,Male,2021.0,105.733
2019,Male,2022.0,105.817
2019,Male,2024.0,105.883
2019,Male,2024.0,105.883
2019,Male,2027.0,106.05
2019,Male,2028.0,106.067
2019,Male,2029.0,106.083
2019,Male,2029.0,106.083
2019,Male,2031.0,106.15
2019,Male,2032.0,106.283
2019,Male,2035.0,106.367
2019,Male,2036.0,106.4
2019,Male,2039.0,106.65
2019,Male,2042.0,106.983
2019,Male,2044.0,107.183
2019,Male,2045.0,107.383
2019,Male,2046.0,107.467
2019,Male,2047.0,107.567
2019,Male,2048.0,107.583
2019,Male,2049.0,107.667
2019,Male,2050.0,107.7
2019,Male,2051.0,107.733
2019,Male,2052.0,107.767
2019,Male,2053.0,107.833
2019,Male,2055.0,108.183
2019,Male,2056.0,108.217
2019,Male,2058.0,108.433
2019,Male,2059.0,108.55
2019,Male,2060.0,108.567
2019,Male,2061.0,108.583
2019,Male,2065.0,108.9
2019,Male,2067.0,108.967
2019,Male,2071.0,109.283
2019,Male,2072.0,109.433
2019,Male,2073.0,109.45
2019,Male,2074.0,109.517
2019,Male,2075.0,109.6
2019,Male,2076.0,109.85
2019,Male,2077.0,110.083
2019,Male,2078.0,110.2
2019,Male,2079.0,110.233
2019,Male,2080.0,110.483
2019,Male,2081.0,110.583
2019,Male,2082.0,110.733
2019,Male,2083.0,110.75
2019,Male,2084.0,110.867
2019,Male,2088.0,111.133
2019,Male,2089.0,111.317
2019,Male,2090.0,111.867
2019,Male,2092.0,112.017
2019,Male,2093.0,112.167
2019,Male,2095.0,112.35
2019,Male,2096.0,112.45
2019,Male,2099.0,112.933
2019,Male,2100.0,112.95
2019,Male,2101.0,113.017
2019,Male,2105.0,113.917
2019,Male,2106.0,113.983
2019,Male,2107.0,114.117
2019,Male,2109.0,114.233
2019,Male,2111.0,114.4
2019,Male,2112.0,114.433
2019,Male,2112.0,114.433
2019,Male,2115.0,114.483
2019,Male,2115.0,114.483
2019,Male,2117.0,114.633
2019,Male,2118.0,114.767
2019,Male,2119.0,115.15
2019,Male,2123.0,116.367
2019,Male,2125.0,116.533
2019,Male,2128.0,117.283
2019,Male,2129.0,117.833
2019,Male,2130.0,117.9
2019,Male,2131.0,118.05
2019,Male,2132.0,118.633
2019,Male,2133.0,118.667
2019,Male,2134.0,118.717
2019,Male,2136.0,119.833
2019,Male,2137.0,120.4
2019,Male,2140.0,121.167
2019,Male,2141.0,122.1
2019,Male,2142.0,122.583
2019,Male,2143.0,122.6
2019,Male,2144.0,128.0
2019,Male,2145.0,128.733
2019,Female,1.0,47.317
2019,Female,2.0,47.433
2019,Female,12.0,50.15
2019,Female,18.0,51.65
2019,Female,19.0,51.683
2019,Female,24.0,52.2
2019,Female,26.0,52.317
2019,Female,27.0,52.6
2019,Female,28.0,52.683
2019,Female,29.0,52.867
2019,Female,34.0,53.183
2019,Female,35.0,53.233
2019,Female,38.0,53.667
2019,Female,39.0,53.717
2019,Female,45.0,53.967
2019,Female,49.0,54.35
2019,Female,56.0,54.617
2019,Female,72.0,55.4
2019,Female,72.0,55.4
2019,Female,74.0,55.467
2019,Female,78.0,55.65
2019,Female,86.0,56.05
2019,Female,88.0,56.133
2019,Female,92.0,56.467
2019,Female,95.0,56.983
2019,Female,103.0,57.4
2019,Female,106.0,57.7
2019,Female,107.0,57.733
2019,Female,109.0,57.817
2019,Female,113.0,58.067
2019,Female,120.0,58.25
2019,Female,122.0,58.283
2019,Female,123.0,58.317
2019,Female,124.0,58.367
2019,Female,125.0,58.4
2019,Female,129.0,58.55
2019,Female,129.0,58.55
2019,Female,132.0,58.617
2019,Female,135.0,58.65
2019,Female,141.0,58.967
2019,Female,146.0,59.133
2019,Female,159.0,59.583
2019,Female,159.0,59.583
2019,Female,165.0,59.8
2019,Female,171.0,60.033
2019,Female,174.0,60.167
2019,Female,175.0,60.183
2019,Female,179.0,60.333
2019,Female,185.0,60.5
2019,Female,186.0,60.583
2019,Female,197.0,60.85
2019,Female,199.0,60.95
2019,Female,203.0,61.0
2019,Female,215.0,61.417
2019,Female,224.0,61.733
2019,Female,229.0,61.817
2019,Female,229.0,61.817
2019,Female,229.0,61.817
2019,Female,236.0,61.95
2019,Female,238.0,61.967
2019,Female,239.0,61.983
2019,Female,239.0,61.983
2019,Female,249.0,62.15
2019,Female,251.0,62.217
2019,Female,259.0,62.517
2019,Female,262.0,62.533
2019,Female,266.0,62.667
2019,Female,269.0,62.75
2019,Female,276.0,62.883
2019,Female,285.0,63.033
2019,Female,288.0,63.067
2019,Female,290.0,63.133
2019,Female,292.0,63.15
2019,Female,295.0,63.233
2019,Female,296.0,63.25
2019,Female,302.0,63.533
2019,Female,308.0,63.6
2019,Female,308.0,63.6
2019,Female,315.0,63.817
2019,Female,316.0,63.833
2019,Female,324.0,63.983
2019,Female,329.0,64.05
2019,Female,334.0,64.1
2019,Female,341.0,64.25
2019,Female,345.0,64.3
2019,Female,355.0,64.433
2019,Female,358.0,64.467
2019,Female,363.0,64.55
2019,Female,365.0,64.567
2019,Female,366.0,64.583
2019,Female,369.0,64.633
2019,Female,376.0,64.817
2019,Female,383.0,65.0
2019,Female,388.0,65.083
2019,Female,403.0,65.3
2019,Female,403.0,65.3
2019,Female,415.0,65.417
2019,Female,416.0,65.433
2019,Female,424.0,65.483
2019,Female,426.0,65.5
2019,Female,438.0,65.7
2019,Female,442.0,65.717
2019,Female,446.0,65.8
2019,Female,449.0,65.833
2019,Female,453.0,65.867
2019,Female,468.0,66.067
2019,Female,470.0,66.1
2019,Female,473.0,66.117
2019,Female,482.0,66.183
2019,Female,483.0,66.2
2019,Female,494.0,66.317
2019,Female,496.0,66.367
2019,Female,496.0,66.367
2019,Female,498.0,66.383
2019,Female,500.0,66.417
2019,Female,503.0,66.483
2019,Female,515.0,66.567
2019,Female,515.0,66.567
2019,Female,515.0,66.567
2019,Female,527.0,66.683
2019,Female,527.0,66.683
2019,Female,533.0,66.75
2019,Female,535.0,66.783
2019,Female,557.0,67.233
2019,Female,560.0,67.283
2019,Female,563.0,67.3
2019,Female,566.0,67.35
2019,Female,572.0,67.417
2019,Female,572.0,67.417
2019,Female,576.0,67.45
2019,Female,580.0,67.483
2019,Female,587.0,67.567
2019,Female,590.0,67.617
2019,Female,597.0,67.717
2019,Female,603.0,67.767
2019,Female,603.0,67.767
2019,Female,606.0,67.783
2019,Female,620.0,68.0
2019,Female,622.0,68.017
2019,Female,632.0,68.133
2019,Female,632.0,68.133
2019,Female,642.0,68.267
2019,Female,660.0,68.417
2019,Female,663.0,68.433
2019,Female,669.0,68.467
2019,Female,671.0,68.483
2019,Female,694.0,68.75
2019,Female,694.0,68.75
2019,Female,704.0,68.833
2019,Female,707.0,68.85
2019,Female,711.0,68.883
2019,Female,713.0,68.933
2019,Female,715.0,68.967
2019,Female,720.0,69.083
2019,Female,726.0,69.133
2019,Female,735.0,69.233
2019,Female,740.0,69.267
2019,Female,751.0,69.367
2019,Female,757.0,69.417
2019,Female,762.0,69.483
2019,Female,764.0,69.5
2019,Female,764.0,69.5
2019,Female,768.0,69.533
2019,Female,769.0,69.55
2019,Female,771.0,69.567
2019,Female,784.0,69.683
2019,Female,788.0,69.717
2019,Female,793.0,69.75
2019,Female,793.0,69.75
2019,Female,798.0,69.783
2019,Female,802.0,69.85
2019,Female,804.0,69.867
2019,Female,813.0,70.017
2019,Female,816.0,70.05
2019,Female,822.0,70.133
2019,Female,824.0,70.167
2019,Female,825.0,70.183
2019,Female,829.0,70.233
2019,Female,830.0,70.267
2019,Female,830.0,70.267
2019,Female,837.0,70.3
2019,Female,837.0,70.3
2019,Female,849.0,70.367
2019,Female,856.0,70.467
2019,Female,857.0,70.483
2019,Female,865.0,70.567
2019,Female,869.0,70.583
2019,Female,889.0,70.75
2019,Female,894.0,70.8
2019,Female,894.0,70.8
2019,Female,898.0,70.867
2019,Female,899.0,70.883
2019,Female,900.0,70.9
2019,Female,908.0,71.05
2019,Female,910.0,71.067
2019,Female,912.0,71.1
2019,Female,920.0,71.183
2019,Female,920.0,71.183
2019,Female,924.0,71.217
2019,Female,924.0,71.217
2019,Female,924.0,71.217
2019,Female,931.0,71.3
2019,Female,934.0,71.35
2019,Female,941.0,71.45
2019,Female,941.0,71.45
2019,Female,945.0,71.467
2019,Female,949.0,71.5
2019,Female,953.0,71.517
2019,Female,958.0,71.567
2019,Female,961.0,71.617
2019,Female,961.0,71.617
2019,Female,963.0,71.633
2019,Female,965.0,71.65
2019,Female,970.0,71.7
2019,Female,970.0,71.7
2019,Female,981.0,71.833
2019,Female,983.0,71.85
2019,Female,983.0,71.85
2019,Female,986.0,71.867
2019,Female,993.0,72.017
2019,Female,996.0,72.05
2019,Female,997.0,72.067
2019,Female,1004.0,72.1
2019,Female,1033.0,72.5
2019,Female,1034.0,72.533
2019,Female,1037.0,72.567
2019,Female,1046.0,72.633
2019,Female,1046.0,72.633
2019,Female,1053.0,72.717
2019,Female,1056.0,72.767
2019,Female,1058.0,72.783
2019,Female,1059.0,72.8
2019,Female,1064.0,72.833
2019,Female,1065.0,72.85
2019,Female,1069.0,72.933
2019,Female,1074.0,73.0
2019,Female,1076.0,73.033
2019,Female,1078.0,73.05
2019,Female,1080.0,73.083
2019,Female,1080.0,73.083
2019,Female,1083.0,73.1
2019,Female,1089.0,73.217
2019,Female,1089.0,73.217
2019,Female,1093.0,73.233
2019,Female,1100.0,73.333
2019,Female,1103.0,73.383
2019,Female,1104.0,73.4
2019,Female,1110.0,73.467
2019,Female,1110.0,73.467
2019,Female,1128.0,73.617
2019,Female,1131.0,73.667
2019,Female,1139.0,73.8
2019,Female,1149.0,73.933
2019,Female,1149.0,73.933
2019,Female,1149.0,73.933
2019,Female,1153.0,73.95
2019,Female,1155.0,73.967
2019,Female,1158.0,73.983
2019,Female,1168.0,74.117
2019,Female,1169.0,74.133
2019,Female,1169.0,74.133
2019,Female,1171.0,74.15
2019,Female,1180.0,74.233
2019,Female,1180.0,74.233
2019,Female,1182.0,74.25
2019,Female,1183.0,74.267
2019,Female,1183.0,74.267
2019,Female,1188.0,74.317
2019,Female,1190.0,74.333
2019,Female,1200.0,74.433
2019,Female,1202.0,74.45
2019,Female,1202.0,74.45
2019,Female,1202.0,74.45
2019,Female,1211.0,74.583
2019,Female,1215.0,74.633
2019,Female,1215.0,74.633
2019,Female,1218.0,74.7
2019,Female,1225.0,74.733
2019,Female,1226.0,74.767
2019,Female,1231.0,74.817
2019,Female,1237.0,74.883
2019,Female,1241.0,74.917
2019,Female,1241.0,74.917
2019,Female,1248.0,74.983
2019,Female,1249.0,75.0
2019,Female,1254.0,75.1
2019,Female,1255.0,75.117
2019,Female,1259.0,75.2
2019,Female,1266.0,75.367
2019,Female,1266.0,75.367
2019,Female,1270.0,75.4
2019,Female,1274.0,75.433
2019,Female,1278.0,75.45
2019,Female,1280.0,75.467
2019,Female,1282.0,75.533
2019,Female,1282.0,75.533
2019,Female,1291.0,75.65
2019,Female,1297.0,75.75
2019,Female,1299.0,75.767
2019,Female,1305.0,75.817
2019,Female,1306.0,75.833
2019,Female,1307.0,75.867
2019,Female,1307.0,75.867
2019,Female,1316.0,75.983
2019,Female,1320.0,76.033
2019,Female,1322.0,76.067
2019,Female,1323.0,76.083
2019,Female,1325.0,76.1
2019,Female,1330.0,76.15
2019,Female,1332.0,76.167
2019,Female,1334.0,76.2
2019,Female,1343.0,76.317
2019,Female,1345.0,76.333
2019,Female,1348.0,76.383
2019,Female,1353.0,76.533
2019,Female,1362.0,76.667
2019,Female,1364.0,76.683
2019,Female,1366.0,76.733
2019,Female,1372.0,76.817
2019,Female,1373.0,76.833
2019,Female,1379.0,76.933
2019,Female,1384.0,76.967
2019,Female,1385.0,76.983
2019,Female,1388.0,77.033
2019,Female,1391.0,77.183
2019,Female,1397.0,77.267
2019,Female,1401.0,77.367
2019,Female,1402.0,77.383
2019,Female,1411.0,77.517
2019,Female,1411.0,77.517
2019,Female,1413.0,77.533
2019,Female,1413.0,77.533
2019,Female,1418.0,77.583
2019,Female,1421.0,77.617
2019,Female,1422.0,77.65
2019,Female,1424.0,77.667
2019,Female,1424.0,77.667
2019,Female,1427.0,77.7
2019,Female,1427.0,77.7
2019,Female,1431.0,77.733
2019,Female,1433.0,77.767
2019,Female,1437.0,77.833
2019,Female,1439.0,77.85
2019,Female,1446.0,77.95
2019,Female,1450.0,78.05
2019,Female,1452.0,78.067
2019,Female,1452.0,78.067
2019,Female,1455.0,78.117
2019,Female,1456.0,78.15
2019,Female,1462.0,78.3
2019,Female,1464.0,78.317
2019,Female,1466.0,78.367
2019,Female,1476.0,78.567
2019,Female,1477.0,78.583
2019,Female,1477.0,78.583
2019,Female,1481.0,78.7
2019,Female,1482.0,78.717
2019,Female,1482.0,78.717
2019,Female,1482.0,78.717
2019,Female,1486.0,78.75
2019,Female,1488.0,78.8
2019,Female,1490.0,78.817
2019,Female,1494.0,78.85
2019,Female,1494.0,78.85
2019,Female,1494.0,78.85
2019,Female,1497.0,78.9
2019,Female,1497.0,78.9
2019,Female,1503.0,79.0
2019,Female,1504.0,79.033
2019,Female,1504.0,79.033
2019,Female,1508.0,79.1
2019,Female,1509.0,79.183
2019,Female,1511.0,79.2
2019,Female,1517.0,79.333
2019,Female,1518.0,79.35
2019,Female,1519.0,79.367
2019,Female,1528.0,79.483
2019,Female,1530.0,79.533
2019,Female,1531.0,79.55
2019,Female,1537.0,79.65
2019,Female,1541.0,79.783
2019,Female,1541.0,79.783
2019,Female,1543.0,79.8
2019,Female,1547.0,79.9
2019,Female,1548.0,79.917
2019,Female,1552.0,80.0
2019,Female,1553.0,80.017
2019,Female,1556.0,80.05
2019,Female,1558.0,80.167
2019,Female,1561.0,80.217
2019,Female,1571.0,80.483
2019,Female,1572.0,80.5
2019,Female,1573.0,80.533
2019,Female,1577.0,80.6
2019,Female,1579.0,80.65
2019,Female,1580.0,80.683
2019,Female,1581.0,80.7
2019,Female,1583.0,80.75
2019,Female,1585.0,80.767
2019,Female,1589.0,80.85
2019,Female,1589.0,80.85
2019,Female,1597.0,81.017
2019,Female,1600.0,81.117
2019,Female,1603.0,81.167
2019,Female,1605.0,81.2
2019,Female,1606.0,81.25
2019,Female,1607.0,81.267
2019,Female,1610.0,81.317
2019,Female,1610.0,81.317
2019,Female,1613.0,81.467
2019,Female,1614.0,81.5
2019,Female,1621.0,81.683
2019,Female,1623.0,81.75
2019,Female,1626.0,81.8
2019,Female,1629.0,81.817
2019,Female,1630.0,81.85
2019,Female,1632.0,81.9
2019,Female,1640.0,82.083
2019,Female,1642.0,82.1
2019,Female,1647.0,82.133
2019,Female,1648.0,82.15
2019,Female,1649.0,82.167
2019,Female,1650.0,82.183
2019,Female,1652.0,82.217
2019,Female,1653.0,82.233
2019,Female,1656.0,82.433
2019,Female,1657.0,82.5
2019,Female,1659.0,82.583
2019,Female,1661.0,82.6
2019,Female,1669.0,82.767
2019,Female,1671.0,82.817
2019,Female,1676.0,82.933
2019,Female,1677.0,82.95
2019,Female,1679.0,83.033
2019,Female,1681.0,83.1
2019,Female,1682.0,83.117
2019,Female,1683.0,83.183
2019,Female,1683.0,83.183
2019,Female,1685.0,83.2
2019,Female,1686.0,83.217
2019,Female,1686.0,83.217
2019,Female,1689.0,83.25
2019,Female,1689.0,83.25
2019,Female,1694.0,83.383
2019,Female,1695.0,83.4
2019,Female,1703.0,83.6
2019,Female,1708.0,83.667
2019,Female,1714.0,83.833
2019,Female,1716.0,83.85
2019,Female,1720.0,83.983
2019,Female,1724.0,84.1
2019,Female,1729.0,84.15
2019,Female,1731.0,84.183
2019,Female,1738.0,84.4
2019,Female,1739.0,84.45
2019,Female,1740.0,84.5
2019,Female,1742.0,84.567
2019,Female,1744.0,84.6
2019,Female,1748.0,84.633
2019,Female,1749.0,84.717
2019,Female,1751.0,84.8
2019,Female,1753.0,84.817
2019,Female,1755.0,84.833
2019,Female,1756.0,84.867
2019,Female,1758.0,84.9
2019,Female,1760.0,84.967
2019,Female,1765.0,85.433
2019,Female,1767.0,85.517
2019,Female,1768.0,85.567
2019,Female,1782.0,86.033
2019,Female,1782.0,86.033
2019,Female,1790.0,86.217
2019,Female,1793.0,86.3
2019,Female,1796.0,86.467
2019,Female,1797.0,86.517
2019,Female,1798.0,86.6
2019,Female,1804.0,86.717
2019,Female,1807.0,86.8
2019,Female,1808.0,86.95
2019,Female,1810.0,87.0
2019,Female,1813.0,87.117
2019,Female,1817.0,87.333
2019,Female,1827.0,87.8
2019,Female,1827.0,87.8
2019,Female,1829.0,87.85
2019,Female,1830.0,87.9
2019,Female,1830.0,87.9
2019,Female,1832.0,88.033
2019,Female,1838.0,88.283
2019,Female,1841.0,88.4
2019,Female,1842.0,88.517
2019,Female,1844.0,88.633
2019,Female,1853.0,89.217
2019,Female,1854.0,89.35
2019,Female,1855.0,89.417
2019,Female,1856.0,89.45
2019,Female,1856.0,89.45
2019,Female,1859.0,89.65
2019,Female,1860.0,89.7
2019,Female,1864.0,89.967
2019,Female,1865.0,90.467
2019,Female,1876.0,91.483
2019,Female,1877.0,91.5
2019,Female,1880.0,91.683
2019,Female,1882.0,91.9
2019,Female,1886.0,92.1
2019,Female,1888.0,92.683
2019,Female,1892.0,93.117
2019,Female,1896.0,93.7
2019,Female,1900.0,94.083
2019,Female,1901.0,94.117
2019,Female,1906.0,95.05
2019,Female,1912.0,95.55
2019,Female,1913.0,95.783
2019,Female,1916.0,95.867
2019,Female,1917.0,96.0
2019,Female,1919.0,96.117
2019,Female,1920.0,96.25
2019,Female,1924.0,96.483
2019,Female,1925.0,96.733
2019,Female,1932.0,97.4
2019,Female,1934.0,97.75
2019,Female,1934.0,97.75
2019,Female,1936.0,97.767
2019,Female,1939.0,97.883
2019,Female,1942.0,98.4
2019,Female,1943.0,98.483
2019,Female,1947.0,98.95
2019,Female,1951.0,99.3
2019,Female,1954.0,99.55
2019,Female,1955.0,99.567
2019,Female,1957.0,99.583
2019,Female,1958.0,99.617
2019,Female,1958.0,99.617
2019,Female,1961.0,99.767
2019,Female,1962.0,99.883
2019,Female,1963.0,99.917
2019,Female,1965.0,100.167
2019,Female,1967.0,100.267
2019,Female,1968.0,100.383
2019,Female,1971.0,100.55
2019,Female,1972.0,100.933
2019,Female,1975.0,101.25
2019,Female,1977.0,101.45
2019,Female,1978.0,101.517
2019,Female,1982.0,101.783
2019,Female,1984.0,102.05
2019,Female,1986.0,102.233
2019,Female,1986.0,102.233
2019,Female,1988.0,102.417
2019,Female,1990.0,102.833
2019,Female,1996.0,103.4
2019,Female,1997.0,103.6
2019,Female,1999.0,103.967
2019,Female,2000.0,104.0
2019,Female,2005.0,104.233
2019,Female,2008.0,104.467
2019,Female,2009.0,104.483
2019,Female,2011.0,104.617
2019,Female,2013.0,104.7
2019,Female,2014.0,104.733
2019,Female,2017.0,105.133
2019,Female,2018.0,105.15
2019,Female,2019.0,105.167
2019,Female,2023.0,105.867
2019,Female,2026.0,105.917
2019,Female,2032.0,106.283
2019,Female,2034.0,106.317
2019,Female,2037.0,106.417
2019,Female,2038.0,106.6
2019,Female,2040.0,106.783
2019,Female,2041.0,106.85
2019,Female,2043.0,107.083
2019,Female,2054.0,108.167
2019,Female,2057.0,108.317
2019,Female,2062.0,108.65
2019,Female,2063.0,108.7
2019,Female,2064.0,108.8
2019,Female,2066.0,108.933
2019,Female,2068.0,109.0
2019,Female,2069.0,109.05
2019,Female,2070.0,109.117
2019,Female,2084.0,110.867
2019,Female,2086.0,111.0
2019,Female,2087.0,111.017
2019,Female,2091.0,111.95
2019,Female,2094.0,112.3
2019,Female,2097.0,112.633
2019,Female,2098.0,112.75
2019,Female,2102.0,113.383
2019,Female,2103.0,113.417
2019,Female,2104.0,113.517
2019,Female,2108.0,114.183
2019,Female,2110.0,114.267
2019,Female,2114.0,114.45
2019,Female,2120.0,115.233
2019,Female,2121.0,115.283
2019,Female,2122.0,115.567
2019,Female,2124.0,116.467
2019,Female,2126.0,116.983
2019,Female,2127.0,117.017
2019,Female,2135.0,118.833
2019,Female,2138.0,120.583
2019,Female,2139.0,120.967
2020,Male,1.0,46.017
2020,Male,2.0,46.333
2020,Male,3.0,47.517
2020,Male,4.0,47.633
2020,Male,5.0,47.65
2020,Male,6.0,47.733
2020,Male,7.0,47.75
2020,Male,8.0,47.8
2020,Male,9.0,47.867
2020,Male,11.0,48.0
2020,Male,12.0,48.183
2020,Male,14.0,48.317
2020,Male,15.0,48.483
2020,Male,17.0,48.867
2020,Male,18.0,49.117
2020,Male,20.0,49.2
2020,Male,22.0,49.75
2020,Male,23.0,50.2
2020,Male,24.0,50.233
2020,Male,25.0,50.433
2020,Male,26.0,50.45
2020,Male,27.0,50.517
2020,Male,28.0,50.567
2020,Male,28.0,50.567
2020,Male,31.0,50.65
2020,Male,33.0,50.733
2020,Male,35.0,50.867
2020,Male,36.0,51.033
2020,Male,37.0,51.1
2020,Male,38.0,51.133
2020,Male,39.0,51.167
2020,Male,40.0,51.233
2020,Male,41.0,51.333
2020,Male,42.0,51.45
2020,Male,43.0,51.517
2020,Male,45.0,51.9
2020,Male,48.0,52.05
2020,Male,49.0,52.183
2020,Male,50.0,52.35
2020,Male,53.0,52.433
2020,Male,54.0,52.483
2020,Male,54.0,52.483
2020,Male,56.0,52.517
2020,Male,57.0,52.75
2020,Male,58.0,52.817
2020,Male,59.0,52.867
2020,Male,59.0,52.867
2020,Male,64.0,53.2
2020,Male,67.0,53.4
2020,Male,69.0,53.617
2020,Male,70.0,53.65
2020,Male,71.0,53.717
2020,Male,71.0,53.717
2020,Male,73.0,53.833
2020,Male,75.0,54.1
2020,Male,75.0,54.1
2020,Male,79.0,54.45
2020,Male,82.0,54.783
2020,Male,83.0,54.85
2020,Male,84.0,54.9
2020,Male,85.0,54.917
2020,Male,87.0,55.0
2020,Male,89.0,55.067
2020,Male,91.0,55.283
2020,Male,93.0,55.633
2020,Male,95.0,55.7
2020,Male,96.0,55.867
2020,Male,97.0,55.95
2020,Male,98.0,55.967
2020,Male,99.0,56.017
2020,Male,99.0,56.017
2020,Male,101.0,56.083
2020,Male,103.0,56.1
2020,Male,104.0,56.133
2020,Male,105.0,56.15
2020,Male,108.0,56.45
2020,Male,108.0,56.45
2020,Male,110.0,56.6
2020,Male,111.0,56.65
2020,Male,113.0,56.783
2020,Male,114.0,56.867
2020,Male,114.0,56.867
2020,Male,116.0,56.883
2020,Male,117.0,56.933
2020,Male,118.0,57.0
2020,Male,120.0,57.05
2020,Male,120.0,57.05
2020,Male,122.0,57.067
2020,Male,123.0,57.083
2020,Male,124.0,57.167
2020,Male,125.0,57.2
2020,Male,126.0,57.217
2020,Male,126.0,57.217
2020,Male,128.0,57.233
2020,Male,129.0,57.25
2020,Male,131.0,57.267
2020,Male,132.0,57.317
2020,Male,132.0,57.317
2020,Male,134.0,57.367
2020,Male,136.0,57.517
2020,Male,136.0,57.517
2020,Male,139.0,57.567
2020,Male,141.0,57.6
2020,Male,142.0,57.65
2020,Male,143.0,57.667
2020,Male,144.0,57.7
2020,Male,144.0,57.7
2020,Male,146.0,57.717
2020,Male,147.0,57.8
2020,Male,149.0,57.867
2020,Male,150.0,57.883
2020,Male,151.0,57.933
2020,Male,151.0,57.933
2020,Male,153.0,57.967
2020,Male,154.0,58.033
2020,Male,155.0,58.05
2020,Male,158.0,58.183
2020,Male,159.0,58.267
2020,Male,159.0,58.267
2020,Male,161.0,58.283
2020,Male,162.0,58.317
2020,Male,164.0,58.4
2020,Male,165.0,58.433
2020,Male,166.0,58.467
2020,Male,167.0,58.55
2020,Male,168.0,58.583
2020,Male,169.0,58.6
2020,Male,170.0,58.633
2020,Male,171.0,58.65
2020,Male,171.0,58.65
2020,Male,173.0,58.667
2020,Male,174.0,58.683
2020,Male,174.0,58.683
2020,Male,177.0,58.75
2020,Male,177.0,58.75
2020,Male,180.0,58.817
2020,Male,180.0,58.817
2020,Male,180.0,58.817
2020,Male,183.0,58.9
2020,Male,184.0,58.95
2020,Male,185.0,59.017
2020,Male,186.0,59.033
2020,Male,187.0,59.083
2020,Male,188.0,59.117
2020,Male,190.0,59.133
2020,Male,192.0,59.167
2020,Male,192.0,59.167
2020,Male,194.0,59.217
2020,Male,195.0,59.233
2020,Male,196.0,59.267
2020,Male,196.0,59.267
2020,Male,198.0,59.3
2020,Male,199.0,59.333
2020,Male,200.0,59.383
2020,Male,201.0,59.4
2020,Male,202.0,59.433
2020,Male,203.0,59.5
2020,Male,204.0,59.517
2020,Male,206.0,59.567
2020,Male,208.0,59.633
2020,Male,208.0,59.633
2020,Male,208.0,59.633
2020,Male,211.0,59.717
2020,Male,212.0,59.733
2020,Male,213.0,59.75
2020,Male,214.0,59.767
2020,Male,214.0,59.767
2020,Male,217.0,59.783
2020,Male,218.0,59.867
2020,Male,219.0,59.883
2020,Male,219.0,59.883
2020,Male,221.0,59.933
2020,Male,222.0,59.95
2020,Male,222.0,59.95
2020,Male,222.0,59.95
2020,Male,222.0,59.95
2020,Male,226.0,59.967
2020,Male,227.0,59.983
2020,Male,229.0,60.017
2020,Male,229.0,60.017
2020,Male,229.0,60.017
2020,Male,232.0,60.033
2020,Male,233.0,60.067
2020,Male,234.0,60.1
2020,Male,234.0,60.1
2020,Male,236.0,60.133
2020,Male,238.0,60.2
2020,Male,240.0,60.217
2020,Male,241.0,60.25
2020,Male,243.0,60.35
2020,Male,244.0,60.4
2020,Male,245.0,60.417
2020,Male,246.0,60.433
2020,Male,246.0,60.433
2020,Male,248.0,60.467
2020,Male,249.0,60.5
2020,Male,250.0,60.533
2020,Male,251.0,60.55
2020,Male,251.0,60.55
2020,Male,253.0,60.633
2020,Male,253.0,60.633
2020,Male,255.0,60.683
2020,Male,255.0,60.683
2020,Male,257.0,60.7
2020,Male,258.0,60.717
2020,Male,259.0,60.75
2020,Male,260.0,60.767
2020,Male,262.0,60.783
2020,Male,262.0,60.783
2020,Male,265.0,60.817
2020,Male,266.0,60.833
2020,Male,267.0,60.85
2020,Male,267.0,60.85
2020,Male,269.0,60.867
2020,Male,269.0,60.867
2020,Male,271.0,60.9
2020,Male,272.0,60.933
2020,Male,272.0,60.933
2020,Male,274.0,60.967
2020,Male,276.0,61.033
2020,Male,277.0,61.05
2020,Male,278.0,61.067
2020,Male,279.0,61.083
2020,Male,280.0,61.1
2020,Male,281.0,61.117
2020,Male,281.0,61.117
2020,Male,283.0,61.133
2020,Male,284.0,61.15
2020,Male,284.0,61.15
2020,Male,286.0,61.167
2020,Male,286.0,61.167
2020,Male,289.0,61.217
2020,Male,290.0,61.233
2020,Male,291.0,61.25
2020,Male,292.0,61.267
2020,Male,292.0,61.267
2020,Male,292.0,61.267
2020,Male,296.0,61.317
2020,Male,296.0,61.317
2020,Male,298.0,61.35
2020,Male,298.0,61.35
2020,Male,298.0,61.35
2020,Male,301.0,61.367
2020,Male,302.0,61.383
2020,Male,304.0,61.417
2020,Male,304.0,61.417
2020,Male,304.0,61.417
2020,Male,307.0,61.433
2020,Male,307.0,61.433
2020,Male,309.0,61.483
2020,Male,312.0,61.583
2020,Male,313.0,61.617
2020,Male,313.0,61.617
2020,Male,315.0,61.633
2020,Male,316.0,61.65
2020,Male,318.0,61.683
2020,Male,318.0,61.683
2020,Male,320.0,61.7
2020,Male,322.0,61.717
2020,Male,322.0,61.717
2020,Male,324.0,61.75
2020,Male,324.0,61.75
2020,Male,326.0,61.767
2020,Male,326.0,61.767
2020,Male,328.0,61.783
2020,Male,329.0,61.8
2020,Male,331.0,61.833
2020,Male,333.0,61.85
2020,Male,334.0,61.867
2020,Male,335.0,61.883
2020,Male,335.0,61.883
2020,Male,337.0,61.9
2020,Male,337.0,61.9
2020,Male,340.0,61.933
2020,Male,340.0,61.933
2020,Male,342.0,61.95
2020,Male,342.0,61.95
2020,Male,344.0,61.967
2020,Male,346.0,62.017
2020,Male,347.0,62.067
2020,Male,348.0,62.083
2020,Male,350.0,62.1
2020,Male,350.0,62.1
2020,Male,350.0,62.1
2020,Male,353.0,62.15
2020,Male,354.0,62.167
2020,Male,355.0,62.183
2020,Male,355.0,62.183
2020,Male,357.0,62.2
2020,Male,357.0,62.2
2020,Male,357.0,62.2
2020,Male,357.0,62.2
2020,Male,361.0,62.217
2020,Male,362.0,62.267
2020,Male,363.0,62.283
2020,Male,363.0,62.283
2020,Male,365.0,62.3
2020,Male,365.0,62.3
2020,Male,367.0,62.317
2020,Male,368.0,62.35
2020,Male,368.0,62.35
2020,Male,368.0,62.35
2020,Male,368.0,62.35
2020,Male,372.0,62.367
2020,Male,373.0,62.4
2020,Male,373.0,62.4
2020,Male,375.0,62.417
2020,Male,375.0,62.417
2020,Male,377.0,62.45
2020,Male,377.0,62.45
2020,Male,379.0,62.483
2020,Male,380.0,62.517
2020,Male,380.0,62.517
2020,Male,380.0,62.517
2020,Male,383.0,62.533
2020,Male,384.0,62.55
2020,Male,386.0,62.567
2020,Male,386.0,62.567
2020,Male,388.0,62.583
2020,Male,389.0,62.617
2020,Male,390.0,62.633
2020,Male,391.0,62.65
2020,Male,391.0,62.65
2020,Male,393.0,62.667
2020,Male,394.0,62.683
2020,Male,396.0,62.7
2020,Male,396.0,62.7
2020,Male,396.0,62.7
2020,Male,399.0,62.733
2020,Male,399.0,62.733
2020,Male,401.0,62.767
2020,Male,401.0,62.767
2020,Male,403.0,62.833
2020,Male,404.0,62.867
2020,Male,405.0,62.883
2020,Male,406.0,62.9
2020,Male,406.0,62.9
2020,Male,408.0,62.917
2020,Male,408.0,62.917
2020,Male,410.0,62.933
2020,Male,410.0,62.933
2020,Male,412.0,62.967
2020,Male,412.0,62.967
2020,Male,414.0,62.983
2020,Male,415.0,63.0
2020,Male,416.0,63.017
2020,Male,416.0,63.017
2020,Male,418.0,63.1
2020,Male,419.0,63.133
2020,Male,419.0,63.133
2020,Male,421.0,63.217
2020,Male,422.0,63.283
2020,Male,422.0,63.283
2020,Male,424.0,63.317
2020,Male,425.0,63.35
2020,Male,425.0,63.35
2020,Male,427.0,63.383
2020,Male,427.0,63.383
2020,Male,431.0,63.4
2020,Male,432.0,63.417
2020,Male,432.0,63.417
2020,Male,432.0,63.417
2020,Male,432.0,63.417
2020,Male,436.0,63.433
2020,Male,437.0,63.467
2020,Male,438.0,63.483
2020,Male,440.0,63.5
2020,Male,441.0,63.517
2020,Male,443.0,63.533
2020,Male,443.0,63.533
2020,Male,445.0,63.55
2020,Male,445.0,63.55
2020,Male,445.0,63.55
2020,Male,448.0,63.567
2020,Male,448.0,63.567
2020,Male,450.0,63.583
2020,Male,450.0,63.583
2020,Male,452.0,63.6
2020,Male,452.0,63.6
2020,Male,455.0,63.633
2020,Male,457.0,63.65
2020,Male,458.0,63.667
2020,Male,458.0,63.667
2020,Male,461.0,63.7
2020,Male,462.0,63.717
2020,Male,463.0,63.733
2020,Male,463.0,63.733
2020,Male,465.0,63.75
2020,Male,465.0,63.75
2020,Male,465.0,63.75
2020,Male,468.0,63.767
2020,Male,469.0,63.783
2020,Male,469.0,63.783
2020,Male,473.0,63.817
2020,Male,475.0,63.833
2020,Male,476.0,63.85
2020,Male,477.0,63.867
2020,Male,477.0,63.867
2020,Male,480.0,63.883
2020,Male,481.0,63.9
2020,Male,481.0,63.9
2020,Male,483.0,63.917
2020,Male,484.0,63.933
2020,Male,486.0,63.95
2020,Male,486.0,63.95
2020,Male,490.0,63.983
2020,Male,490.0,63.983
2020,Male,490.0,63.983
2020,Male,493.0,64.0
2020,Male,494.0,64.017
2020,Male,494.0,64.017
2020,Male,494.0,64.017
2020,Male,497.0,64.033
2020,Male,500.0,64.067
2020,Male,500.0,64.067
2020,Male,500.0,64.067
2020,Male,503.0,64.083
2020,Male,506.0,64.133
2020,Male,507.0,64.167
2020,Male,509.0,64.2
2020,Male,509.0,64.2
2020,Male,509.0,64.2
2020,Male,512.0,64.217
2020,Male,515.0,64.283
2020,Male,516.0,64.3
2020,Male,516.0,64.3
2020,Male,516.0,64.3
2020,Male,516.0,64.3
2020,Male,516.0,64.3
2020,Male,521.0,64.317
2020,Male,521.0,64.317
2020,Male,521.0,64.317
2020,Male,525.0,64.333
2020,Male,527.0,64.367
2020,Male,528.0,64.383
2020,Male,530.0,64.4
2020,Male,530.0,64.4
2020,Male,534.0,64.417
2020,Male,534.0,64.417
2020,Male,537.0,64.433
2020,Male,537.0,64.433
2020,Male,539.0,64.45
2020,Male,541.0,64.483
2020,Male,541.0,64.483
2020,Male,545.0,64.517
2020,Male,546.0,64.55
2020,Male,546.0,64.55
2020,Male,546.0,64.55
2020,Male,549.0,64.583
2020,Male,550.0,64.6
2020,Male,551.0,64.617
2020,Male,551.0,64.617
2020,Male,551.0,64.617
2020,Male,554.0,64.633
2020,Male,555.0,64.65
2020,Male,555.0,64.65
2020,Male,557.0,64.683
2020,Male,558.0,64.7
2020,Male,560.0,64.717
2020,Male,561.0,64.733
2020,Male,561.0,64.733
2020,Male,561.0,64.733
2020,Male,561.0,64.733
2020,Male,565.0,64.75
2020,Male,566.0,64.767
2020,Male,567.0,64.783
2020,Male,570.0,64.833
2020,Male,570.0,64.833
2020,Male,572.0,64.85
2020,Male,572.0,64.85
2020,Male,574.0,64.867
2020,Male,575.0,64.9
2020,Male,575.0,64.9
2020,Male,578.0,64.917
2020,Male,579.0,64.95
2020,Male,581.0,64.967
2020,Male,581.0,64.967
2020,Male,583.0,64.983
2020,Male,583.0,64.983
2020,Male,587.0,65.017
2020,Male,588.0,65.05
2020,Male,588.0,65.05
2020,Male,588.0,65.05
2020,Male,591.0,65.067
2020,Male,591.0,65.067
2020,Male,593.0,65.083
2020,Male,593.0,65.083
2020,Male,593.0,65.083
2020,Male,596.0,65.1
2020,Male,596.0,65.1
2020,Male,601.0,65.133
2020,Male,602.0,65.167
2020,Male,603.0,65.183
2020,Male,604.0,65.233
2020,Male,605.0,65.25
2020,Male,605.0,65.25
2020,Male,607.0,65.267
2020,Male,608.0,65.283
2020,Male,609.0,65.3
2020,Male,609.0,65.3
2020,Male,612.0,65.317
2020,Male,613.0,65.35
2020,Male,614.0,65.383
2020,Male,614.0,65.383
2020,Male,614.0,65.383
2020,Male,614.0,65.383
2020,Male,614.0,65.383
2020,Male,614.0,65.383
2020,Male,620.0,65.417
2020,Male,620.0,65.417
2020,Male,625.0,65.483
2020,Male,627.0,65.5
2020,Male,629.0,65.533
2020,Male,631.0,65.55
2020,Male,632.0,65.567
2020,Male,634.0,65.6
2020,Male,636.0,65.617
2020,Male,636.0,65.617
2020,Male,638.0,65.633
2020,Male,639.0,65.65
2020,Male,640.0,65.667
2020,Male,641.0,65.683
2020,Male,642.0,65.7
2020,Male,643.0,65.717
2020,Male,643.0,65.717
2020,Male,645.0,65.733
2020,Male,645.0,65.733
2020,Male,647.0,65.75
2020,Male,647.0,65.75
2020,Male,647.0,65.75
2020,Male,651.0,65.767
2020,Male,651.0,65.767
2020,Male,651.0,65.767
2020,Male,654.0,65.783
2020,Male,657.0,65.8
2020,Male,658.0,65.817
2020,Male,658.0,65.817
2020,Male,658.0,65.817
2020,Male,661.0,65.833
2020,Male,662.0,65.867
2020,Male,662.0,65.867
2020,Male,664.0,65.883
2020,Male,664.0,65.883
2020,Male,664.0,65.883
2020,Male,664.0,65.883
2020,Male,668.0,65.9
2020,Male,668.0,65.9
2020,Male,670.0,65.917
2020,Male,671.0,65.933
2020,Male,671.0,65.933
2020,Male,673.0,65.95
2020,Male,674.0,65.967
2020,Male,675.0,65.983
2020,Male,676.0,66.0
2020,Male,676.0,66.0
2020,Male,678.0,66.017
2020,Male,678.0,66.017
2020,Male,680.0,66.05
2020,Male,681.0,66.067
2020,Male,682.0,66.1
2020,Male,682.0,66.1
2020,Male,682.0,66.1
2020,Male,687.0,66.133
2020,Male,687.0,66.133
2020,Male,687.0,66.133
2020,Male,690.0,66.15
2020,Male,690.0,66.15
2020,Male,692.0,66.167
2020,Male,692.0,66.167
2020,Male,695.0,66.183
2020,Male,695.0,66.183
2020,Male,695.0,66.183
2020,Male,695.0,66.183
2020,Male,701.0,66.25
2020,Male,701.0,66.25
2020,Male,704.0,66.267
2020,Male,705.0,66.283
2020,Male,707.0,66.317
2020,Male,708.0,66.333
2020,Male,708.0,66.333
2020,Male,708.0,66.333
2020,Male,708.0,66.333
2020,Male,712.0,66.367
2020,Male,713.0,66.383
2020,Male,713.0,66.383
2020,Male,715.0,66.4
2020,Male,716.0,66.417
2020,Male,718.0,66.45
2020,Male,718.0,66.45
2020,Male,720.0,66.467
2020,Male,720.0,66.467
2020,Male,720.0,66.467
2020,Male,723.0,66.483
2020,Male,723.0,66.483
2020,Male,725.0,66.5
2020,Male,726.0,66.517
2020,Male,726.0,66.517
2020,Male,726.0,66.517
2020,Male,729.0,66.533
2020,Male,729.0,66.533
2020,Male,729.0,66.533
2020,Male,732.0,66.55
2020,Male,732.0,66.55
2020,Male,734.0,66.6
2020,Male,734.0,66.6
2020,Male,736.0,66.617
2020,Male,737.0,66.633
2020,Male,737.0,66.633
2020,Male,739.0,66.667
2020,Male,740.0,66.683
2020,Male,740.0,66.683
2020,Male,740.0,66.683
2020,Male,743.0,66.7
2020,Male,743.0,66.7
2020,Male,745.0,66.717
2020,Male,747.0,66.733
2020,Male,747.0,66.733
2020,Male,747.0,66.733
2020,Male,747.0,66.733
2020,Male,747.0,66.733
2020,Male,754.0,66.783
2020,Male,755.0,66.8
2020,Male,755.0,66.8
2020,Male,758.0,66.817
2020,Male,759.0,66.833
2020,Male,759.0,66.833
2020,Male,759.0,66.833
2020,Male,762.0,66.85
2020,Male,763.0,66.883
2020,Male,763.0,66.883
2020,Male,765.0,66.9
2020,Male,766.0,66.933
2020,Male,767.0,66.95
2020,Male,767.0,66.95
2020,Male,767.0,66.95
2020,Male,771.0,66.967
2020,Male,772.0,66.983
2020,Male,772.0,66.983
2020,Male,774.0,67.0
2020,Male,774.0,67.0
2020,Male,776.0,67.017
2020,Male,776.0,67.017
2020,Male,778.0,67.033
2020,Male,780.0,67.05
2020,Male,780.0,67.05
2020,Male,782.0,67.067
2020,Male,782.0,67.067
2020,Male,782.0,67.067
2020,Male,785.0,67.1
2020,Male,786.0,67.117
2020,Male,787.0,67.133
2020,Male,787.0,67.133
2020,Male,787.0,67.133
2020,Male,791.0,67.15
2020,Male,791.0,67.15
2020,Male,791.0,67.15
2020,Male,794.0,67.167
2020,Male,796.0,67.183
2020,Male,797.0,67.2
2020,Male,798.0,67.217
2020,Male,798.0,67.217
2020,Male,800.0,67.233
2020,Male,800.0,67.233
2020,Male,802.0,67.25
2020,Male,802.0,67.25
2020,Male,804.0,67.283
2020,Male,805.0,67.317
2020,Male,805.0,67.317
2020,Male,805.0,67.317
2020,Male,809.0,67.333
2020,Male,809.0,67.333
2020,Male,811.0,67.367
2020,Male,811.0,67.367
2020,Male,811.0,67.367
2020,Male,814.0,67.383
2020,Male,814.0,67.383
2020,Male,816.0,67.4
2020,Male,816.0,67.4
2020,Male,818.0,67.417
2020,Male,820.0,67.433
2020,Male,822.0,67.45
2020,Male,822.0,67.45
2020,Male,824.0,67.467
2020,Male,825.0,67.5
2020,Male,827.0,67.55
2020,Male,828.0,67.583
2020,Male,830.0,67.617
2020,Male,831.0,67.633
2020,Male,832.0,67.65
2020,Male,832.0,67.65
2020,Male,834.0,67.667
2020,Male,834.0,67.667
2020,Male,834.0,67.667
2020,Male,839.0,67.7
2020,Male,839.0,67.7
2020,Male,842.0,67.717
2020,Male,844.0,67.733
2020,Male,845.0,67.75
2020,Male,846.0,67.767
2020,Male,847.0,67.8
2020,Male,847.0,67.8
2020,Male,851.0,67.817
2020,Male,852.0,67.833
2020,Male,852.0,67.833
2020,Male,852.0,67.833
2020,Male,852.0,67.833
2020,Male,858.0,67.85
2020,Male,860.0,67.867
2020,Male,861.0,67.883
2020,Male,861.0,67.883
2020,Male,865.0,67.917
2020,Male,865.0,67.917
2020,Male,865.0,67.917
2020,Male,869.0,67.933
2020,Male,869.0,67.933
2020,Male,871.0,67.95
2020,Male,871.0,67.95
2020,Male,871.0,67.95
2020,Male,875.0,67.967
2020,Male,876.0,67.983
2020,Male,877.0,68.0
2020,Male,879.0,68.05
2020,Male,879.0,68.05
2020,Male,882.0,68.067
2020,Male,884.0,68.083
2020,Male,885.0,68.1
2020,Male,885.0,68.1
2020,Male,888.0,68.117
2020,Male,889.0,68.15
2020,Male,890.0,68.167
2020,Male,891.0,68.183
2020,Male,891.0,68.183
2020,Male,891.0,68.183
2020,Male,894.0,68.2
2020,Male,894.0,68.2
2020,Male,894.0,68.2
2020,Male,898.0,68.267
2020,Male,899.0,68.283
2020,Male,899.0,68.283
2020,Male,901.0,68.3
2020,Male,901.0,68.3
2020,Male,901.0,68.3
2020,Male,904.0,68.333
2020,Male,906.0,68.35
2020,Male,908.0,68.4
2020,Male,908.0,68.4
2020,Male,908.0,68.4
2020,Male,911.0,68.417
2020,Male,911.0,68.417
2020,Male,911.0,68.417
2020,Male,914.0,68.45
2020,Male,914.0,68.45
2020,Male,916.0,68.467
2020,Male,916.0,68.467
2020,Male,916.0,68.467
2020,Male,919.0,68.55
2020,Male,920.0,68.583
2020,Male,920.0,68.583
2020,Male,920.0,68.583
2020,Male,924.0,68.6
2020,Male,924.0,68.6
2020,Male,924.0,68.6
2020,Male,928.0,68.617
2020,Male,929.0,68.633
2020,Male,932.0,68.667
2020,Male,933.0,68.683
2020,Male,933.0,68.683
2020,Male,935.0,68.7
2020,Male,937.0,68.733
2020,Male,937.0,68.733
2020,Male,937.0,68.733
2020,Male,941.0,68.767
2020,Male,942.0,68.783
2020,Male,942.0,68.783
2020,Male,942.0,68.783
2020,Male,947.0,68.8
2020,Male,948.0,68.817
2020,Male,948.0,68.817
2020,Male,954.0,68.867
2020,Male,954.0,68.867
2020,Male,954.0,68.867
2020,Male,958.0,68.883
2020,Male,958.0,68.883
2020,Male,960.0,68.9
2020,Male,961.0,68.917
2020,Male,961.0,68.917
2020,Male,963.0,68.933
2020,Male,963.0,68.933
2020,Male,963.0,68.933
2020,Male,963.0,68.933
2020,Male,967.0,68.95
2020,Male,968.0,68.967
2020,Male,971.0,69.017
2020,Male,973.0,69.033
2020,Male,974.0,69.05
2020,Male,974.0,69.05
2020,Male,976.0,69.067
2020,Male,977.0,69.083
2020,Male,977.0,69.083
2020,Male,977.0,69.083
2020,Male,977.0,69.083
2020,Male,981.0,69.1
2020,Male,983.0,69.117
2020,Male,985.0,69.15
2020,Male,985.0,69.15
2020,Male,988.0,69.167
2020,Male,992.0,69.2
2020,Male,992.0,69.2
2020,Male,995.0,69.267
2020,Male,995.0,69.267
2020,Male,997.0,69.283
2020,Male,997.0,69.283
2020,Male,999.0,69.3
2020,Male,1000.0,69.317
2020,Male,1000.0,69.317
2020,Male,1000.0,69.317
2020,Male,1003.0,69.333
2020,Male,1003.0,69.333
2020,Male,1006.0,69.35
2020,Male,1006.0,69.35
2020,Male,1008.0,69.367
2020,Male,1010.0,69.4
2020,Male,1010.0,69.4
2020,Male,1010.0,69.4
2020,Male,1013.0,69.417
2020,Male,1013.0,69.417
2020,Male,1016.0,69.433
2020,Male,1018.0,69.45
2020,Male,1022.0,69.517
2020,Male,1024.0,69.533
2020,Male,1024.0,69.533
2020,Male,1026.0,69.583
2020,Male,1027.0,69.617
2020,Male,1027.0,69.617
2020,Male,1027.0,69.617
2020,Male,1031.0,69.633
2020,Male,1033.0,69.667
2020,Male,1033.0,69.667
2020,Male,1033.0,69.667
2020,Male,1036.0,69.683
2020,Male,1036.0,69.683
2020,Male,1036.0,69.683
2020,Male,1039.0,69.7
2020,Male,1039.0,69.7
2020,Male,1043.0,69.783
2020,Male,1043.0,69.783
2020,Male,1045.0,69.817
2020,Male,1045.0,69.817
2020,Male,1048.0,69.867
2020,Male,1048.0,69.867
2020,Male,1048.0,69.867
2020,Male,1051.0,69.883
2020,Male,1055.0,69.9
2020,Male,1057.0,69.917
2020,Male,1057.0,69.917
2020,Male,1059.0,69.933
2020,Male,1061.0,69.967
2020,Male,1063.0,69.983
2020,Male,1063.0,69.983
2020,Male,1065.0,70.0
2020,Male,1065.0,70.0
2020,Male,1067.0,70.017
2020,Male,1067.0,70.017
2020,Male,1067.0,70.017
2020,Male,1070.0,70.033
2020,Male,1070.0,70.033
2020,Male,1072.0,70.083
2020,Male,1072.0,70.083
2020,Male,1074.0,70.117
2020,Male,1074.0,70.117
2020,Male,1074.0,70.117
2020,Male,1077.0,70.133
2020,Male,1078.0,70.15
2020,Male,1083.0,70.183
2020,Male,1085.0,70.2
2020,Male,1085.0,70.2
2020,Male,1087.0,70.217
2020,Male,1087.0,70.217
2020,Male,1087.0,70.217
2020,Male,1087.0,70.217
2020,Male,1091.0,70.25
2020,Male,1092.0,70.267
2020,Male,1093.0,70.283
2020,Male,1093.0,70.283
2020,Male,1097.0,70.3
2020,Male,1098.0,70.333
2020,Male,1098.0,70.333
2020,Male,1102.0,70.383
2020,Male,1103.0,70.417
2020,Male,1103.0,70.417
2020,Male,1105.0,70.433
2020,Male,1106.0,70.467
2020,Male,1107.0,70.5
2020,Male,1107.0,70.5
2020,Male,1109.0,70.533
2020,Male,1109.0,70.533
2020,Male,1112.0,70.55
2020,Male,1113.0,70.567
2020,Male,1114.0,70.6
2020,Male,1115.0,70.617
2020,Male,1116.0,70.633
2020,Male,1116.0,70.633
2020,Male,1116.0,70.633
2020,Male,1120.0,70.65
2020,Male,1120.0,70.65
2020,Male,1120.0,70.65
2020,Male,1123.0,70.667
2020,Male,1124.0,70.7
2020,Male,1125.0,70.733
2020,Male,1125.0,70.733
2020,Male,1127.0,70.767
2020,Male,1128.0,70.783
2020,Male,1129.0,70.8
2020,Male,1131.0,70.85
2020,Male,1131.0,70.85
2020,Male,1133.0,70.867
2020,Male,1134.0,70.9
2020,Male,1134.0,70.9
2020,Male,1136.0,70.917
2020,Male,1136.0,70.917
2020,Male,1138.0,70.933
2020,Male,1138.0,70.933
2020,Male,1140.0,70.95
2020,Male,1141.0,70.967
2020,Male,1141.0,70.967
2020,Male,1143.0,70.983
2020,Male,1143.0,70.983
2020,Male,1143.0,70.983
2020,Male,1146.0,71.0
2020,Male,1148.0,71.017
2020,Male,1149.0,71.033
2020,Male,1152.0,71.083
2020,Male,1153.0,71.117
2020,Male,1153.0,71.117
2020,Male,1155.0,71.133
2020,Male,1156.0,71.167
2020,Male,1157.0,71.183
2020,Male,1157.0,71.183
2020,Male,1160.0,71.217
2020,Male,1160.0,71.217
2020,Male,1162.0,71.233
2020,Male,1162.0,71.233
2020,Male,1164.0,71.25
2020,Male,1167.0,71.267
2020,Male,1167.0,71.267
2020,Male,1170.0,71.3
2020,Male,1171.0,71.317
2020,Male,1171.0,71.317
2020,Male,1173.0,71.333
2020,Male,1174.0,71.367
2020,Male,1174.0,71.367
2020,Male,1174.0,71.367
2020,Male,1177.0,71.383
2020,Male,1177.0,71.383
2020,Male,1177.0,71.383
2020,Male,1177.0,71.383
2020,Male,1182.0,71.417
2020,Male,1183.0,71.433
2020,Male,1184.0,71.45
2020,Male,1185.0,71.483
2020,Male,1186.0,71.5
2020,Male,1189.0,71.583
2020,Male,1189.0,71.583
2020,Male,1193.0,71.617
2020,Male,1195.0,71.633
2020,Male,1195.0,71.633
2020,Male,1195.0,71.633
2020,Male,1198.0,71.683
2020,Male,1200.0,71.717
2020,Male,1201.0,71.733
2020,Male,1202.0,71.783
2020,Male,1203.0,71.817
2020,Male,1204.0,71.833
2020,Male,1206.0,71.85
2020,Male,1210.0,71.9
2020,Male,1210.0,71.9
2020,Male,1212.0,71.933
2020,Male,1212.0,71.933
2020,Male,1214.0,71.967
2020,Male,1214.0,71.967
2020,Male,1214.0,71.967
2020,Male,1217.0,71.983
2020,Male,1217.0,71.983
2020,Male,1217.0,71.983
2020,Male,1217.0,71.983
2020,Male,1222.0,72.0
2020,Male,1222.0,72.0
2020,Male,1225.0,72.033
2020,Male,1226.0,72.05
2020,Male,1226.0,72.05
2020,Male,1228.0,72.067
2020,Male,1229.0,72.083
2020,Male,1230.0,72.117
2020,Male,1233.0,72.133
2020,Male,1235.0,72.2
2020,Male,1237.0,72.217
2020,Male,1237.0,72.217
2020,Male,1240.0,72.233
2020,Male,1240.0,72.233
2020,Male,1242.0,72.25
2020,Male,1243.0,72.267
2020,Male,1244.0,72.333
2020,Male,1245.0,72.35
2020,Male,1246.0,72.367
2020,Male,1246.0,72.367
2020,Male,1248.0,72.417
2020,Male,1249.0,72.433
2020,Male,1250.0,72.45
2020,Male,1251.0,72.467
2020,Male,1254.0,72.5
2020,Male,1257.0,72.55
2020,Male,1257.0,72.55
2020,Male,1257.0,72.55
2020,Male,1260.0,72.583
2020,Male,1262.0,72.633
2020,Male,1262.0,72.633
2020,Male,1265.0,72.667
2020,Male,1268.0,72.717
2020,Male,1269.0,72.733
2020,Male,1269.0,72.733
2020,Male,1269.0,72.733
2020,Male,1274.0,72.767
2020,Male,1274.0,72.767
2020,Male,1274.0,72.767
2020,Male,1274.0,72.767
2020,Male,1274.0,72.767
2020,Male,1284.0,72.883
2020,Male,1285.0,72.95
2020,Male,1286.0,72.967
2020,Male,1286.0,72.967
2020,Male,1289.0,72.983
2020,Male,1289.0,72.983
2020,Male,1291.0,73.033
2020,Male,1293.0,73.067
2020,Male,1294.0,73.083
2020,Male,1295.0,73.15
2020,Male,1295.0,73.15
2020,Male,1298.0,73.217
2020,Male,1298.0,73.217
2020,Male,1301.0,73.233
2020,Male,1302.0,73.25
2020,Male,1303.0,73.267
2020,Male,1307.0,73.317
2020,Male,1308.0,73.333
2020,Male,1310.0,73.433
2020,Male,1311.0,73.45
2020,Male,1311.0,73.45
2020,Male,1315.0,73.483
2020,Male,1317.0,73.567
2020,Male,1320.0,73.65
2020,Male,1320.0,73.65
2020,Male,1322.0,73.667
2020,Male,1323.0,73.683
2020,Male,1325.0,73.717
2020,Male,1326.0,73.733
2020,Male,1328.0,73.75
2020,Male,1328.0,73.75
2020,Male,1330.0,73.767
2020,Male,1333.0,73.817
2020,Male,1335.0,73.883
2020,Male,1337.0,73.933
2020,Male,1339.0,73.967
2020,Male,1339.0,73.967
2020,Male,1341.0,73.983
2020,Male,1342.0,74.0
2020,Male,1343.0,74.017
2020,Male,1345.0,74.1
2020,Male,1345.0,74.1
2020,Male,1349.0,74.2
2020,Male,1351.0,74.25
2020,Male,1352.0,74.3
2020,Male,1353.0,74.317
2020,Male,1353.0,74.317
2020,Male,1355.0,74.35
2020,Male,1355.0,74.35
2020,Male,1358.0,74.483
2020,Male,1359.0,74.5
2020,Male,1360.0,74.517
2020,Male,1361.0,74.533
2020,Male,1363.0,74.55
2020,Male,1364.0,74.567
2020,Male,1366.0,74.583
2020,Male,1369.0,74.617
2020,Male,1369.0,74.617
2020,Male,1371.0,74.633
2020,Male,1371.0,74.633
2020,Male,1373.0,74.65
2020,Male,1375.0,74.7
2020,Male,1377.0,74.767
2020,Male,1378.0,74.783
2020,Male,1378.0,74.783
2020,Male,1381.0,74.867
2020,Male,1384.0,74.9
2020,Male,1384.0,74.9
2020,Male,1384.0,74.9
2020,Male,1388.0,74.983
2020,Male,1389.0,75.05
2020,Male,1390.0,75.067
2020,Male,1391.0,75.1
2020,Male,1392.0,75.15
2020,Male,1395.0,75.2
2020,Male,1395.0,75.2
2020,Male,1397.0,75.217
2020,Male,1397.0,75.217
2020,Male,1399.0,75.25
2020,Male,1400.0,75.333
2020,Male,1402.0,75.35
2020,Male,1403.0,75.367
2020,Male,1405.0,75.433
2020,Male,1408.0,75.6
2020,Male,1410.0,75.7
2020,Male,1411.0,75.717
2020,Male,1411.0,75.717
2020,Male,1411.0,75.717
2020,Male,1411.0,75.717
2020,Male,1415.0,75.733
2020,Male,1416.0,75.75
2020,Male,1417.0,75.8
2020,Male,1417.0,75.8
2020,Male,1417.0,75.8
2020,Male,1421.0,75.85
2020,Male,1421.0,75.85
2020,Male,1423.0,75.867
2020,Male,1425.0,75.95
2020,Male,1426.0,75.967
2020,Male,1427.0,76.0
2020,Male,1428.0,76.033
2020,Male,1428.0,76.033
2020,Male,1431.0,76.15
2020,Male,1431.0,76.15
2020,Male,1433.0,76.167
2020,Male,1434.0,76.233
2020,Male,1436.0,76.25
2020,Male,1438.0,76.283
2020,Male,1439.0,76.317
2020,Male,1443.0,76.383
2020,Male,1444.0,76.4
2020,Male,1445.0,76.433
2020,Male,1445.0,76.433
2020,Male,1449.0,76.5
2020,Male,1449.0,76.5
2020,Male,1451.0,76.517
2020,Male,1453.0,76.567
2020,Male,1454.0,76.6
2020,Male,1455.0,76.65
2020,Male,1455.0,76.65
2020,Male,1457.0,76.7
2020,Male,1457.0,76.7
2020,Male,1459.0,76.733
2020,Male,1460.0,76.817
2020,Male,1461.0,76.85
2020,Male,1462.0,76.867
2020,Male,1466.0,76.967
2020,Male,1467.0,77.0
2020,Male,1467.0,77.0
2020,Male,1469.0,77.033
2020,Male,1472.0,77.083
2020,Male,1473.0,77.1
2020,Male,1473.0,77.1
2020,Male,1475.0,77.117
2020,Male,1476.0,77.15
2020,Male,1476.0,77.15
2020,Male,1478.0,77.167
2020,Male,1481.0,77.3
2020,Male,1482.0,77.317
2020,Male,1484.0,77.333
2020,Male,1485.0,77.4
2020,Male,1486.0,77.417
2020,Male,1486.0,77.417
2020,Male,1488.0,77.45
2020,Male,1489.0,77.467
2020,Male,1490.0,77.483
2020,Male,1491.0,77.5
2020,Male,1492.0,77.517
2020,Male,1493.0,77.533
2020,Male,1494.0,77.6
2020,Male,1495.0,77.65
2020,Male,1496.0,77.667
2020,Male,1497.0,77.7
2020,Male,1499.0,77.717
2020,Male,1500.0,77.8
2020,Male,1502.0,77.85
2020,Male,1503.0,77.967
2020,Male,1504.0,77.983
2020,Male,1506.0,78.067
2020,Male,1506.0,78.067
2020,Male,1508.0,78.133
2020,Male,1509.0,78.15
2020,Male,1512.0,78.25
2020,Male,1513.0,78.267
2020,Male,1513.0,78.267
2020,Male,1516.0,78.35
2020,Male,1517.0,78.367
2020,Male,1518.0,78.45
2020,Male,1519.0,78.517
2020,Male,1521.0,78.7
2020,Male,1521.0,78.7
2020,Male,1523.0,78.717
2020,Male,1524.0,78.75
2020,Male,1525.0,78.8
2020,Male,1526.0,78.833
2020,Male,1527.0,78.85
2020,Male,1529.0,78.917
2020,Male,1530.0,78.95
2020,Male,1531.0,79.05
2020,Male,1531.0,79.05
2020,Male,1534.0,79.117
2020,Male,1536.0,79.167
2020,Male,1540.0,79.217
2020,Male,1540.0,79.217
2020,Male,1540.0,79.217
2020,Male,1543.0,79.25
2020,Male,1545.0,79.417
2020,Male,1546.0,79.45
2020,Male,1547.0,79.483
2020,Male,1548.0,79.5
2020,Male,1550.0,79.533
2020,Male,1552.0,79.55
2020,Male,1553.0,79.567
2020,Male,1555.0,79.667
2020,Male,1557.0,79.767
2020,Male,1560.0,80.017
2020,Male,1561.0,80.033
2020,Male,1562.0,80.05
2020,Male,1565.0,80.25
2020,Male,1567.0,80.367
2020,Male,1568.0,80.55
2020,Male,1569.0,80.567
2020,Male,1571.0,80.767
2020,Male,1572.0,80.783
2020,Male,1573.0,80.8
2020,Male,1574.0,80.917
2020,Male,1577.0,81.167
2020,Male,1578.0,81.217
2020,Male,1579.0,81.25
2020,Male,1580.0,81.267
2020,Male,1581.0,81.467
2020,Male,1582.0,81.5
2020,Male,1585.0,81.733
2020,Male,1586.0,81.783
2020,Male,1586.0,81.783
2020,Male,1588.0,81.817
2020,Male,1589.0,81.85
2020,Male,1590.0,81.9
2020,Male,1591.0,81.917
2020,Male,1594.0,82.017
2020,Male,1595.0,82.15
2020,Male,1598.0,82.283
2020,Male,1599.0,82.317
2020,Male,1600.0,82.383
2020,Male,1601.0,82.467
2020,Male,1602.0,82.5
2020,Male,1604.0,82.55
2020,Male,1607.0,82.6
2020,Male,1608.0,82.683
2020,Male,1609.0,82.767
2020,Male,1611.0,82.983
2020,Male,1612.0,83.267
2020,Male,1617.0,83.45
2020,Male,1618.0,83.467
2020,Male,1619.0,83.533
2020,Male,1620.0,83.55
2020,Male,1623.0,84.017
2020,Male,1624.0,84.183
2020,Male,1625.0,84.35
2020,Male,1626.0,84.45
2020,Male,1626.0,84.45
2020,Male,1629.0,84.733
2020,Male,1631.0,85.35
2020,Male,1633.0,85.7
2020,Male,1635.0,85.883
2020,Male,1637.0,86.133
2020,Male,1638.0,86.217
2020,Male,1639.0,86.283
2020,Male,1641.0,87.033
2020,Male,1642.0,87.067
2020,Male,1643.0,87.383
2020,Male,1644.0,87.417
2020,Male,1646.0,87.883
2020,Male,1648.0,88.5
2020,Male,1650.0,88.967
2020,Male,1651.0,88.983
2020,Male,1653.0,89.183
2020,Male,1654.0,89.6
2020,Male,1655.0,89.633
2020,Male,1656.0,89.883
2020,Male,1657.0,89.9
2020,Male,1660.0,90.1
2020,Male,1661.0,90.15
2020,Male,1663.0,90.25
2020,Male,1664.0,90.333
2020,Male,1665.0,90.417
2020,Male,1666.0,90.45
2020,Male,1668.0,90.683
2020,Male,1671.0,91.033
2020,Male,1673.0,91.15
2020,Male,1674.0,91.467
2020,Male,1676.0,91.567
2020,Male,1677.0,91.65
2020,Male,1678.0,91.667
2020,Male,1680.0,92.15
2020,Male,1681.0,92.317
2020,Male,1682.0,92.467
2020,Male,1683.0,92.633
2020,Male,1684.0,93.283
2020,Male,1685.0,93.383
2020,Male,1686.0,93.467
2020,Male,1687.0,93.85
2020,Male,1688.0,94.683
2020,Male,1688.0,94.683
2020,Male,1690.0,95.617
2020,Male,1691.0,96.1
2020,Male,1692.0,96.533
2020,Male,1693.0,96.8
2020,Male,1695.0,98.6
2020,Male,1696.0,98.717
2020,Male,1697.0,99.133
2020,Male,1698.0,99.183
2020,Male,1701.0,99.55
2020,Male,1704.0,100.9
2020,Male,1706.0,102.25
2020,Male,1709.0,103.5
2020,Male,1710.0,104.433
2020,Male,1711.0,104.45
2020,Male,1712.0,104.483
2020,Male,1713.0,104.767
2020,Male,1715.0,105.667
2020,Male,1716.0,105.75
2020,Male,1720.0,107.767
2020,Male,1721.0,107.817
2020,Male,1723.0,107.85
2020,Male,1727.0,115.533
2020,Male,1728.0,115.817
2020,Male,1729.0,119.967
2020,Male,1730.0,122.467
2020,Female,9.0,47.867
2020,Female,13.0,48.2
2020,Female,16.0,48.767
2020,Female,19.0,49.167
2020,Female,21.0,49.6
2020,Female,30.0,50.617
2020,Female,32.0,50.683
2020,Female,34.0,50.85
2020,Female,44.0,51.867
2020,Female,46.0,51.933
2020,Female,46.0,51.933
2020,Female,51.0,52.4
2020,Female,52.0,52.417
2020,Female,61.0,52.983
2020,Female,62.0,53.0
2020,Female,63.0,53.183
2020,Female,65.0,53.217
2020,Female,66.0,53.383
2020,Female,68.0,53.567
2020,Female,74.0,54.05
2020,Female,77.0,54.283
2020,Female,78.0,54.383
2020,Female,80.0,54.5
2020,Female,81.0,54.65
2020,Female,85.0,54.917
2020,Female,88.0,55.033
2020,Female,90.0,55.133
2020,Female,92.0,55.317
2020,Female,94.0,55.65
2020,Female,101.0,56.083
2020,Female,106.0,56.333
2020,Female,107.0,56.417
2020,Female,112.0,56.733
2020,Female,119.0,57.017
2020,Female,129.0,57.25
2020,Female,135.0,57.4
2020,Female,138.0,57.55
2020,Female,139.0,57.567
2020,Female,148.0,57.833
2020,Female,155.0,58.05
2020,Female,157.0,58.15
2020,Female,163.0,58.367
2020,Female,176.0,58.7
2020,Female,177.0,58.75
2020,Female,188.0,59.117
2020,Female,191.0,59.15
2020,Female,205.0,59.55
2020,Female,206.0,59.567
2020,Female,214.0,59.767
2020,Female,227.0,59.983
2020,Female,237.0,60.167
2020,Female,238.0,60.2
2020,Female,242.0,60.333
2020,Female,260.0,60.767
2020,Female,264.0,60.8
2020,Female,275.0,61.0
2020,Female,288.0,61.2
2020,Female,292.0,61.267
2020,Female,303.0,61.4
2020,Female,310.0,61.517
2020,Female,311.0,61.567
2020,Female,317.0,61.667
2020,Female,320.0,61.7
2020,Female,330.0,61.817
2020,Female,331.0,61.833
2020,Female,337.0,61.9
2020,Female,345.0,62.0
2020,Female,348.0,62.083
2020,Female,384.0,62.55
2020,Female,394.0,62.683
2020,Female,427.0,63.383
2020,Female,427.0,63.383
2020,Female,438.0,63.483
2020,Female,441.0,63.517
2020,Female,452.0,63.6
2020,Female,455.0,63.633
2020,Female,458.0,63.667
2020,Female,469.0,63.783
2020,Female,469.0,63.783
2020,Female,473.0,63.817
2020,Female,477.0,63.867
2020,Female,484.0,63.933
2020,Female,486.0,63.95
2020,Female,489.0,63.967
2020,Female,497.0,64.033
2020,Female,499.0,64.05
2020,Female,503.0,64.083
2020,Female,505.0,64.117
2020,Female,508.0,64.183
2020,Female,512.0,64.217
2020,Female,512.0,64.217
2020,Female,521.0,64.317
2020,Female,525.0,64.333
2020,Female,528.0,64.383
2020,Female,530.0,64.4
2020,Female,530.0,64.4
2020,Female,534.0,64.417
2020,Female,539.0,64.45
2020,Female,541.0,64.483
2020,Female,544.0,64.5
2020,Female,558.0,64.7
2020,Female,568.0,64.8
2020,Female,568.0,64.8
2020,Female,575.0,64.9
2020,Female,579.0,64.95
2020,Female,583.0,64.983
2020,Female,586.0,65.0
2020,Female,598.0,65.117
2020,Female,598.0,65.117
2020,Female,598.0,65.117
2020,Female,609.0,65.3
2020,Female,622.0,65.433
2020,Female,622.0,65.433
2020,Female,624.0,65.467
2020,Female,625.0,65.483
2020,Female,627.0,65.5
2020,Female,629.0,65.533
2020,Female,633.0,65.583
2020,Female,634.0,65.6
2020,Female,647.0,65.75
2020,Female,654.0,65.783
2020,Female,654.0,65.783
2020,Female,685.0,66.117
2020,Female,685.0,66.117
2020,Female,692.0,66.167
2020,Female,699.0,66.217
2020,Female,700.0,66.233
2020,Female,701.0,66.25
2020,Female,706.0,66.3
2020,Female,716.0,66.417
2020,Female,745.0,66.717
2020,Female,747.0,66.733
2020,Female,753.0,66.767
2020,Female,755.0,66.8
2020,Female,767.0,66.95
2020,Female,778.0,67.033
2020,Female,787.0,67.133
2020,Female,794.0,67.167
2020,Female,805.0,67.317
2020,Female,818.0,67.417
2020,Female,820.0,67.433
2020,Female,826.0,67.517
2020,Female,829.0,67.6
2020,Female,837.0,67.683
2020,Female,837.0,67.683
2020,Female,839.0,67.7
2020,Female,842.0,67.717
2020,Female,847.0,67.8
2020,Female,847.0,67.8
2020,Female,852.0,67.833
2020,Female,852.0,67.833
2020,Female,858.0,67.85
2020,Female,863.0,67.9
2020,Female,863.0,67.9
2020,Female,865.0,67.917
2020,Female,871.0,67.95
2020,Female,878.0,68.017
2020,Female,879.0,68.05
2020,Female,882.0,68.067
2020,Female,885.0,68.1
2020,Female,897.0,68.25
2020,Female,904.0,68.333
2020,Female,907.0,68.367
2020,Female,920.0,68.583
2020,Female,924.0,68.6
2020,Female,929.0,68.633
2020,Female,931.0,68.65
2020,Female,935.0,68.7
2020,Female,937.0,68.733
2020,Female,942.0,68.783
2020,Female,942.0,68.783
2020,Female,948.0,68.817
2020,Female,951.0,68.85
2020,Female,951.0,68.85
2020,Female,951.0,68.85
2020,Female,954.0,68.867
2020,Female,968.0,68.967
2020,Female,970.0,68.983
2020,Female,971.0,69.017
2020,Female,981.0,69.1
2020,Female,984.0,69.133
2020,Female,985.0,69.15
2020,Female,988.0,69.167
2020,Female,988.0,69.167
2020,Female,988.0,69.167
2020,Female,994.0,69.233
2020,Female,1003.0,69.333
2020,Female,1008.0,69.367
2020,Female,1013.0,69.417
2020,Female,1016.0,69.433
2020,Female,1018.0,69.45
2020,Female,1018.0,69.45
2020,Female,1021.0,69.5
2020,Female,1022.0,69.517
2020,Female,1027.0,69.617
2020,Female,1031.0,69.633
2020,Female,1041.0,69.75
2020,Female,1042.0,69.767
2020,Female,1047.0,69.85
2020,Female,1051.0,69.883
2020,Female,1051.0,69.883
2020,Female,1051.0,69.883
2020,Female,1055.0,69.9
2020,Female,1060.0,69.95
2020,Female,1061.0,69.967
2020,Female,1078.0,70.15
2020,Female,1078.0,70.15
2020,Female,1081.0,70.167
2020,Female,1081.0,70.167
2020,Female,1083.0,70.183
2020,Female,1093.0,70.283
2020,Female,1093.0,70.283
2020,Female,1100.0,70.35
2020,Female,1101.0,70.367
2020,Female,1109.0,70.533
2020,Female,1116.0,70.633
2020,Female,1129.0,70.8
2020,Female,1146.0,71.0
2020,Female,1150.0,71.05
2020,Female,1151.0,71.067
2020,Female,1157.0,71.183
2020,Female,1164.0,71.25
2020,Female,1164.0,71.25
2020,Female,1167.0,71.267
2020,Female,1177.0,71.383
2020,Female,1187.0,71.517
2020,Female,1187.0,71.517
2020,Female,1189.0,71.583
2020,Female,1192.0,71.6
2020,Female,1193.0,71.617
2020,Female,1198.0,71.683
2020,Female,1204.0,71.833
2020,Female,1206.0,71.85
2020,Female,1206.0,71.85
2020,Female,1209.0,71.867
2020,Female,1217.0,71.983
2020,Female,1222.0,72.0
2020,Female,1230.0,72.117
2020,Female,1230.0,72.117
2020,Female,1233.0,72.133
2020,Female,1235.0,72.2
2020,Female,1237.0,72.217
2020,Female,1251.0,72.467
2020,Female,1253.0,72.483
2020,Female,1254.0,72.5
2020,Female,1256.0,72.533
2020,Female,1261.0,72.617
2020,Female,1264.0,72.65
2020,Female,1266.0,72.683
2020,Female,1266.0,72.683
2020,Female,1269.0,72.733
2020,Female,1273.0,72.75
2020,Female,1279.0,72.783
2020,Female,1280.0,72.8
2020,Female,1281.0,72.817
2020,Female,1282.0,72.833
2020,Female,1283.0,72.867
2020,Female,1286.0,72.967
2020,Female,1291.0,73.033
2020,Female,1297.0,73.167
2020,Female,1298.0,73.217
2020,Female,1303.0,73.267
2020,Female,1305.0,73.3
2020,Female,1305.0,73.3
2020,Female,1308.0,73.333
2020,Female,1311.0,73.45
2020,Female,1314.0,73.467
2020,Female,1315.0,73.483
2020,Female,1318.0,73.583
2020,Female,1319.0,73.633
2020,Female,1324.0,73.7
2020,Female,1326.0,73.733
2020,Female,1330.0,73.767
2020,Female,1332.0,73.8
2020,Female,1334.0,73.833
2020,Female,1336.0,73.917
2020,Female,1337.0,73.933
2020,Female,1344.0,74.05
2020,Female,1345.0,74.1
2020,Female,1348.0,74.117
2020,Female,1349.0,74.2
2020,Female,1357.0,74.467
2020,Female,1361.0,74.533
2020,Female,1364.0,74.567
2020,Female,1366.0,74.583
2020,Female,1368.0,74.6
2020,Female,1374.0,74.683
2020,Female,1376.0,74.717
2020,Female,1380.0,74.833
2020,Female,1381.0,74.867
2020,Female,1383.0,74.883
2020,Female,1387.0,74.95
2020,Female,1392.0,75.15
2020,Female,1392.0,75.15
2020,Female,1400.0,75.333
2020,Female,1404.0,75.417
2020,Female,1406.0,75.55
2020,Female,1407.0,75.567
2020,Female,1409.0,75.65
2020,Female,1420.0,75.833
2020,Female,1423.0,75.867
2020,Female,1430.0,76.05
2020,Female,1434.0,76.233
2020,Female,1436.0,76.25
2020,Female,1440.0,76.367
2020,Female,1440.0,76.367
2020,Female,1440.0,76.367
2020,Female,1445.0,76.433
2020,Female,1448.0,76.45
2020,Female,1451.0,76.517
2020,Female,1463.0,76.917
2020,Female,1464.0,76.95
2020,Female,1464.0,76.95
2020,Female,1469.0,77.033
2020,Female,1471.0,77.067
2020,Female,1479.0,77.2
2020,Female,1479.0,77.2
2020,Female,1482.0,77.317
2020,Female,1497.0,77.7
2020,Female,1501.0,77.817
2020,Female,1505.0,78.05
2020,Female,1510.0,78.2
2020,Female,1511.0,78.233
2020,Female,1515.0,78.283
2020,Female,1520.0,78.6
2020,Female,1528.0,78.883
2020,Female,1533.0,79.083
2020,Female,1535.0,79.15
2020,Female,1536.0,79.167
2020,Female,1536.0,79.167
2020,Female,1539.0,79.2
2020,Female,1544.0,79.3
2020,Female,1549.0,79.517
2020,Female,1550.0,79.533
2020,Female,1554.0,79.6
2020,Female,1556.0,79.75
2020,Female,1558.0,79.833
2020,Female,1559.0,79.95
2020,Female,1563.0,80.083
2020,Female,1564.0,80.2
2020,Female,1566.0,80.333
2020,Female,1570.0,80.617
2020,Female,1575.0,80.933
2020,Female,1576.0,81.033
2020,Female,1582.0,81.5
2020,Female,1584.0,81.567
2020,Female,1592.0,81.933
2020,Female,1593.0,81.967
2020,Female,1596.0,82.183
2020,Female,1597.0,82.267
2020,Female,1603.0,82.517
2020,Female,1605.0,82.583
2020,Female,1605.0,82.583
2020,Female,1610.0,82.833
2020,Female,1613.0,83.283
2020,Female,1614.0,83.333
2020,Female,1615.0,83.367
2020,Female,1616.0,83.383
2020,Female,1621.0,83.617
2020,Female,1622.0,83.833
2020,Female,1628.0,84.717
2020,Female,1629.0,84.733
2020,Female,1632.0,85.65
2020,Female,1634.0,85.8
2020,Female,1636.0,86.1
2020,Female,1640.0,86.317
2020,Female,1645.0,87.7
2020,Female,1647.0,88.15
2020,Female,1649.0,88.567
2020,Female,1652.0,89.1
2020,Female,1658.0,90.0
2020,Female,1659.0,90.083
2020,Female,1661.0,90.15
2020,Female,1667.0,90.617
2020,Female,1668.0,90.683
2020,Female,1670.0,90.833
2020,Female,1672.0,91.117
2020,Female,1675.0,91.533
2020,Female,1679.0,91.983
2020,Female,1694.0,97.833
2020,Female,1698.0,99.183
2020,Female,1700.0,99.35
2020,Female,1702.0,99.817
2020,Female,1703.0,100.767
2020,Female,1705.0,102.05
2020,Female,1707.0,102.65
2020,Female,1708.0,103.433
2020,Female,1714.0,104.85
2020,Female,1717.0,106.483
2020,Female,1718.0,106.867
2020,Female,1719.0,106.883
2020,Female,1722.0,107.833
2020,Female,1724.0,109.35
2020,Female,1725.0,111.033
2020,Female,1726.0,111.667
2020,Female,1731.0,127.733
2021,Male,1.0,38.367
2021,Male,2.0,39.95
2021,Male,3.0,40.533
2021,Male,4.0,40.9
2021,Male,6.0,41.033
2021,Male,7.0,41.117
2021,Male,8.0,41.15
2021,Male,12.0,41.45
2021,Male,13.0,41.683
2021,Male,14.0,41.7
2021,Male,16.0,41.967
2021,Male,17.0,42.1
2021,Male,18.0,42.283
2021,Male,21.0,42.8
2021,Male,22.0,42.95
2021,Male,24.0,43.033
2021,Male,26.0,43.067
2021,Male,27.0,43.15
2021,Male,28.0,43.283
2021,Male,29.0,43.367
2021,Male,30.0,43.617
2021,Male,31.0,43.7
2021,Male,32.0,43.717
2021,Male,34.0,44.133
2021,Male,35.0,44.233
2021,Male,36.0,44.267
2021,Male,37.0,44.283
2021,Male,39.0,44.4
2021,Male,40.0,44.417
2021,Male,42.0,44.75
2021,Male,45.0,44.867
2021,Male,45.0,44.867
2021,Male,47.0,44.967
2021,Male,48.0,45.0
2021,Male,49.0,45.033
2021,Male,51.0,45.183
2021,Male,52.0,45.2
2021,Male,53.0,45.283
2021,Male,56.0,45.417
2021,Male,57.0,45.533
2021,Male,58.0,45.55
2021,Male,59.0,46.0
2021,Male,60.0,46.05
2021,Male,60.0,46.05
2021,Male,62.0,46.067
2021,Male,62.0,46.067
2021,Male,64.0,46.083
2021,Male,65.0,46.1
2021,Male,65.0,46.1
2021,Male,67.0,46.133
2021,Male,68.0,46.217
2021,Male,71.0,46.25
2021,Male,72.0,46.35
2021,Male,73.0,46.383
2021,Male,74.0,46.417
2021,Male,75.0,46.433
2021,Male,77.0,46.483
2021,Male,78.0,46.5
2021,Male,79.0,46.55
2021,Male,81.0,46.617
2021,Male,83.0,46.667
2021,Male,84.0,46.683
2021,Male,85.0,46.733
2021,Male,86.0,46.75
2021,Male,87.0,46.85
2021,Male,88.0,46.933
2021,Male,89.0,46.967
2021,Male,89.0,46.967
2021,Male,91.0,47.0
2021,Male,92.0,47.033
2021,Male,92.0,47.033
2021,Male,94.0,47.05
2021,Male,97.0,47.15
2021,Male,97.0,47.15
2021,Male,102.0,47.333
2021,Male,104.0,47.367
2021,Male,105.0,47.383
2021,Male,106.0,47.4
2021,Male,107.0,47.433
2021,Male,108.0,47.467
2021,Male,109.0,47.483
2021,Male,110.0,47.517
2021,Male,111.0,47.533
2021,Male,112.0,47.55
2021,Male,112.0,47.55
2021,Male,114.0,47.567
2021,Male,117.0,47.65
2021,Male,118.0,47.683
2021,Male,119.0,47.7
2021,Male,120.0,47.833
2021,Male,123.0,47.967
2021,Male,124.0,48.067
2021,Male,125.0,48.117
2021,Male,126.0,48.167
2021,Male,127.0,48.183
2021,Male,129.0,48.217
2021,Male,130.0,48.233
2021,Male,131.0,48.267
2021,Male,132.0,48.417
2021,Male,133.0,48.433
2021,Male,133.0,48.433
2021,Male,135.0,48.467
2021,Male,136.0,48.5
2021,Male,137.0,48.517
2021,Male,137.0,48.517
2021,Male,140.0,48.6
2021,Male,141.0,48.683
2021,Male,143.0,48.733
2021,Male,145.0,48.767
2021,Male,146.0,48.883
2021,Male,146.0,48.883
2021,Male,149.0,48.933
2021,Male,152.0,49.0
2021,Male,153.0,49.033
2021,Male,154.0,49.067
2021,Male,154.0,49.067
2021,Male,157.0,49.25
2021,Male,158.0,49.283
2021,Male,159.0,49.3
2021,Male,160.0,49.317
2021,Male,162.0,49.333
2021,Male,163.0,49.35
2021,Male,164.0,49.383
2021,Male,165.0,49.4
2021,Male,166.0,49.433
2021,Male,167.0,49.45
2021,Male,168.0,49.55
2021,Male,169.0,49.567
2021,Male,171.0,49.617
2021,Male,173.0,49.683
2021,Male,173.0,49.683
2021,Male,176.0,49.767
2021,Male,177.0,49.8
2021,Male,177.0,49.8
2021,Male,179.0,49.833
2021,Male,180.0,49.85
2021,Male,183.0,49.9
2021,Male,184.0,49.933
2021,Male,185.0,49.95
2021,Male,187.0,50.033
2021,Male,188.0,50.05
2021,Male,190.0,50.1
2021,Male,192.0,50.133
2021,Male,192.0,50.133
2021,Male,194.0,50.15
2021,Male,195.0,50.167
2021,Male,195.0,50.167
2021,Male,197.0,50.183
2021,Male,198.0,50.317
2021,Male,199.0,50.333
2021,Male,200.0,50.367
2021,Male,202.0,50.433
2021,Male,202.0,50.433
2021,Male,202.0,50.433
2021,Male,202.0,50.433
2021,Male,202.0,50.433
2021,Male,207.0,50.467
2021,Male,208.0,50.483
2021,Male,209.0,50.5
2021,Male,209.0,50.5
2021,Male,211.0,50.533
2021,Male,212.0,50.567
2021,Male,212.0,50.567
2021,Male,212.0,50.567
2021,Male,212.0,50.567
2021,Male,216.0,50.583
2021,Male,217.0,50.6
2021,Male,218.0,50.65
2021,Male,219.0,50.667
2021,Male,219.0,50.667
2021,Male,221.0,50.683
2021,Male,222.0,50.7
2021,Male,223.0,50.733
2021,Male,223.0,50.733
2021,Male,223.0,50.733
2021,Male,226.0,50.75
2021,Male,229.0,50.817
2021,Male,229.0,50.817
2021,Male,231.0,50.833
2021,Male,233.0,50.867
2021,Male,234.0,50.883
2021,Male,234.0,50.883
2021,Male,234.0,50.883
2021,Male,238.0,50.917
2021,Male,239.0,50.933
2021,Male,241.0,50.983
2021,Male,242.0,51.0
2021,Male,243.0,51.017
2021,Male,245.0,51.033
2021,Male,245.0,51.033
2021,Male,245.0,51.033
2021,Male,245.0,51.033
2021,Male,249.0,51.05
2021,Male,250.0,51.1
2021,Male,250.0,51.1
2021,Male,252.0,51.167
2021,Male,252.0,51.167
2021,Male,254.0,51.183
2021,Male,255.0,51.217
2021,Male,256.0,51.233
2021,Male,256.0,51.233
2021,Male,258.0,51.25
2021,Male,259.0,51.3
2021,Male,259.0,51.3
2021,Male,259.0,51.3
2021,Male,259.0,51.3
2021,Male,264.0,51.333
2021,Male,266.0,51.367
2021,Male,266.0,51.367
2021,Male,268.0,51.383
2021,Male,268.0,51.383
2021,Male,270.0,51.4
2021,Male,270.0,51.4
2021,Male,273.0,51.417
2021,Male,274.0,51.45
2021,Male,274.0,51.45
2021,Male,276.0,51.483
2021,Male,277.0,51.533
2021,Male,278.0,51.55
2021,Male,278.0,51.55
2021,Male,281.0,51.633
2021,Male,282.0,51.667
2021,Male,282.0,51.667
2021,Male,284.0,51.7
2021,Male,284.0,51.7
2021,Male,286.0,51.717
2021,Male,286.0,51.717
2021,Male,286.0,51.717
2021,Male,289.0,51.733
2021,Male,290.0,51.8
2021,Male,291.0,51.817
2021,Male,291.0,51.817
2021,Male,293.0,51.833
2021,Male,293.0,51.833
2021,Male,293.0,51.833
2021,Male,297.0,51.867
2021,Male,297.0,51.867
2021,Male,297.0,51.867
2021,Male,300.0,51.883
2021,Male,301.0,51.95
2021,Male,302.0,51.983
2021,Male,303.0,52.0
2021,Male,303.0,52.0
2021,Male,305.0,52.017
2021,Male,306.0,52.05
2021,Male,307.0,52.067
2021,Male,307.0,52.067
2021,Male,311.0,52.083
2021,Male,312.0,52.183
2021,Male,313.0,52.217
2021,Male,316.0,52.25
2021,Male,316.0,52.25
2021,Male,319.0,52.317
2021,Male,320.0,52.333
2021,Male,321.0,52.35
2021,Male,321.0,52.35
2021,Male,324.0,52.367
2021,Male,325.0,52.383
2021,Male,326.0,52.4
2021,Male,329.0,52.5
2021,Male,329.0,52.5
2021,Male,329.0,52.5
2021,Male,329.0,52.5
2021,Male,333.0,52.55
2021,Male,334.0,52.583
2021,Male,335.0,52.6
2021,Male,335.0,52.6
2021,Male,337.0,52.65
2021,Male,340.0,52.667
2021,Male,341.0,52.717
2021,Male,341.0,52.717
2021,Male,343.0,52.767
2021,Male,344.0,52.783
2021,Male,345.0,52.8
2021,Male,346.0,52.817
2021,Male,346.0,52.817
2021,Male,348.0,52.833
2021,Male,349.0,52.85
2021,Male,349.0,52.85
2021,Male,351.0,52.883
2021,Male,352.0,52.9
2021,Male,352.0,52.9
2021,Male,354.0,52.933
2021,Male,354.0,52.933
2021,Male,356.0,52.95
2021,Male,357.0,53.0
2021,Male,357.0,53.0
2021,Male,359.0,53.017
2021,Male,360.0,53.033
2021,Male,361.0,53.05
2021,Male,362.0,53.067
2021,Male,363.0,53.083
2021,Male,363.0,53.083
2021,Male,365.0,53.1
2021,Male,366.0,53.117
2021,Male,366.0,53.117
2021,Male,369.0,53.133
2021,Male,369.0,53.133
2021,Male,371.0,53.183
2021,Male,372.0,53.2
2021,Male,374.0,53.217
2021,Male,375.0,53.233
2021,Male,375.0,53.233
2021,Male,375.0,53.233
2021,Male,378.0,53.25
2021,Male,379.0,53.267
2021,Male,380.0,53.283
2021,Male,381.0,53.3
2021,Male,381.0,53.3
2021,Male,381.0,53.3
2021,Male,384.0,53.333
2021,Male,385.0,53.367
2021,Male,386.0,53.383
2021,Male,388.0,53.4
2021,Male,389.0,53.417
2021,Male,390.0,53.45
2021,Male,390.0,53.45
2021,Male,392.0,53.467
2021,Male,394.0,53.483
2021,Male,394.0,53.483
2021,Male,394.0,53.483
2021,Male,398.0,53.5
2021,Male,398.0,53.5
2021,Male,400.0,53.517
2021,Male,403.0,53.533
2021,Male,403.0,53.533
2021,Male,403.0,53.533
2021,Male,406.0,53.567
2021,Male,406.0,53.567
2021,Male,408.0,53.583
2021,Male,408.0,53.583
2021,Male,408.0,53.583
2021,Male,411.0,53.6
2021,Male,412.0,53.633
2021,Male,413.0,53.65
2021,Male,416.0,53.683
2021,Male,416.0,53.683
2021,Male,416.0,53.683
2021,Male,420.0,53.7
2021,Male,421.0,53.717
2021,Male,424.0,53.767
2021,Male,426.0,53.8
2021,Male,426.0,53.8
2021,Male,426.0,53.8
2021,Male,429.0,53.817
2021,Male,431.0,53.833
2021,Male,433.0,53.867
2021,Male,433.0,53.867
2021,Male,433.0,53.867
2021,Male,436.0,53.883
2021,Male,436.0,53.883
2021,Male,436.0,53.883
2021,Male,439.0,53.9
2021,Male,439.0,53.9
2021,Male,439.0,53.9
2021,Male,439.0,53.9
2021,Male,443.0,53.917
2021,Male,443.0,53.917
2021,Male,446.0,53.95
2021,Male,447.0,53.967
2021,Male,450.0,54.017
2021,Male,450.0,54.017
2021,Male,453.0,54.033
2021,Male,453.0,54.033
2021,Male,455.0,54.05
2021,Male,458.0,54.067
2021,Male,458.0,54.067
2021,Male,460.0,54.083
2021,Male,461.0,54.1
2021,Male,461.0,54.1
2021,Male,463.0,54.133
2021,Male,464.0,54.15
2021,Male,465.0,54.167
2021,Male,465.0,54.167
2021,Male,465.0,54.167
2021,Male,465.0,54.167
2021,Male,469.0,54.183
2021,Male,469.0,54.183
2021,Male,471.0,54.2
2021,Male,473.0,54.217
2021,Male,474.0,54.233
2021,Male,474.0,54.233
2021,Male,474.0,54.233
2021,Male,477.0,54.267
2021,Male,477.0,54.267
2021,Male,479.0,54.3
2021,Male,479.0,54.3
2021,Male,481.0,54.317
2021,Male,482.0,54.333
2021,Male,482.0,54.333
2021,Male,484.0,54.35
2021,Male,484.0,54.35
2021,Male,486.0,54.367
2021,Male,486.0,54.367
2021,Male,486.0,54.367
2021,Male,486.0,54.367
2021,Male,486.0,54.367
2021,Male,491.0,54.4
2021,Male,491.0,54.4
2021,Male,491.0,54.4
2021,Male,491.0,54.4
2021,Male,491.0,54.4
2021,Male,496.0,54.417
2021,Male,497.0,54.433
2021,Male,499.0,54.467
2021,Male,500.0,54.483
2021,Male,501.0,54.5
2021,Male,504.0,54.533
2021,Male,504.0,54.533
2021,Male,504.0,54.533
2021,Male,508.0,54.567
2021,Male,508.0,54.567
2021,Male,511.0,54.583
2021,Male,511.0,54.583
2021,Male,513.0,54.6
2021,Male,513.0,54.6
2021,Male,513.0,54.6
2021,Male,517.0,54.617
2021,Male,517.0,54.617
2021,Male,517.0,54.617
2021,Male,520.0,54.65
2021,Male,520.0,54.65
2021,Male,520.0,54.65
2021,Male,523.0,54.683
2021,Male,523.0,54.683
2021,Male,527.0,54.717
2021,Male,527.0,54.717
2021,Male,532.0,54.767
2021,Male,533.0,54.783
2021,Male,534.0,54.817
2021,Male,535.0,54.85
2021,Male,535.0,54.85
2021,Male,538.0,54.883
2021,Male,539.0,54.9
2021,Male,539.0,54.9
2021,Male,541.0,54.917
2021,Male,544.0,54.967
2021,Male,544.0,54.967
2021,Male,546.0,55.0
2021,Male,547.0,55.017
2021,Male,548.0,55.033
2021,Male,549.0,55.067
2021,Male,549.0,55.067
2021,Male,551.0,55.083
2021,Male,551.0,55.083
2021,Male,551.0,55.083
2021,Male,551.0,55.083
2021,Male,555.0,55.1
2021,Male,557.0,55.133
2021,Male,557.0,55.133
2021,Male,557.0,55.133
2021,Male,562.0,55.15
2021,Male,564.0,55.167
2021,Male,565.0,55.183
2021,Male,565.0,55.183
2021,Male,567.0,55.2
2021,Male,567.0,55.2
2021,Male,567.0,55.2
2021,Male,571.0,55.233
2021,Male,571.0,55.233
2021,Male,573.0,55.25
2021,Male,575.0,55.267
2021,Male,575.0,55.267
2021,Male,575.0,55.267
2021,Male,578.0,55.283
2021,Male,578.0,55.283
2021,Male,580.0,55.3
2021,Male,581.0,55.317
2021,Male,582.0,55.333
2021,Male,582.0,55.333
2021,Male,584.0,55.35
2021,Male,584.0,55.35
2021,Male,587.0,55.367
2021,Male,590.0,55.433
2021,Male,592.0,55.467
2021,Male,592.0,55.467
2021,Male,594.0,55.5
2021,Male,594.0,55.5
2021,Male,596.0,55.517
2021,Male,597.0,55.533
2021,Male,600.0,55.583
2021,Male,600.0,55.583
2021,Male,603.0,55.6
2021,Male,603.0,55.6
2021,Male,605.0,55.617
2021,Male,605.0,55.617
2021,Male,605.0,55.617
2021,Male,608.0,55.65
2021,Male,609.0,55.683
2021,Male,610.0,55.7
2021,Male,610.0,55.7
2021,Male,615.0,55.75
2021,Male,616.0,55.767
2021,Male,616.0,55.767
2021,Male,620.0,55.8
2021,Male,620.0,55.8
2021,Male,622.0,55.833
2021,Male,622.0,55.833
2021,Male,622.0,55.833
2021,Male,625.0,55.85
2021,Male,626.0,55.883
2021,Male,626.0,55.883
2021,Male,630.0,55.933
2021,Male,630.0,55.933
2021,Male,630.0,55.933
2021,Male,633.0,55.95
2021,Male,633.0,55.95
2021,Male,633.0,55.95
2021,Male,633.0,55.95
2021,Male,633.0,55.95
2021,Male,638.0,55.967
2021,Male,638.0,55.967
2021,Male,640.0,55.983
2021,Male,640.0,55.983
2021,Male,640.0,55.983
2021,Male,644.0,56.0
2021,Male,644.0,56.0
2021,Male,644.0,56.0
2021,Male,647.0,56.017
2021,Male,647.0,56.017
2021,Male,649.0,56.033
2021,Male,652.0,56.067
2021,Male,655.0,56.1
2021,Male,657.0,56.117
2021,Male,658.0,56.133
2021,Male,660.0,56.15
2021,Male,660.0,56.15
2021,Male,664.0,56.167
2021,Male,664.0,56.167
2021,Male,666.0,56.183
2021,Male,666.0,56.183
2021,Male,668.0,56.2
2021,Male,668.0,56.2
2021,Male,670.0,56.217
2021,Male,670.0,56.217
2021,Male,672.0,56.233
2021,Male,672.0,56.233
2021,Male,674.0,56.25
2021,Male,674.0,56.25
2021,Male,674.0,56.25
2021,Male,678.0,56.283
2021,Male,679.0,56.3
2021,Male,680.0,56.317
2021,Male,681.0,56.333
2021,Male,681.0,56.333
2021,Male,683.0,56.35
2021,Male,683.0,56.35
2021,Male,685.0,56.367
2021,Male,688.0,56.4
2021,Male,688.0,56.4
2021,Male,688.0,56.4
2021,Male,691.0,56.417
2021,Male,693.0,56.433
2021,Male,693.0,56.433
2021,Male,695.0,56.467
2021,Male,696.0,56.483
2021,Male,696.0,56.483
2021,Male,696.0,56.483
2021,Male,699.0,56.5
2021,Male,699.0,56.5
2021,Male,701.0,56.517
2021,Male,701.0,56.517
2021,Male,703.0,56.533
2021,Male,704.0,56.55
2021,Male,705.0,56.583
2021,Male,705.0,56.583
2021,Male,707.0,56.6
2021,Male,707.0,56.6
2021,Male,710.0,56.617
2021,Male,713.0,56.65
2021,Male,713.0,56.65
2021,Male,715.0,56.683
2021,Male,716.0,56.7
2021,Male,717.0,56.717
2021,Male,718.0,56.733
2021,Male,718.0,56.733
2021,Male,721.0,56.75
2021,Male,722.0,56.783
2021,Male,724.0,56.8
2021,Male,726.0,56.817
2021,Male,726.0,56.817
2021,Male,728.0,56.833
2021,Male,731.0,56.867
2021,Male,732.0,56.883
2021,Male,733.0,56.9
2021,Male,733.0,56.9
2021,Male,733.0,56.9
2021,Male,733.0,56.9
2021,Male,738.0,56.917
2021,Male,738.0,56.917
2021,Male,742.0,56.967
2021,Male,742.0,56.967
2021,Male,744.0,56.983
2021,Male,744.0,56.983
2021,Male,744.0,56.983
2021,Male,744.0,56.983
2021,Male,748.0,57.0
2021,Male,749.0,57.017
2021,Male,754.0,57.05
2021,Male,754.0,57.05
2021,Male,758.0,57.067
2021,Male,758.0,57.067
2021,Male,760.0,57.083
2021,Male,760.0,57.083
2021,Male,763.0,57.117
2021,Male,763.0,57.117
2021,Male,765.0,57.133
2021,Male,765.0,57.133
2021,Male,768.0,57.15
2021,Male,768.0,57.15
2021,Male,771.0,57.183
2021,Male,771.0,57.183
2021,Male,774.0,57.2
2021,Male,775.0,57.217
2021,Male,775.0,57.217
2021,Male,775.0,57.217
2021,Male,785.0,57.3
2021,Male,785.0,57.3
2021,Male,785.0,57.3
2021,Male,788.0,57.35
2021,Male,788.0,57.35
2021,Male,788.0,57.35
2021,Male,791.0,57.367
2021,Male,792.0,57.383
2021,Male,794.0,57.4
2021,Male,794.0,57.4
2021,Male,796.0,57.417
2021,Male,798.0,57.433
2021,Male,800.0,57.483
2021,Male,800.0,57.483
2021,Male,800.0,57.483
2021,Male,803.0,57.5
2021,Male,804.0,57.533
2021,Male,805.0,57.55
2021,Male,805.0,57.55
2021,Male,808.0,57.567
2021,Male,808.0,57.567
2021,Male,808.0,57.567
2021,Male,808.0,57.567
2021,Male,812.0,57.583
2021,Male,812.0,57.583
2021,Male,814.0,57.6
2021,Male,816.0,57.633
2021,Male,817.0,57.65
2021,Male,818.0,57.683
2021,Male,818.0,57.683
2021,Male,821.0,57.717
2021,Male,821.0,57.717
2021,Male,821.0,57.717
2021,Male,824.0,57.733
2021,Male,825.0,57.75
2021,Male,825.0,57.75
2021,Male,825.0,57.75
2021,Male,829.0,57.767
2021,Male,829.0,57.767
2021,Male,829.0,57.767
2021,Male,829.0,57.767
2021,Male,834.0,57.8
2021,Male,834.0,57.8
2021,Male,837.0,57.817
2021,Male,838.0,57.833
2021,Male,838.0,57.833
2021,Male,838.0,57.833
2021,Male,842.0,57.85
2021,Male,842.0,57.85
2021,Male,842.0,57.85
2021,Male,845.0,57.867
2021,Male,846.0,57.883
2021,Male,847.0,57.917
2021,Male,847.0,57.917
2021,Male,847.0,57.917
2021,Male,847.0,57.917
2021,Male,847.0,57.917
2021,Male,853.0,57.933
2021,Male,854.0,57.967
2021,Male,856.0,57.983
2021,Male,859.0,58.0
2021,Male,860.0,58.017
2021,Male,861.0,58.033
2021,Male,861.0,58.033
2021,Male,865.0,58.05
2021,Male,865.0,58.05
2021,Male,867.0,58.067
2021,Male,867.0,58.067
2021,Male,867.0,58.067
2021,Male,870.0,58.083
2021,Male,871.0,58.117
2021,Male,871.0,58.117
2021,Male,873.0,58.133
2021,Male,875.0,58.15
2021,Male,876.0,58.167
2021,Male,876.0,58.167
2021,Male,879.0,58.217
2021,Male,879.0,58.217
2021,Male,879.0,58.217
2021,Male,882.0,58.25
2021,Male,882.0,58.25
2021,Male,882.0,58.25
2021,Male,885.0,58.267
2021,Male,885.0,58.267
2021,Male,890.0,58.3
2021,Male,892.0,58.317
2021,Male,892.0,58.317
2021,Male,894.0,58.333
2021,Male,896.0,58.35
2021,Male,896.0,58.35
2021,Male,899.0,58.417
2021,Male,899.0,58.417
2021,Male,899.0,58.417
2021,Male,902.0,58.433
2021,Male,903.0,58.467
2021,Male,905.0,58.483
2021,Male,905.0,58.483
2021,Male,907.0,58.5
2021,Male,907.0,58.5
2021,Male,909.0,58.517
2021,Male,909.0,58.517
2021,Male,909.0,58.517
2021,Male,912.0,58.533
2021,Male,912.0,58.533
2021,Male,912.0,58.533
2021,Male,918.0,58.567
2021,Male,918.0,58.567
2021,Male,920.0,58.583
2021,Male,922.0,58.6
2021,Male,924.0,58.617
2021,Male,924.0,58.617
2021,Male,924.0,58.617
2021,Male,929.0,58.633
2021,Male,929.0,58.633
2021,Male,932.0,58.683
2021,Male,937.0,58.767
2021,Male,938.0,58.8
2021,Male,941.0,58.833
2021,Male,943.0,58.85
2021,Male,945.0,58.867
2021,Male,947.0,58.9
2021,Male,947.0,58.9
2021,Male,950.0,58.917
2021,Male,950.0,58.917
2021,Male,950.0,58.917
2021,Male,954.0,58.933
2021,Male,956.0,58.95
2021,Male,956.0,58.95
2021,Male,956.0,58.95
2021,Male,956.0,58.95
2021,Male,956.0,58.95
2021,Male,961.0,58.967
2021,Male,963.0,58.983
2021,Male,963.0,58.983
2021,Male,963.0,58.983
2021,Male,967.0,59.017
2021,Male,967.0,59.017
2021,Male,970.0,59.033
2021,Male,971.0,59.05
2021,Male,974.0,59.083
2021,Male,975.0,59.1
2021,Male,976.0,59.117
2021,Male,978.0,59.133
2021,Male,979.0,59.15
2021,Male,979.0,59.15
2021,Male,979.0,59.15
2021,Male,979.0,59.15
2021,Male,983.0,59.167
2021,Male,986.0,59.217
2021,Male,986.0,59.217
2021,Male,989.0,59.267
2021,Male,990.0,59.283
2021,Male,990.0,59.283
2021,Male,990.0,59.283
2021,Male,993.0,59.3
2021,Male,995.0,59.317
2021,Male,995.0,59.317
2021,Male,997.0,59.333
2021,Male,997.0,59.333
2021,Male,997.0,59.333
2021,Male,997.0,59.333
2021,Male,1001.0,59.35
2021,Male,1001.0,59.35
2021,Male,1005.0,59.383
2021,Male,1005.0,59.383
2021,Male,1007.0,59.4
2021,Male,1008.0,59.433
2021,Male,1010.0,59.45
2021,Male,1010.0,59.45
2021,Male,1012.0,59.483
2021,Male,1012.0,59.483
2021,Male,1014.0,59.517
2021,Male,1014.0,59.517
2021,Male,1014.0,59.517
2021,Male,1018.0,59.533
2021,Male,1019.0,59.55
2021,Male,1020.0,59.567
2021,Male,1021.0,59.6
2021,Male,1021.0,59.6
2021,Male,1023.0,59.633
2021,Male,1024.0,59.667
2021,Male,1025.0,59.683
2021,Male,1026.0,59.7
2021,Male,1027.0,59.717
2021,Male,1028.0,59.733
2021,Male,1029.0,59.767
2021,Male,1029.0,59.767
2021,Male,1029.0,59.767
2021,Male,1032.0,59.783
2021,Male,1032.0,59.783
2021,Male,1035.0,59.8
2021,Male,1037.0,59.817
2021,Male,1037.0,59.817
2021,Male,1037.0,59.817
2021,Male,1040.0,59.833
2021,Male,1041.0,59.85
2021,Male,1043.0,59.867
2021,Male,1044.0,59.883
2021,Male,1048.0,59.917
2021,Male,1051.0,59.933
2021,Male,1051.0,59.933
2021,Male,1051.0,59.933
2021,Male,1054.0,59.95
2021,Male,1055.0,59.967
2021,Male,1057.0,59.983
2021,Male,1057.0,59.983
2021,Male,1059.0,60.0
2021,Male,1060.0,60.017
2021,Male,1062.0,60.033
2021,Male,1064.0,60.05
2021,Male,1068.0,60.083
2021,Male,1070.0,60.1
2021,Male,1070.0,60.1
2021,Male,1073.0,60.117
2021,Male,1075.0,60.133
2021,Male,1075.0,60.133
2021,Male,1077.0,60.15
2021,Male,1077.0,60.15
2021,Male,1081.0,60.183
2021,Male,1082.0,60.2
2021,Male,1085.0,60.25
2021,Male,1088.0,60.317
2021,Male,1088.0,60.317
2021,Male,1090.0,60.333
2021,Male,1090.0,60.333
2021,Male,1090.0,60.333
2021,Male,1090.0,60.333
2021,Male,1096.0,60.35
2021,Male,1097.0,60.367
2021,Male,1097.0,60.367
2021,Male,1099.0,60.417
2021,Male,1101.0,60.433
2021,Male,1103.0,60.483
2021,Male,1103.0,60.483
2021,Male,1107.0,60.5
2021,Male,1107.0,60.5
2021,Male,1109.0,60.517
2021,Male,1111.0,60.567
2021,Male,1113.0,60.617
2021,Male,1116.0,60.65
2021,Male,1116.0,60.65
2021,Male,1118.0,60.667
2021,Male,1119.0,60.683
2021,Male,1122.0,60.7
2021,Male,1123.0,60.717
2021,Male,1123.0,60.717
2021,Male,1125.0,60.733
2021,Male,1125.0,60.733
2021,Male,1127.0,60.75
2021,Male,1129.0,60.767
2021,Male,1131.0,60.8
2021,Male,1131.0,60.8
2021,Male,1134.0,60.817
2021,Male,1134.0,60.817
2021,Male,1136.0,60.833
2021,Male,1137.0,60.85
2021,Male,1137.0,60.85
2021,Male,1139.0,60.867
2021,Male,1140.0,60.883
2021,Male,1141.0,60.9
2021,Male,1141.0,60.9
2021,Male,1144.0,60.917
2021,Male,1145.0,60.933
2021,Male,1147.0,60.95
2021,Male,1147.0,60.95
2021,Male,1151.0,60.967
2021,Male,1151.0,60.967
2021,Male,1151.0,60.967
2021,Male,1155.0,60.983
2021,Male,1156.0,61.017
2021,Male,1156.0,61.017
2021,Male,1156.0,61.017
2021,Male,1159.0,61.033
2021,Male,1160.0,61.05
2021,Male,1160.0,61.05
2021,Male,1162.0,61.083
2021,Male,1162.0,61.083
2021,Male,1162.0,61.083
2021,Male,1165.0,61.133
2021,Male,1165.0,61.133
2021,Male,1165.0,61.133
2021,Male,1168.0,61.15
2021,Male,1169.0,61.167
2021,Male,1172.0,61.2
2021,Male,1173.0,61.217
2021,Male,1173.0,61.217
2021,Male,1175.0,61.233
2021,Male,1176.0,61.25
2021,Male,1176.0,61.25
2021,Male,1178.0,61.283
2021,Male,1179.0,61.333
2021,Male,1180.0,61.4
2021,Male,1181.0,61.483
2021,Male,1184.0,61.517
2021,Male,1184.0,61.517
2021,Male,1186.0,61.55
2021,Male,1189.0,61.617
2021,Male,1191.0,61.65
2021,Male,1191.0,61.65
2021,Male,1195.0,61.683
2021,Male,1198.0,61.717
2021,Male,1198.0,61.717
2021,Male,1198.0,61.717
2021,Male,1201.0,61.733
2021,Male,1202.0,61.75
2021,Male,1205.0,61.8
2021,Male,1206.0,61.817
2021,Male,1206.0,61.817
2021,Male,1206.0,61.817
2021,Male,1206.0,61.817
2021,Male,1211.0,61.883
2021,Male,1213.0,61.9
2021,Male,1213.0,61.9
2021,Male,1216.0,61.933
2021,Male,1216.0,61.933
2021,Male,1216.0,61.933
2021,Male,1219.0,61.95
2021,Male,1219.0,61.95
2021,Male,1222.0,61.967
2021,Male,1223.0,61.983
2021,Male,1223.0,61.983
2021,Male,1225.0,62.0
2021,Male,1226.0,62.017
2021,Male,1226.0,62.017
2021,Male,1233.0,62.067
2021,Male,1235.0,62.167
2021,Male,1236.0,62.183
2021,Male,1236.0,62.183
2021,Male,1238.0,62.217
2021,Male,1238.0,62.217
2021,Male,1240.0,62.25
2021,Male,1241.0,62.267
2021,Male,1243.0,62.283
2021,Male,1244.0,62.3
2021,Male,1244.0,62.3
2021,Male,1246.0,62.317
2021,Male,1249.0,62.35
2021,Male,1249.0,62.35
2021,Male,1252.0,62.367
2021,Male,1252.0,62.367
2021,Male,1254.0,62.383
2021,Male,1254.0,62.383
2021,Male,1254.0,62.383
2021,Male,1257.0,62.4
2021,Male,1258.0,62.45
2021,Male,1259.0,62.467
2021,Male,1260.0,62.483
2021,Male,1261.0,62.5
2021,Male,1263.0,62.533
2021,Male,1264.0,62.55
2021,Male,1265.0,62.567
2021,Male,1268.0,62.6
2021,Male,1268.0,62.6
2021,Male,1270.0,62.617
2021,Male,1271.0,62.633
2021,Male,1271.0,62.633
2021,Male,1273.0,62.65
2021,Male,1273.0,62.65
2021,Male,1277.0,62.667
2021,Male,1278.0,62.683
2021,Male,1278.0,62.683
2021,Male,1280.0,62.7
2021,Male,1280.0,62.7
2021,Male,1282.0,62.717
2021,Male,1284.0,62.733
2021,Male,1287.0,62.767
2021,Male,1289.0,62.783
2021,Male,1289.0,62.783
2021,Male,1292.0,62.817
2021,Male,1294.0,62.85
2021,Male,1294.0,62.85
2021,Male,1296.0,62.867
2021,Male,1297.0,62.883
2021,Male,1297.0,62.883
2021,Male,1300.0,62.9
2021,Male,1300.0,62.9
2021,Male,1303.0,62.917
2021,Male,1303.0,62.917
2021,Male,1306.0,62.933
2021,Male,1307.0,62.95
2021,Male,1307.0,62.95
2021,Male,1307.0,62.95
2021,Male,1307.0,62.95
2021,Male,1307.0,62.95
2021,Male,1313.0,63.0
2021,Male,1314.0,63.033
2021,Male,1318.0,63.067
2021,Male,1318.0,63.067
2021,Male,1320.0,63.117
2021,Male,1321.0,63.183
2021,Male,1321.0,63.183
2021,Male,1323.0,63.2
2021,Male,1323.0,63.2
2021,Male,1325.0,63.217
2021,Male,1326.0,63.233
2021,Male,1327.0,63.267
2021,Male,1327.0,63.267
2021,Male,1327.0,63.267
2021,Male,1330.0,63.3
2021,Male,1330.0,63.3
2021,Male,1332.0,63.317
2021,Male,1335.0,63.367
2021,Male,1336.0,63.383
2021,Male,1336.0,63.383
2021,Male,1339.0,63.417
2021,Male,1339.0,63.417
2021,Male,1339.0,63.417
2021,Male,1342.0,63.433
2021,Male,1343.0,63.45
2021,Male,1343.0,63.45
2021,Male,1346.0,63.467
2021,Male,1346.0,63.467
2021,Male,1349.0,63.483
2021,Male,1350.0,63.517
2021,Male,1350.0,63.517
2021,Male,1354.0,63.55
2021,Male,1354.0,63.55
2021,Male,1358.0,63.583
2021,Male,1358.0,63.583
2021,Male,1361.0,63.6
2021,Male,1362.0,63.65
2021,Male,1362.0,63.65
2021,Male,1364.0,63.667
2021,Male,1366.0,63.683
2021,Male,1366.0,63.683
2021,Male,1368.0,63.7
2021,Male,1368.0,63.7
2021,Male,1371.0,63.733
2021,Male,1371.0,63.733
2021,Male,1375.0,63.817
2021,Male,1376.0,63.833
2021,Male,1376.0,63.833
2021,Male,1378.0,63.867
2021,Male,1379.0,63.917
2021,Male,1379.0,63.917
2021,Male,1381.0,63.933
2021,Male,1384.0,64.05
2021,Male,1385.0,64.083
2021,Male,1385.0,64.083
2021,Male,1389.0,64.167
2021,Male,1389.0,64.167
2021,Male,1391.0,64.2
2021,Male,1392.0,64.217
2021,Male,1392.0,64.217
2021,Male,1392.0,64.217
2021,Male,1396.0,64.25
2021,Male,1397.0,64.283
2021,Male,1400.0,64.317
2021,Male,1401.0,64.383
2021,Male,1401.0,64.383
2021,Male,1403.0,64.4
2021,Male,1404.0,64.417
2021,Male,1404.0,64.417
2021,Male,1408.0,64.433
2021,Male,1408.0,64.433
2021,Male,1411.0,64.5
2021,Male,1411.0,64.5
2021,Male,1414.0,64.567
2021,Male,1414.0,64.567
2021,Male,1418.0,64.583
2021,Male,1420.0,64.617
2021,Male,1423.0,64.667
2021,Male,1424.0,64.683
2021,Male,1425.0,64.75
2021,Male,1428.0,64.85
2021,Male,1428.0,64.85
2021,Male,1430.0,64.867
2021,Male,1430.0,64.867
2021,Male,1430.0,64.867
2021,Male,1433.0,64.883
2021,Male,1435.0,64.95
2021,Male,1436.0,64.967
2021,Male,1437.0,65.017
2021,Male,1437.0,65.017
2021,Male,1439.0,65.033
2021,Male,1441.0,65.083
2021,Male,1441.0,65.083
2021,Male,1441.0,65.083
2021,Male,1445.0,65.133
2021,Male,1445.0,65.133
2021,Male,1447.0,65.15
2021,Male,1448.0,65.183
2021,Male,1449.0,65.2
2021,Male,1449.0,65.2
2021,Male,1451.0,65.217
2021,Male,1452.0,65.233
2021,Male,1453.0,65.283
2021,Male,1456.0,65.317
2021,Male,1456.0,65.317
2021,Male,1456.0,65.317
2021,Male,1459.0,65.35
2021,Male,1460.0,65.367
2021,Male,1460.0,65.367
2021,Male,1462.0,65.383
2021,Male,1464.0,65.45
2021,Male,1466.0,65.483
2021,Male,1466.0,65.483
2021,Male,1468.0,65.5
2021,Male,1469.0,65.517
2021,Male,1469.0,65.517
2021,Male,1469.0,65.517
2021,Male,1473.0,65.533
2021,Male,1474.0,65.55
2021,Male,1474.0,65.55
2021,Male,1476.0,65.6
2021,Male,1477.0,65.617
2021,Male,1477.0,65.617
2021,Male,1482.0,65.667
2021,Male,1483.0,65.7
2021,Male,1483.0,65.7
2021,Male,1485.0,65.8
2021,Male,1486.0,65.817
2021,Male,1487.0,65.883
2021,Male,1488.0,65.917
2021,Male,1489.0,65.933
2021,Male,1492.0,66.083
2021,Male,1492.0,66.083
2021,Male,1495.0,66.15
2021,Male,1495.0,66.15
2021,Male,1497.0,66.183
2021,Male,1499.0,66.233
2021,Male,1500.0,66.283
2021,Male,1501.0,66.317
2021,Male,1501.0,66.317
2021,Male,1501.0,66.317
2021,Male,1504.0,66.35
2021,Male,1505.0,66.383
2021,Male,1505.0,66.383
2021,Male,1507.0,66.433
2021,Male,1507.0,66.433
2021,Male,1507.0,66.433
2021,Male,1511.0,66.467
2021,Male,1511.0,66.467
2021,Male,1513.0,66.5
2021,Male,1515.0,66.55
2021,Male,1515.0,66.55
2021,Male,1518.0,66.617
2021,Male,1518.0,66.617
2021,Male,1520.0,66.65
2021,Male,1521.0,66.683
2021,Male,1522.0,66.717
2021,Male,1523.0,66.733
2021,Male,1523.0,66.733
2021,Male,1523.0,66.733
2021,Male,1527.0,66.767
2021,Male,1529.0,66.783
2021,Male,1530.0,66.8
2021,Male,1534.0,66.883
2021,Male,1536.0,66.95
2021,Male,1538.0,66.983
2021,Male,1539.0,67.0
2021,Male,1539.0,67.0
2021,Male,1541.0,67.033
2021,Male,1541.0,67.033
2021,Male,1543.0,67.05
2021,Male,1545.0,67.067
2021,Male,1546.0,67.117
2021,Male,1547.0,67.133
2021,Male,1548.0,67.167
2021,Male,1550.0,67.2
2021,Male,1552.0,67.233
2021,Male,1552.0,67.233
2021,Male,1554.0,67.25
2021,Male,1555.0,67.267
2021,Male,1557.0,67.3
2021,Male,1558.0,67.317
2021,Male,1559.0,67.367
2021,Male,1562.0,67.45
2021,Male,1565.0,67.5
2021,Male,1567.0,67.533
2021,Male,1569.0,67.583
2021,Male,1570.0,67.617
2021,Male,1570.0,67.617
2021,Male,1570.0,67.617
2021,Male,1573.0,67.633
2021,Male,1574.0,67.65
2021,Male,1575.0,67.667
2021,Male,1576.0,67.7
2021,Male,1578.0,67.833
2021,Male,1579.0,67.85
2021,Male,1580.0,67.883
2021,Male,1581.0,67.933
2021,Male,1583.0,67.95
2021,Male,1583.0,67.95
2021,Male,1583.0,67.95
2021,Male,1587.0,68.0
2021,Male,1588.0,68.033
2021,Male,1589.0,68.1
2021,Male,1590.0,68.15
2021,Male,1591.0,68.217
2021,Male,1595.0,68.283
2021,Male,1595.0,68.283
2021,Male,1598.0,68.35
2021,Male,1598.0,68.35
2021,Male,1601.0,68.383
2021,Male,1602.0,68.4
2021,Male,1603.0,68.417
2021,Male,1604.0,68.45
2021,Male,1605.0,68.483
2021,Male,1606.0,68.533
2021,Male,1607.0,68.717
2021,Male,1611.0,68.833
2021,Male,1611.0,68.833
2021,Male,1611.0,68.833
2021,Male,1615.0,68.867
2021,Male,1617.0,68.883
2021,Male,1617.0,68.883
2021,Male,1619.0,68.9
2021,Male,1620.0,68.95
2021,Male,1623.0,69.0
2021,Male,1625.0,69.033
2021,Male,1628.0,69.183
2021,Male,1630.0,69.25
2021,Male,1631.0,69.267
2021,Male,1632.0,69.3
2021,Male,1633.0,69.317
2021,Male,1633.0,69.317
2021,Male,1636.0,69.333
2021,Male,1636.0,69.333
2021,Male,1636.0,69.333
2021,Male,1639.0,69.35
2021,Male,1640.0,69.367
2021,Male,1642.0,69.417
2021,Male,1643.0,69.433
2021,Male,1643.0,69.433
2021,Male,1645.0,69.467
2021,Male,1645.0,69.467
2021,Male,1647.0,69.483
2021,Male,1651.0,69.517
2021,Male,1651.0,69.517
2021,Male,1653.0,69.55
2021,Male,1657.0,69.617
2021,Male,1659.0,69.65
2021,Male,1659.0,69.65
2021,Male,1663.0,69.7
2021,Male,1664.0,69.733
2021,Male,1665.0,69.767
2021,Male,1665.0,69.767
2021,Male,1667.0,69.783
2021,Male,1668.0,69.8
2021,Male,1669.0,69.833
2021,Male,1670.0,69.867
2021,Male,1671.0,69.883
2021,Male,1672.0,69.9
2021,Male,1676.0,69.967
2021,Male,1676.0,69.967
2021,Male,1678.0,69.983
2021,Male,1679.0,70.033
2021,Male,1679.0,70.033
2021,Male,1682.0,70.05
2021,Male,1683.0,70.083
2021,Male,1684.0,70.1
2021,Male,1685.0,70.117
2021,Male,1685.0,70.117
2021,Male,1687.0,70.15
2021,Male,1688.0,70.2
2021,Male,1689.0,70.217
2021,Male,1690.0,70.233
2021,Male,1690.0,70.233
2021,Male,1693.0,70.25
2021,Male,1694.0,70.283
2021,Male,1695.0,70.317
2021,Male,1695.0,70.317
2021,Male,1698.0,70.333
2021,Male,1700.0,70.383
2021,Male,1700.0,70.383
2021,Male,1702.0,70.4
2021,Male,1702.0,70.4
2021,Male,1704.0,70.433
2021,Male,1704.0,70.433
2021,Male,1706.0,70.467
2021,Male,1708.0,70.483
2021,Male,1708.0,70.483
2021,Male,1710.0,70.533
2021,Male,1712.0,70.583
2021,Male,1712.0,70.583
2021,Male,1717.0,70.7
2021,Male,1718.0,70.75
2021,Male,1718.0,70.75
2021,Male,1722.0,70.8
2021,Male,1725.0,70.817
2021,Male,1726.0,70.85
2021,Male,1727.0,70.867
2021,Male,1728.0,70.9
2021,Male,1731.0,70.933
2021,Male,1733.0,70.967
2021,Male,1735.0,70.983
2021,Male,1735.0,70.983
2021,Male,1735.0,70.983
2021,Male,1738.0,71.017
2021,Male,1738.0,71.017
2021,Male,1741.0,71.05
2021,Male,1742.0,71.15
2021,Male,1742.0,71.15
2021,Male,1744.0,71.167
2021,Male,1744.0,71.167
2021,Male,1747.0,71.283
2021,Male,1748.0,71.3
2021,Male,1750.0,71.333
2021,Male,1751.0,71.383
2021,Male,1753.0,71.467
2021,Male,1754.0,71.517
2021,Male,1756.0,71.583
2021,Male,1757.0,71.617
2021,Male,1757.0,71.617
2021,Male,1760.0,71.733
2021,Male,1761.0,71.75
2021,Male,1762.0,71.8
2021,Male,1763.0,71.833
2021,Male,1764.0,71.85
2021,Male,1765.0,71.867
2021,Male,1766.0,71.917
2021,Male,1767.0,71.933
2021,Male,1768.0,71.95
2021,Male,1768.0,71.95
2021,Male,1770.0,71.983
2021,Male,1773.0,72.067
2021,Male,1775.0,72.083
2021,Male,1776.0,72.117
2021,Male,1777.0,72.133
2021,Male,1780.0,72.2
2021,Male,1784.0,72.3
2021,Male,1786.0,72.317
2021,Male,1786.0,72.317
2021,Male,1788.0,72.35
2021,Male,1790.0,72.4
2021,Male,1791.0,72.417
2021,Male,1793.0,72.433
2021,Male,1795.0,72.467
2021,Male,1795.0,72.467
2021,Male,1797.0,72.483
2021,Male,1797.0,72.483
2021,Male,1800.0,72.517
2021,Male,1800.0,72.517
2021,Male,1802.0,72.55
2021,Male,1803.0,72.6
2021,Male,1806.0,72.683
2021,Male,1807.0,72.717
2021,Male,1809.0,72.733
2021,Male,1811.0,72.75
2021,Male,1812.0,72.767
2021,Male,1814.0,72.783
2021,Male,1815.0,72.833
2021,Male,1816.0,72.883
2021,Male,1817.0,72.933
2021,Male,1818.0,72.95
2021,Male,1820.0,72.983
2021,Male,1824.0,73.083
2021,Male,1825.0,73.1
2021,Male,1826.0,73.117
2021,Male,1827.0,73.15
2021,Male,1827.0,73.15
2021,Male,1827.0,73.15
2021,Male,1830.0,73.167
2021,Male,1832.0,73.183
2021,Male,1833.0,73.2
2021,Male,1836.0,73.217
2021,Male,1837.0,73.267
2021,Male,1839.0,73.333
2021,Male,1841.0,73.35
2021,Male,1842.0,73.367
2021,Male,1843.0,73.4
2021,Male,1845.0,73.517
2021,Male,1845.0,73.517
2021,Male,1847.0,73.533
2021,Male,1848.0,73.6
2021,Male,1851.0,73.633
2021,Male,1851.0,73.633
2021,Male,1853.0,73.667
2021,Male,1854.0,73.683
2021,Male,1856.0,73.7
2021,Male,1857.0,73.767
2021,Male,1858.0,73.867
2021,Male,1859.0,73.9
2021,Male,1859.0,73.9
2021,Male,1859.0,73.9
2021,Male,1863.0,73.95
2021,Male,1865.0,73.983
2021,Male,1866.0,74.033
2021,Male,1867.0,74.083
2021,Male,1868.0,74.1
2021,Male,1875.0,74.45
2021,Male,1876.0,74.5
2021,Male,1877.0,74.567
2021,Male,1879.0,74.6
2021,Male,1880.0,74.617
2021,Male,1883.0,74.783
2021,Male,1884.0,74.867
2021,Male,1885.0,75.0
2021,Male,1886.0,75.017
2021,Male,1887.0,75.033
2021,Male,1888.0,75.083
2021,Male,1889.0,75.1
2021,Male,1890.0,75.133
2021,Male,1891.0,75.15
2021,Male,1895.0,75.267
2021,Male,1896.0,75.283
2021,Male,1897.0,75.333
2021,Male,1899.0,75.5
2021,Male,1901.0,75.517
2021,Male,1903.0,75.717
2021,Male,1904.0,75.733
2021,Male,1906.0,75.75
2021,Male,1907.0,75.8
2021,Male,1907.0,75.8
2021,Male,1909.0,75.85
2021,Male,1910.0,75.933
2021,Male,1915.0,76.3
2021,Male,1918.0,76.35
2021,Male,1920.0,76.417
2021,Male,1923.0,76.5
2021,Male,1925.0,76.567
2021,Male,1928.0,76.7
2021,Male,1929.0,76.733
2021,Male,1932.0,76.767
2021,Male,1933.0,76.8
2021,Male,1933.0,76.8
2021,Male,1935.0,76.85
2021,Male,1936.0,76.883
2021,Male,1937.0,76.933
2021,Male,1938.0,76.95
2021,Male,1939.0,76.967
2021,Male,1939.0,76.967
2021,Male,1942.0,76.983
2021,Male,1943.0,77.05
2021,Male,1944.0,77.083
2021,Male,1944.0,77.083
2021,Male,1947.0,77.183
2021,Male,1947.0,77.183
2021,Male,1949.0,77.283
2021,Male,1949.0,77.283
2021,Male,1951.0,77.317
2021,Male,1952.0,77.45
2021,Male,1953.0,77.467
2021,Male,1954.0,77.5
2021,Male,1955.0,77.517
2021,Male,1957.0,77.617
2021,Male,1958.0,77.633
2021,Male,1961.0,77.667
2021,Male,1963.0,77.7
2021,Male,1964.0,77.717
2021,Male,1964.0,77.717
2021,Male,1966.0,77.867
2021,Male,1968.0,77.9
2021,Male,1969.0,77.917
2021,Male,1971.0,78.017
2021,Male,1972.0,78.083
2021,Male,1977.0,78.65
2021,Male,1977.0,78.65
2021,Male,1979.0,78.7
2021,Male,1980.0,78.733
2021,Male,1984.0,79.017
2021,Male,1985.0,79.05
2021,Male,1987.0,79.083
2021,Male,1988.0,79.133
2021,Male,1989.0,79.2
2021,Male,1991.0,79.233
2021,Male,1992.0,79.25
2021,Male,1993.0,79.383
2021,Male,1995.0,79.567
2021,Male,1997.0,79.717
2021,Male,1997.0,79.717
2021,Male,1999.0,79.75
2021,Male,2000.0,79.933
2021,Male,2001.0,79.983
2021,Male,2002.0,80.0
2021,Male,2003.0,80.05
2021,Male,2004.0,80.067
2021,Male,2005.0,80.1
2021,Male,2007.0,80.2
2021,Male,2009.0,80.367
2021,Male,2011.0,80.533
2021,Male,2013.0,80.667
2021,Male,2015.0,80.85
2021,Male,2016.0,80.917
2021,Male,2017.0,80.95
2021,Male,2018.0,80.967
2021,Male,2020.0,81.033
2021,Male,2022.0,81.2
2021,Male,2024.0,81.283
2021,Male,2025.0,81.3
2021,Male,2028.0,81.717
2021,Male,2033.0,82.583
2021,Male,2034.0,82.6
2021,Male,2036.0,82.65
2021,Male,2038.0,82.7
2021,Male,2041.0,82.9
2021,Male,2043.0,83.017
2021,Male,2044.0,83.067
2021,Male,2045.0,83.1
2021,Male,2047.0,83.2
2021,Male,2049.0,83.433
2021,Male,2051.0,83.467
2021,Male,2053.0,83.517
2021,Male,2054.0,83.75
2021,Male,2055.0,83.8
2021,Male,2056.0,83.883
2021,Male,2057.0,83.95
2021,Male,2059.0,84.133
2021,Male,2060.0,84.2
2021,Male,2060.0,84.2
2021,Male,2063.0,84.35
2021,Male,2064.0,84.5
2021,Male,2065.0,84.733
2021,Male,2067.0,84.917
2021,Male,2068.0,85.317
2021,Male,2069.0,85.667
2021,Male,2070.0,85.933
2021,Male,2072.0,86.05
2021,Male,2073.0,86.083
2021,Male,2075.0,86.267
2021,Male,2077.0,86.617
2021,Male,2078.0,86.633
2021,Male,2080.0,86.833
2021,Male,2082.0,87.683
2021,Male,2086.0,88.0
2021,Male,2089.0,88.25
2021,Male,2090.0,88.45
2021,Male,2092.0,88.783
2021,Male,2093.0,88.833
2021,Male,2096.0,90.85
2021,Male,2098.0,91.233
2021,Male,2099.0,91.4
2021,Male,2101.0,91.617
2021,Male,2102.0,92.233
2021,Male,2103.0,93.05
2021,Male,2104.0,93.133
2021,Male,2104.0,93.133
2021,Male,2107.0,93.367
2021,Male,2110.0,94.483
2021,Male,2111.0,94.533
2021,Male,2117.0,95.567
2021,Male,2118.0,96.267
2021,Male,2122.0,97.217
2021,Male,2123.0,98.217
2021,Male,2126.0,99.333
2021,Male,2129.0,100.933
2021,Male,2130.0,101.217
2021,Male,2132.0,108.05
2021,Male,2135.0,111.4
2021,Male,2136.0,112.917
2021,Female,5.0,40.917
2021,Female,9.0,41.317
2021,Female,10.0,41.333
2021,Female,11.0,41.35
2021,Female,15.0,41.917
2021,Female,19.0,42.5
2021,Female,20.0,42.567
2021,Female,23.0,43.0
2021,Female,24.0,43.033
2021,Female,33.0,43.733
2021,Female,38.0,44.367
2021,Female,41.0,44.567
2021,Female,43.0,44.783
2021,Female,44.0,44.8
2021,Female,50.0,45.15
2021,Female,54.0,45.317
2021,Female,55.0,45.367
2021,Female,68.0,46.217
2021,Female,70.0,46.233
2021,Female,75.0,46.433
2021,Female,79.0,46.55
2021,Female,82.0,46.633
2021,Female,95.0,47.067
2021,Female,95.0,47.067
2021,Female,99.0,47.183
2021,Female,100.0,47.233
2021,Female,101.0,47.267
2021,Female,102.0,47.333
2021,Female,115.0,47.583
2021,Female,116.0,47.633
2021,Female,121.0,47.85
2021,Female,122.0,47.867
2021,Female,128.0,48.2
2021,Female,137.0,48.517
2021,Female,141.0,48.683
2021,Female,144.0,48.75
2021,Female,148.0,48.9
2021,Female,149.0,48.933
2021,Female,149.0,48.933
2021,Female,156.0,49.183
2021,Female,160.0,49.317
2021,Female,170.0,49.583
2021,Female,172.0,49.65
2021,Female,175.0,49.717
2021,Female,180.0,49.85
2021,Female,182.0,49.867
2021,Female,185.0,49.95
2021,Female,188.0,50.05
2021,Female,191.0,50.117
2021,Female,200.0,50.367
2021,Female,227.0,50.767
2021,Female,228.0,50.783
2021,Female,231.0,50.833
2021,Female,237.0,50.9
2021,Female,240.0,50.95
2021,Female,243.0,51.017
2021,Female,259.0,51.3
2021,Female,264.0,51.333
2021,Female,270.0,51.4
2021,Female,280.0,51.567
2021,Female,296.0,51.85
2021,Female,307.0,52.067
2021,Female,307.0,52.067
2021,Female,313.0,52.217
2021,Female,315.0,52.233
2021,Female,318.0,52.267
2021,Female,321.0,52.35
2021,Female,327.0,52.45
2021,Female,328.0,52.483
2021,Female,337.0,52.65
2021,Female,337.0,52.65
2021,Female,366.0,53.117
2021,Female,372.0,53.2
2021,Female,386.0,53.383
2021,Female,392.0,53.467
2021,Female,394.0,53.483
2021,Female,400.0,53.517
2021,Female,400.0,53.517
2021,Female,413.0,53.65
2021,Female,415.0,53.667
2021,Female,416.0,53.683
2021,Female,421.0,53.717
2021,Female,423.0,53.75
2021,Female,425.0,53.783
2021,Female,429.0,53.817
2021,Female,431.0,53.833
2021,Female,443.0,53.917
2021,Female,448.0,53.983
2021,Female,449.0,54.0
2021,Female,450.0,54.017
2021,Female,455.0,54.05
2021,Female,455.0,54.05
2021,Female,471.0,54.2
2021,Female,497.0,54.433
2021,Female,501.0,54.5
2021,Female,501.0,54.5
2021,Female,504.0,54.533
2021,Female,508.0,54.567
2021,Female,513.0,54.6
2021,Female,523.0,54.683
2021,Female,526.0,54.7
2021,Female,529.0,54.75
2021,Female,529.0,54.75
2021,Female,529.0,54.75
2021,Female,537.0,54.867
2021,Female,542.0,54.933
2021,Female,542.0,54.933
2021,Female,555.0,55.1
2021,Female,557.0,55.133
2021,Female,557.0,55.133
2021,Female,562.0,55.15
2021,Female,570.0,55.217
2021,Female,573.0,55.25
2021,Female,584.0,55.35
2021,Female,588.0,55.383
2021,Female,589.0,55.4
2021,Female,591.0,55.45
2021,Female,598.0,55.55
2021,Female,599.0,55.567
2021,Female,600.0,55.583
2021,Female,610.0,55.7
2021,Female,610.0,55.7
2021,Female,614.0,55.717
2021,Female,616.0,55.767
2021,Female,616.0,55.767
2021,Female,626.0,55.883
2021,Female,629.0,55.917
2021,Female,640.0,55.983
2021,Female,650.0,56.05
2021,Female,650.0,56.05
2021,Female,652.0,56.067
2021,Female,652.0,56.067
2021,Female,655.0,56.1
2021,Female,658.0,56.133
2021,Female,660.0,56.15
2021,Female,660.0,56.15
2021,Female,677.0,56.267
2021,Female,685.0,56.367
2021,Female,687.0,56.383
2021,Female,691.0,56.417
2021,Female,707.0,56.6
2021,Female,711.0,56.633
2021,Female,711.0,56.633
2021,Female,718.0,56.733
2021,Female,722.0,56.783
2021,Female,724.0,56.8
2021,Female,728.0,56.833
2021,Female,730.0,56.85
2021,Female,733.0,56.9
2021,Female,738.0,56.917
2021,Female,741.0,56.933
2021,Female,749.0,57.017
2021,Female,749.0,57.017
2021,Female,749.0,57.017
2021,Female,749.0,57.017
2021,Female,754.0,57.05
2021,Female,754.0,57.05
2021,Female,762.0,57.1
2021,Female,765.0,57.133
2021,Female,770.0,57.167
2021,Female,771.0,57.183
2021,Female,778.0,57.25
2021,Female,778.0,57.25
2021,Female,780.0,57.267
2021,Female,780.0,57.267
2021,Female,782.0,57.283
2021,Female,782.0,57.283
2021,Female,782.0,57.283
2021,Female,792.0,57.383
2021,Female,796.0,57.417
2021,Female,799.0,57.45
2021,Female,805.0,57.55
2021,Female,814.0,57.6
2021,Female,820.0,57.7
2021,Female,825.0,57.75
2021,Female,829.0,57.767
2021,Female,834.0,57.8
2021,Female,838.0,57.833
2021,Female,847.0,57.917
2021,Female,854.0,57.967
2021,Female,856.0,57.983
2021,Female,856.0,57.983
2021,Female,861.0,58.033
2021,Female,861.0,58.033
2021,Female,873.0,58.133
2021,Female,876.0,58.167
2021,Female,885.0,58.267
2021,Female,885.0,58.267
2021,Female,889.0,58.283
2021,Female,890.0,58.3
2021,Female,894.0,58.333
2021,Female,898.0,58.383
2021,Female,903.0,58.467
2021,Female,912.0,58.533
2021,Female,916.0,58.55
2021,Female,916.0,58.55
2021,Female,920.0,58.583
2021,Female,922.0,58.6
2021,Female,924.0,58.617
2021,Female,924.0,58.617
2021,Female,931.0,58.65
2021,Female,932.0,58.683
2021,Female,934.0,58.7
2021,Female,934.0,58.7
2021,Female,934.0,58.7
2021,Female,938.0,58.8
2021,Female,938.0,58.8
2021,Female,941.0,58.833
2021,Female,943.0,58.85
2021,Female,946.0,58.883
2021,Female,947.0,58.9
2021,Female,950.0,58.917
2021,Female,954.0,58.933
2021,Female,961.0,58.967
2021,Female,966.0,59.0
2021,Female,967.0,59.017
2021,Female,971.0,59.05
2021,Female,971.0,59.05
2021,Female,976.0,59.117
2021,Female,983.0,59.167
2021,Female,985.0,59.183
2021,Female,988.0,59.233
2021,Female,993.0,59.3
2021,Female,1003.0,59.367
2021,Female,1003.0,59.367
2021,Female,1008.0,59.433
2021,Female,1014.0,59.517
2021,Female,1032.0,59.783
2021,Female,1035.0,59.8
2021,Female,1041.0,59.85
2021,Female,1044.0,59.883
2021,Female,1044.0,59.883
2021,Female,1044.0,59.883
2021,Female,1048.0,59.917
2021,Female,1048.0,59.917
2021,Female,1055.0,59.967
2021,Female,1060.0,60.017
2021,Female,1062.0,60.033
2021,Female,1064.0,60.05
2021,Female,1066.0,60.067
2021,Female,1066.0,60.067
2021,Female,1068.0,60.083
2021,Female,1070.0,60.1
2021,Female,1073.0,60.117
2021,Female,1079.0,60.167
2021,Female,1079.0,60.167
2021,Female,1083.0,60.217
2021,Female,1084.0,60.233
2021,Female,1086.0,60.267
2021,Female,1087.0,60.283
2021,Female,1090.0,60.333
2021,Female,1090.0,60.333
2021,Female,1099.0,60.417
2021,Female,1102.0,60.45
2021,Female,1103.0,60.483
2021,Female,1103.0,60.483
2021,Female,1110.0,60.55
2021,Female,1112.0,60.583
2021,Female,1113.0,60.617
2021,Female,1115.0,60.633
2021,Female,1119.0,60.683
2021,Female,1119.0,60.683
2021,Female,1127.0,60.75
2021,Female,1129.0,60.767
2021,Female,1131.0,60.8
2021,Female,1141.0,60.9
2021,Female,1145.0,60.933
2021,Female,1147.0,60.95
2021,Female,1147.0,60.95
2021,Female,1151.0,60.967
2021,Female,1169.0,61.167
2021,Female,1171.0,61.183
2021,Female,1181.0,61.483
2021,Female,1183.0,61.5
2021,Female,1186.0,61.55
2021,Female,1188.0,61.567
2021,Female,1189.0,61.617
2021,Female,1191.0,61.65
2021,Female,1191.0,61.65
2021,Female,1195.0,61.683
2021,Female,1195.0,61.683
2021,Female,1203.0,61.767
2021,Female,1203.0,61.767
2021,Female,1210.0,61.867
2021,Female,1211.0,61.883
2021,Female,1215.0,61.917
2021,Female,1219.0,61.95
2021,Female,1226.0,62.017
2021,Female,1226.0,62.017
2021,Female,1230.0,62.033
2021,Female,1230.0,62.033
2021,Female,1232.0,62.05
2021,Female,1234.0,62.083
2021,Female,1241.0,62.267
2021,Female,1246.0,62.317
2021,Female,1246.0,62.317
2021,Female,1249.0,62.35
2021,Female,1262.0,62.517
2021,Female,1266.0,62.583
2021,Female,1266.0,62.583
2021,Female,1273.0,62.65
2021,Female,1273.0,62.65
2021,Female,1282.0,62.717
2021,Female,1284.0,62.733
2021,Female,1286.0,62.75
2021,Female,1287.0,62.767
2021,Female,1289.0,62.783
2021,Female,1293.0,62.833
2021,Female,1297.0,62.883
2021,Female,1300.0,62.9
2021,Female,1303.0,62.917
2021,Female,1312.0,62.967
2021,Female,1314.0,63.033
2021,Female,1314.0,63.033
2021,Female,1317.0,63.05
2021,Female,1332.0,63.317
2021,Female,1332.0,63.317
2021,Female,1338.0,63.4
2021,Female,1343.0,63.45
2021,Female,1346.0,63.467
2021,Female,1352.0,63.533
2021,Female,1352.0,63.533
2021,Female,1354.0,63.55
2021,Female,1357.0,63.567
2021,Female,1358.0,63.583
2021,Female,1364.0,63.667
2021,Female,1370.0,63.717
2021,Female,1373.0,63.767
2021,Female,1374.0,63.8
2021,Female,1382.0,63.967
2021,Female,1383.0,64.033
2021,Female,1387.0,64.1
2021,Female,1388.0,64.133
2021,Female,1392.0,64.217
2021,Female,1397.0,64.283
2021,Female,1399.0,64.3
2021,Female,1404.0,64.417
2021,Female,1404.0,64.417
2021,Female,1410.0,64.483
2021,Female,1413.0,64.517
2021,Female,1414.0,64.567
2021,Female,1414.0,64.567
2021,Female,1419.0,64.6
2021,Female,1421.0,64.65
2021,Female,1421.0,64.65
2021,Female,1426.0,64.767
2021,Female,1427.0,64.817
2021,Female,1434.0,64.9
2021,Female,1439.0,65.033
2021,Female,1441.0,65.083
2021,Female,1454.0,65.3
2021,Female,1454.0,65.3
2021,Female,1462.0,65.383
2021,Female,1465.0,65.467
2021,Female,1469.0,65.517
2021,Female,1477.0,65.617
2021,Female,1477.0,65.617
2021,Female,1477.0,65.617
2021,Female,1490.0,66.0
2021,Female,1491.0,66.05
2021,Female,1494.0,66.117
2021,Female,1498.0,66.2
2021,Female,1507.0,66.433
2021,Female,1514.0,66.517
2021,Female,1517.0,66.6
2021,Female,1526.0,66.75
2021,Female,1527.0,66.767
2021,Female,1531.0,66.833
2021,Female,1532.0,66.85
2021,Female,1533.0,66.867
2021,Female,1534.0,66.883
2021,Female,1536.0,66.95
2021,Female,1543.0,67.05
2021,Female,1549.0,67.183
2021,Female,1551.0,67.217
2021,Female,1555.0,67.267
2021,Female,1559.0,67.367
2021,Female,1561.0,67.383
2021,Female,1563.0,67.467
2021,Female,1564.0,67.483
2021,Female,1566.0,67.517
2021,Female,1567.0,67.533
2021,Female,1577.0,67.717
2021,Female,1581.0,67.933
2021,Female,1586.0,67.967
2021,Female,1592.0,68.233
2021,Female,1593.0,68.25
2021,Female,1594.0,68.267
2021,Female,1597.0,68.333
2021,Female,1600.0,68.367
2021,Female,1608.0,68.75
2021,Female,1609.0,68.783
2021,Female,1609.0,68.783
2021,Female,1614.0,68.85
2021,Female,1615.0,68.867
2021,Female,1620.0,68.95
2021,Female,1622.0,68.983
2021,Female,1623.0,69.0
2021,Female,1626.0,69.05
2021,Female,1627.0,69.167
2021,Female,1628.0,69.183
2021,Female,1633.0,69.317
2021,Female,1641.0,69.4
2021,Female,1647.0,69.483
2021,Female,1649.0,69.5
2021,Female,1649.0,69.5
2021,Female,1654.0,69.567
2021,Female,1655.0,69.6
2021,Female,1655.0,69.6
2021,Female,1658.0,69.633
2021,Female,1659.0,69.65
2021,Female,1662.0,69.667
2021,Female,1672.0,69.9
2021,Female,1674.0,69.917
2021,Female,1675.0,69.933
2021,Female,1679.0,70.033
2021,Female,1690.0,70.233
2021,Female,1695.0,70.317
2021,Female,1699.0,70.367
2021,Female,1706.0,70.467
2021,Female,1711.0,70.55
2021,Female,1712.0,70.583
2021,Female,1712.0,70.583
2021,Female,1716.0,70.667
2021,Female,1718.0,70.75
2021,Female,1718.0,70.75
2021,Female,1722.0,70.8
2021,Female,1722.0,70.8
2021,Female,1729.0,70.917
2021,Female,1729.0,70.917
2021,Female,1731.0,70.933
2021,Female,1733.0,70.967
2021,Female,1738.0,71.017
2021,Female,1746.0,71.233
2021,Female,1748.0,71.3
2021,Female,1752.0,71.45
2021,Female,1755.0,71.55
2021,Female,1759.0,71.7
2021,Female,1770.0,71.983
2021,Female,1772.0,72.033
2021,Female,1773.0,72.067
2021,Female,1777.0,72.133
2021,Female,1779.0,72.15
2021,Female,1781.0,72.217
2021,Female,1782.0,72.233
2021,Female,1783.0,72.283
2021,Female,1784.0,72.3
2021,Female,1789.0,72.383
2021,Female,1791.0,72.417
2021,Female,1793.0,72.433
2021,Female,1797.0,72.483
2021,Female,1803.0,72.6
2021,Female,1803.0,72.6
2021,Female,1807.0,72.717
2021,Female,1809.0,72.733
2021,Female,1812.0,72.767
2021,Female,1819.0,72.967
2021,Female,1820.0,72.983
2021,Female,1822.0,73.05
2021,Female,1822.0,73.05
2021,Female,1830.0,73.167
2021,Female,1833.0,73.2
2021,Female,1833.0,73.2
2021,Female,1838.0,73.3
2021,Female,1839.0,73.333
2021,Female,1844.0,73.5
2021,Female,1849.0,73.617
2021,Female,1849.0,73.617
2021,Female,1854.0,73.683
2021,Female,1862.0,73.933
2021,Female,1864.0,73.967
2021,Female,1869.0,74.117
2021,Female,1870.0,74.15
2021,Female,1871.0,74.167
2021,Female,1872.0,74.3
2021,Female,1872.0,74.3
2021,Female,1874.0,74.333
2021,Female,1878.0,74.583
2021,Female,1881.0,74.667
2021,Female,1882.0,74.733
2021,Female,1892.0,75.167
2021,Female,1893.0,75.2
2021,Female,1894.0,75.233
2021,Female,1898.0,75.483
2021,Female,1899.0,75.5
2021,Female,1902.0,75.7
2021,Female,1904.0,75.733
2021,Female,1911.0,76.083
2021,Female,1911.0,76.083
2021,Female,1913.0,76.167
2021,Female,1914.0,76.25
2021,Female,1916.0,76.333
2021,Female,1916.0,76.333
2021,Female,1919.0,76.367
2021,Female,1921.0,76.433
2021,Female,1922.0,76.467
2021,Female,1924.0,76.517
2021,Female,1926.0,76.6
2021,Female,1927.0,76.683
2021,Female,1929.0,76.733
2021,Female,1929.0,76.733
2021,Female,1939.0,76.967
2021,Female,1946.0,77.167
2021,Female,1956.0,77.583
2021,Female,1958.0,77.633
2021,Female,1960.0,77.65
2021,Female,1961.0,77.667
2021,Female,1966.0,77.867
2021,Female,1970.0,77.933
2021,Female,1973.0,78.133
2021,Female,1974.0,78.417
2021,Female,1975.0,78.433
2021,Female,1976.0,78.617
2021,Female,1981.0,78.767
2021,Female,1982.0,78.783
2021,Female,1983.0,78.817
2021,Female,1985.0,79.05
2021,Female,1989.0,79.2
2021,Female,1994.0,79.55
2021,Female,1996.0,79.667
2021,Female,2006.0,80.15
2021,Female,2008.0,80.217
2021,Female,2010.0,80.483
2021,Female,2012.0,80.65
2021,Female,2014.0,80.683
2021,Female,2019.0,81.0
2021,Female,2021.0,81.167
2021,Female,2023.0,81.267
2021,Female,2026.0,81.35
2021,Female,2027.0,81.383
2021,Female,2029.0,81.883
2021,Female,2029.0,81.883
2021,Female,2031.0,82.083
2021,Female,2032.0,82.333
2021,Female,2034.0,82.6
2021,Female,2037.0,82.683
2021,Female,2038.0,82.7
2021,Female,2040.0,82.783
2021,Female,2042.0,83.0
2021,Female,2046.0,83.117
2021,Female,2048.0,83.367
2021,Female,2050.0,83.45
2021,Female,2052.0,83.5
2021,Female,2058.0,84.033
2021,Female,2062.0,84.25
2021,Female,2066.0,84.75
2021,Female,2070.0,85.933
2021,Female,2074.0,86.167
2021,Female,2076.0,86.317
2021,Female,2079.0,86.7
2021,Female,2081.0,87.617
2021,Female,2083.0,87.7
2021,Female,2084.0,87.717
2021,Female,2085.0,87.917
2021,Female,2087.0,88.117
2021,Female,2088.0,88.2
2021,Female,2091.0,88.733
2021,Female,2094.0,89.417
2021,Female,2095.0,90.267
2021,Female,2097.0,91.083
2021,Female,2100.0,91.567
2021,Female,2106.0,93.217
2021,Female,2108.0,93.767
2021,Female,2109.0,94.35
2021,Female,2112.0,94.65
2021,Female,2113.0,94.8
2021,Female,2114.0,94.933
2021,Female,2115.0,95.083
2021,Female,2116.0,95.383
2021,Female,2119.0,96.433
2021,Female,2120.0,96.483
2021,Female,2121.0,96.767
2021,Female,2124.0,98.717
2021,Female,2125.0,98.8
2021,Female,2127.0,99.383
2021,Female,2128.0,100.85
2021,Female,2131.0,102.883
2021,Female,2133.0,109.6
2021,Female,2134.0,109.7
2021,Female,2137.0,113.117
2022,Male,1.0,48.217
2022,Male,3.0,48.383
2022,Male,4.0,48.867
2022,Male,5.0,48.883
2022,Male,6.0,48.917
2022,Male,8.0,49.683
2022,Male,9.0,50.683
2022,Male,10.0,50.717
2022,Male,12.0,51.483
2022,Male,13.0,51.917
2022,Male,14.0,52.083
2022,Male,16.0,52.433
2022,Male,17.0,52.45
2022,Male,18.0,52.5
2022,Male,19.0,52.517
2022,Male,19.0,52.517
2022,Male,21.0,52.633
2022,Male,22.0,52.717
2022,Male,23.0,52.867
2022,Male,26.0,52.95
2022,Male,27.0,53.117
2022,Male,28.0,53.133
2022,Male,29.0,53.183
2022,Male,31.0,53.317
2022,Male,32.0,53.55
2022,Male,33.0,53.633
2022,Male,34.0,53.883
2022,Male,35.0,54.083
2022,Male,36.0,54.4
2022,Male,39.0,54.5
2022,Male,40.0,54.533
2022,Male,41.0,54.667
2022,Male,42.0,54.833
2022,Male,44.0,54.883
2022,Male,45.0,54.9
2022,Male,46.0,54.917
2022,Male,47.0,54.967
2022,Male,48.0,55.1
2022,Male,50.0,55.25
2022,Male,51.0,55.367
2022,Male,53.0,55.4
2022,Male,55.0,55.583
2022,Male,56.0,55.6
2022,Male,57.0,55.667
2022,Male,58.0,55.8
2022,Male,59.0,55.817
2022,Male,60.0,55.917
2022,Male,61.0,55.933
2022,Male,64.0,56.533
2022,Male,65.0,56.55
2022,Male,66.0,56.667
2022,Male,68.0,56.867
2022,Male,70.0,56.883
2022,Male,71.0,57.05
2022,Male,72.0,57.15
2022,Male,73.0,57.183
2022,Male,74.0,57.267
2022,Male,75.0,57.35
2022,Male,76.0,57.367
2022,Male,77.0,57.417
2022,Male,78.0,57.433
2022,Male,79.0,57.467
2022,Male,80.0,57.6
2022,Male,81.0,57.683
2022,Male,82.0,57.717
2022,Male,82.0,57.717
2022,Male,84.0,57.883
2022,Male,85.0,57.917
2022,Male,87.0,58.033
2022,Male,88.0,58.067
2022,Male,89.0,58.2
2022,Male,90.0,58.233
2022,Male,91.0,58.25
2022,Male,92.0,58.317
2022,Male,94.0,58.483
2022,Male,95.0,58.5
2022,Male,96.0,58.55
2022,Male,98.0,58.817
2022,Male,99.0,58.833
2022,Male,100.0,58.85
2022,Male,101.0,58.867
2022,Male,102.0,58.883
2022,Male,103.0,58.9
2022,Male,105.0,58.983
2022,Male,106.0,59.0
2022,Male,106.0,59.0
2022,Male,108.0,59.067
2022,Male,109.0,59.133
2022,Male,110.0,59.183
2022,Male,111.0,59.25
2022,Male,112.0,59.35
2022,Male,112.0,59.35
2022,Male,115.0,59.383
2022,Male,116.0,59.45
2022,Male,116.0,59.45
2022,Male,118.0,59.517
2022,Male,119.0,59.533
2022,Male,120.0,59.55
2022,Male,121.0,59.567
2022,Male,122.0,59.633
2022,Male,123.0,59.65
2022,Male,123.0,59.65
2022,Male,125.0,59.667
2022,Male,125.0,59.667
2022,Male,127.0,59.7
2022,Male,128.0,59.733
2022,Male,129.0,59.833
2022,Male,130.0,59.967
2022,Male,131.0,60.1
2022,Male,132.0,60.133
2022,Male,134.0,60.167
2022,Male,136.0,60.217
2022,Male,137.0,60.333
2022,Male,138.0,60.35
2022,Male,138.0,60.35
2022,Male,140.0,60.367
2022,Male,141.0,60.383
2022,Male,143.0,60.433
2022,Male,146.0,60.6
2022,Male,148.0,60.767
2022,Male,148.0,60.767
2022,Male,150.0,60.783
2022,Male,152.0,60.817
2022,Male,153.0,60.833
2022,Male,154.0,60.917
2022,Male,155.0,60.933
2022,Male,155.0,60.933
2022,Male,157.0,61.017
2022,Male,159.0,61.1
2022,Male,161.0,61.133
2022,Male,162.0,61.183
2022,Male,163.0,61.217
2022,Male,164.0,61.3
2022,Male,165.0,61.317
2022,Male,167.0,61.433
2022,Male,168.0,61.533
2022,Male,169.0,61.567
2022,Male,170.0,61.583
2022,Male,171.0,61.617
2022,Male,172.0,61.667
2022,Male,173.0,61.717
2022,Male,173.0,61.717
2022,Male,175.0,61.75
2022,Male,176.0,61.767
2022,Male,177.0,61.833
2022,Male,178.0,61.85
2022,Male,178.0,61.85
2022,Male,180.0,61.883
2022,Male,181.0,61.917
2022,Male,181.0,61.917
2022,Male,183.0,61.95
2022,Male,186.0,62.117
2022,Male,187.0,62.167
2022,Male,187.0,62.167
2022,Male,189.0,62.2
2022,Male,189.0,62.2
2022,Male,189.0,62.2
2022,Male,192.0,62.233
2022,Male,192.0,62.233
2022,Male,194.0,62.283
2022,Male,195.0,62.3
2022,Male,197.0,62.383
2022,Male,200.0,62.4
2022,Male,201.0,62.433
2022,Male,203.0,62.483
2022,Male,203.0,62.483
2022,Male,205.0,62.533
2022,Male,206.0,62.55
2022,Male,206.0,62.55
2022,Male,208.0,62.583
2022,Male,210.0,62.633
2022,Male,212.0,62.667
2022,Male,213.0,62.7
2022,Male,214.0,62.717
2022,Male,215.0,62.733
2022,Male,216.0,62.783
2022,Male,217.0,62.833
2022,Male,218.0,62.867
2022,Male,220.0,62.9
2022,Male,221.0,62.95
2022,Male,222.0,62.983
2022,Male,222.0,62.983
2022,Male,225.0,63.05
2022,Male,226.0,63.1
2022,Male,229.0,63.183
2022,Male,229.0,63.183
2022,Male,232.0,63.233
2022,Male,233.0,63.25
2022,Male,234.0,63.267
2022,Male,234.0,63.267
2022,Male,237.0,63.283
2022,Male,239.0,63.333
2022,Male,239.0,63.333
2022,Male,241.0,63.35
2022,Male,244.0,63.4
2022,Male,245.0,63.417
2022,Male,245.0,63.417
2022,Male,247.0,63.433
2022,Male,248.0,63.45
2022,Male,249.0,63.467
2022,Male,250.0,63.533
2022,Male,252.0,63.567
2022,Male,253.0,63.617
2022,Male,253.0,63.617
2022,Male,255.0,63.65
2022,Male,256.0,63.667
2022,Male,257.0,63.683
2022,Male,258.0,63.7
2022,Male,259.0,63.717
2022,Male,260.0,63.75
2022,Male,261.0,63.783
2022,Male,263.0,63.833
2022,Male,263.0,63.833
2022,Male,263.0,63.833
2022,Male,263.0,63.833
2022,Male,267.0,63.85
2022,Male,268.0,63.867
2022,Male,269.0,63.933
2022,Male,269.0,63.933
2022,Male,269.0,63.933
2022,Male,274.0,63.967
2022,Male,275.0,63.983
2022,Male,275.0,63.983
2022,Male,277.0,64.0
2022,Male,278.0,64.083
2022,Male,280.0,64.117
2022,Male,280.0,64.117
2022,Male,282.0,64.15
2022,Male,284.0,64.167
2022,Male,284.0,64.167
2022,Male,286.0,64.217
2022,Male,287.0,64.25
2022,Male,292.0,64.417
2022,Male,292.0,64.417
2022,Male,294.0,64.467
2022,Male,296.0,64.483
2022,Male,296.0,64.483
2022,Male,296.0,64.483
2022,Male,299.0,64.533
2022,Male,300.0,64.55
2022,Male,301.0,64.567
2022,Male,302.0,64.6
2022,Male,302.0,64.6
2022,Male,304.0,64.617
2022,Male,304.0,64.617
2022,Male,306.0,64.633
2022,Male,307.0,64.65
2022,Male,308.0,64.667
2022,Male,308.0,64.667
2022,Male,311.0,64.7
2022,Male,311.0,64.7
2022,Male,313.0,64.75
2022,Male,313.0,64.75
2022,Male,313.0,64.75
2022,Male,316.0,64.783
2022,Male,317.0,64.8
2022,Male,318.0,64.883
2022,Male,319.0,64.9
2022,Male,319.0,64.9
2022,Male,319.0,64.9
2022,Male,322.0,64.95
2022,Male,322.0,64.95
2022,Male,324.0,64.983
2022,Male,325.0,65.0
2022,Male,326.0,65.017
2022,Male,327.0,65.05
2022,Male,328.0,65.067
2022,Male,329.0,65.083
2022,Male,331.0,65.117
2022,Male,332.0,65.133
2022,Male,332.0,65.133
2022,Male,334.0,65.15
2022,Male,335.0,65.167
2022,Male,335.0,65.167
2022,Male,337.0,65.2
2022,Male,338.0,65.217
2022,Male,340.0,65.233
2022,Male,341.0,65.25
2022,Male,342.0,65.267
2022,Male,342.0,65.267
2022,Male,344.0,65.283
2022,Male,345.0,65.367
2022,Male,345.0,65.367
2022,Male,347.0,65.383
2022,Male,347.0,65.383
2022,Male,349.0,65.4
2022,Male,350.0,65.433
2022,Male,351.0,65.45
2022,Male,351.0,65.45
2022,Male,354.0,65.467
2022,Male,354.0,65.467
2022,Male,356.0,65.5
2022,Male,357.0,65.517
2022,Male,360.0,65.55
2022,Male,361.0,65.567
2022,Male,363.0,65.6
2022,Male,364.0,65.633
2022,Male,366.0,65.65
2022,Male,369.0,65.717
2022,Male,370.0,65.733
2022,Male,372.0,65.783
2022,Male,372.0,65.783
2022,Male,374.0,65.833
2022,Male,375.0,65.85
2022,Male,375.0,65.85
2022,Male,375.0,65.85
2022,Male,378.0,65.867
2022,Male,380.0,65.9
2022,Male,381.0,65.967
2022,Male,382.0,66.017
2022,Male,383.0,66.033
2022,Male,384.0,66.067
2022,Male,385.0,66.1
2022,Male,385.0,66.1
2022,Male,387.0,66.117
2022,Male,387.0,66.117
2022,Male,391.0,66.15
2022,Male,391.0,66.15
2022,Male,393.0,66.167
2022,Male,394.0,66.183
2022,Male,394.0,66.183
2022,Male,396.0,66.217
2022,Male,396.0,66.217
2022,Male,398.0,66.233
2022,Male,398.0,66.233
2022,Male,401.0,66.25
2022,Male,402.0,66.3
2022,Male,403.0,66.317
2022,Male,404.0,66.35
2022,Male,406.0,66.367
2022,Male,406.0,66.367
2022,Male,408.0,66.383
2022,Male,410.0,66.4
2022,Male,410.0,66.4
2022,Male,413.0,66.417
2022,Male,414.0,66.433
2022,Male,415.0,66.5
2022,Male,417.0,66.583
2022,Male,418.0,66.6
2022,Male,420.0,66.617
2022,Male,420.0,66.617
2022,Male,422.0,66.633
2022,Male,424.0,66.667
2022,Male,424.0,66.667
2022,Male,424.0,66.667
2022,Male,427.0,66.683
2022,Male,427.0,66.683
2022,Male,427.0,66.683
2022,Male,427.0,66.683
2022,Male,432.0,66.717
2022,Male,432.0,66.717
2022,Male,434.0,66.733
2022,Male,435.0,66.75
2022,Male,436.0,66.767
2022,Male,437.0,66.783
2022,Male,440.0,66.817
2022,Male,441.0,66.867
2022,Male,441.0,66.867
2022,Male,441.0,66.867
2022,Male,441.0,66.867
2022,Male,445.0,66.917
2022,Male,445.0,66.917
2022,Male,447.0,66.95
2022,Male,449.0,66.983
2022,Male,449.0,66.983
2022,Male,452.0,67.0
2022,Male,452.0,67.0
2022,Male,452.0,67.0
2022,Male,455.0,67.017
2022,Male,455.0,67.017
2022,Male,457.0,67.033
2022,Male,457.0,67.033
2022,Male,457.0,67.033
2022,Male,461.0,67.05
2022,Male,461.0,67.05
2022,Male,463.0,67.067
2022,Male,464.0,67.1
2022,Male,465.0,67.117
2022,Male,468.0,67.15
2022,Male,468.0,67.15
2022,Male,468.0,67.15
2022,Male,472.0,67.167
2022,Male,473.0,67.233
2022,Male,473.0,67.233
2022,Male,475.0,67.267
2022,Male,478.0,67.283
2022,Male,479.0,67.317
2022,Male,479.0,67.317
2022,Male,482.0,67.383
2022,Male,483.0,67.4
2022,Male,483.0,67.4
2022,Male,486.0,67.417
2022,Male,486.0,67.417
2022,Male,486.0,67.417
2022,Male,489.0,67.433
2022,Male,490.0,67.45
2022,Male,491.0,67.467
2022,Male,492.0,67.5
2022,Male,492.0,67.5
2022,Male,492.0,67.5
2022,Male,495.0,67.517
2022,Male,497.0,67.533
2022,Male,497.0,67.533
2022,Male,499.0,67.567
2022,Male,499.0,67.567
2022,Male,503.0,67.583
2022,Male,503.0,67.583
2022,Male,505.0,67.6
2022,Male,508.0,67.617
2022,Male,508.0,67.617
2022,Male,510.0,67.633
2022,Male,510.0,67.633
2022,Male,512.0,67.667
2022,Male,512.0,67.667
2022,Male,512.0,67.667
2022,Male,512.0,67.667
2022,Male,516.0,67.683
2022,Male,518.0,67.7
2022,Male,519.0,67.717
2022,Male,519.0,67.717
2022,Male,519.0,67.717
2022,Male,519.0,67.717
2022,Male,523.0,67.75
2022,Male,523.0,67.75
2022,Male,523.0,67.75
2022,Male,527.0,67.767
2022,Male,527.0,67.767
2022,Male,529.0,67.783
2022,Male,531.0,67.8
2022,Male,531.0,67.8
2022,Male,533.0,67.833
2022,Male,533.0,67.833
2022,Male,533.0,67.833
2022,Male,533.0,67.833
2022,Male,537.0,67.85
2022,Male,538.0,67.883
2022,Male,539.0,67.917
2022,Male,539.0,67.917
2022,Male,539.0,67.917
2022,Male,542.0,67.933
2022,Male,542.0,67.933
2022,Male,544.0,67.983
2022,Male,547.0,68.0
2022,Male,548.0,68.017
2022,Male,548.0,68.017
2022,Male,551.0,68.033
2022,Male,552.0,68.067
2022,Male,553.0,68.083
2022,Male,555.0,68.117
2022,Male,555.0,68.117
2022,Male,558.0,68.133
2022,Male,559.0,68.167
2022,Male,561.0,68.2
2022,Male,561.0,68.2
2022,Male,564.0,68.25
2022,Male,564.0,68.25
2022,Male,567.0,68.267
2022,Male,567.0,68.267
2022,Male,567.0,68.267
2022,Male,570.0,68.283
2022,Male,570.0,68.283
2022,Male,573.0,68.317
2022,Male,574.0,68.333
2022,Male,575.0,68.367
2022,Male,575.0,68.367
2022,Male,575.0,68.367
2022,Male,578.0,68.383
2022,Male,578.0,68.383
2022,Male,580.0,68.4
2022,Male,580.0,68.4
2022,Male,584.0,68.433
2022,Male,584.0,68.433
2022,Male,586.0,68.45
2022,Male,587.0,68.483
2022,Male,587.0,68.483
2022,Male,587.0,68.483
2022,Male,587.0,68.483
2022,Male,591.0,68.5
2022,Male,591.0,68.5
2022,Male,593.0,68.517
2022,Male,593.0,68.517
2022,Male,595.0,68.533
2022,Male,595.0,68.533
2022,Male,597.0,68.55
2022,Male,598.0,68.567
2022,Male,599.0,68.583
2022,Male,599.0,68.583
2022,Male,599.0,68.583
2022,Male,602.0,68.617
2022,Male,603.0,68.633
2022,Male,604.0,68.65
2022,Male,605.0,68.667
2022,Male,605.0,68.667
2022,Male,605.0,68.667
2022,Male,609.0,68.683
2022,Male,609.0,68.683
2022,Male,609.0,68.683
2022,Male,612.0,68.7
2022,Male,612.0,68.7
2022,Male,614.0,68.717
2022,Male,616.0,68.733
2022,Male,616.0,68.733
2022,Male,618.0,68.75
2022,Male,618.0,68.75
2022,Male,618.0,68.75
2022,Male,621.0,68.767
2022,Male,622.0,68.817
2022,Male,623.0,68.85
2022,Male,623.0,68.85
2022,Male,623.0,68.85
2022,Male,627.0,68.883
2022,Male,628.0,68.9
2022,Male,628.0,68.9
2022,Male,631.0,68.917
2022,Male,632.0,68.967
2022,Male,632.0,68.967
2022,Male,634.0,69.0
2022,Male,635.0,69.017
2022,Male,635.0,69.017
2022,Male,639.0,69.05
2022,Male,639.0,69.05
2022,Male,642.0,69.067
2022,Male,642.0,69.067
2022,Male,644.0,69.083
2022,Male,644.0,69.083
2022,Male,644.0,69.083
2022,Male,644.0,69.083
2022,Male,648.0,69.1
2022,Male,649.0,69.133
2022,Male,650.0,69.15
2022,Male,650.0,69.15
2022,Male,652.0,69.167
2022,Male,653.0,69.183
2022,Male,653.0,69.183
2022,Male,653.0,69.183
2022,Male,656.0,69.2
2022,Male,658.0,69.233
2022,Male,661.0,69.267
2022,Male,662.0,69.283
2022,Male,662.0,69.283
2022,Male,666.0,69.3
2022,Male,668.0,69.333
2022,Male,668.0,69.333
2022,Male,668.0,69.333
2022,Male,668.0,69.333
2022,Male,673.0,69.367
2022,Male,673.0,69.367
2022,Male,676.0,69.417
2022,Male,676.0,69.417
2022,Male,678.0,69.433
2022,Male,678.0,69.433
2022,Male,678.0,69.433
2022,Male,682.0,69.45
2022,Male,682.0,69.45
2022,Male,682.0,69.45
2022,Male,682.0,69.45
2022,Male,687.0,69.467
2022,Male,689.0,69.483
2022,Male,691.0,69.5
2022,Male,692.0,69.517
2022,Male,693.0,69.533
2022,Male,693.0,69.533
2022,Male,693.0,69.533
2022,Male,696.0,69.55
2022,Male,696.0,69.55
2022,Male,698.0,69.567
2022,Male,699.0,69.6
2022,Male,700.0,69.617
2022,Male,705.0,69.65
2022,Male,707.0,69.667
2022,Male,708.0,69.683
2022,Male,708.0,69.683
2022,Male,708.0,69.683
2022,Male,712.0,69.7
2022,Male,712.0,69.7
2022,Male,712.0,69.7
2022,Male,715.0,69.717
2022,Male,719.0,69.75
2022,Male,720.0,69.767
2022,Male,721.0,69.783
2022,Male,721.0,69.783
2022,Male,721.0,69.783
2022,Male,724.0,69.8
2022,Male,724.0,69.8
2022,Male,724.0,69.8
2022,Male,727.0,69.817
2022,Male,727.0,69.817
2022,Male,727.0,69.817
2022,Male,730.0,69.833
2022,Male,732.0,69.85
2022,Male,734.0,69.867
2022,Male,734.0,69.867
2022,Male,736.0,69.883
2022,Male,736.0,69.883
2022,Male,736.0,69.883
2022,Male,739.0,69.9
2022,Male,739.0,69.9
2022,Male,739.0,69.9
2022,Male,743.0,69.917
2022,Male,743.0,69.917
2022,Male,743.0,69.917
2022,Male,746.0,69.95
2022,Male,747.0,69.967
2022,Male,748.0,70.0
2022,Male,748.0,70.0
2022,Male,748.0,70.0
2022,Male,752.0,70.05
2022,Male,752.0,70.05
2022,Male,752.0,70.05
2022,Male,752.0,70.05
2022,Male,756.0,70.067
2022,Male,757.0,70.083
2022,Male,757.0,70.083
2022,Male,757.0,70.083
2022,Male,760.0,70.1
2022,Male,761.0,70.117
2022,Male,763.0,70.133
2022,Male,763.0,70.133
2022,Male,766.0,70.15
2022,Male,766.0,70.15
2022,Male,766.0,70.15
2022,Male,769.0,70.167
2022,Male,771.0,70.183
2022,Male,771.0,70.183
2022,Male,773.0,70.217
2022,Male,774.0,70.233
2022,Male,774.0,70.233
2022,Male,776.0,70.25
2022,Male,779.0,70.3
2022,Male,779.0,70.3
2022,Male,779.0,70.3
2022,Male,782.0,70.317
2022,Male,782.0,70.317
2022,Male,785.0,70.4
2022,Male,785.0,70.4
2022,Male,785.0,70.4
2022,Male,785.0,70.4
2022,Male,789.0,70.417
2022,Male,789.0,70.417
2022,Male,792.0,70.45
2022,Male,792.0,70.45
2022,Male,797.0,70.483
2022,Male,797.0,70.483
2022,Male,799.0,70.5
2022,Male,799.0,70.5
2022,Male,799.0,70.5
2022,Male,799.0,70.5
2022,Male,799.0,70.5
2022,Male,805.0,70.533
2022,Male,805.0,70.533
2022,Male,807.0,70.55
2022,Male,807.0,70.55
2022,Male,807.0,70.55
2022,Male,810.0,70.567
2022,Male,812.0,70.583
2022,Male,814.0,70.6
2022,Male,815.0,70.617
2022,Male,815.0,70.617
2022,Male,815.0,70.617
2022,Male,819.0,70.633
2022,Male,819.0,70.633
2022,Male,822.0,70.65
2022,Male,824.0,70.683
2022,Male,825.0,70.7
2022,Male,825.0,70.7
2022,Male,828.0,70.75
2022,Male,828.0,70.75
2022,Male,830.0,70.767
2022,Male,830.0,70.767
2022,Male,830.0,70.767
2022,Male,830.0,70.767
2022,Male,830.0,70.767
2022,Male,835.0,70.783
2022,Male,835.0,70.783
2022,Male,835.0,70.783
2022,Male,839.0,70.817
2022,Male,840.0,70.833
2022,Male,840.0,70.833
2022,Male,844.0,70.883
2022,Male,844.0,70.883
2022,Male,847.0,70.917
2022,Male,848.0,70.933
2022,Male,848.0,70.933
2022,Male,848.0,70.933
2022,Male,851.0,70.95
2022,Male,851.0,70.95
2022,Male,851.0,70.95
2022,Male,854.0,70.967
2022,Male,856.0,71.0
2022,Male,857.0,71.017
2022,Male,859.0,71.033
2022,Male,859.0,71.033
2022,Male,861.0,71.05
2022,Male,862.0,71.067
2022,Male,862.0,71.067
2022,Male,866.0,71.083
2022,Male,866.0,71.083
2022,Male,869.0,71.1
2022,Male,871.0,71.133
2022,Male,872.0,71.15
2022,Male,873.0,71.167
2022,Male,873.0,71.167
2022,Male,875.0,71.183
2022,Male,875.0,71.183
2022,Male,877.0,71.2
2022,Male,880.0,71.217
2022,Male,881.0,71.233
2022,Male,881.0,71.233
2022,Male,883.0,71.25
2022,Male,884.0,71.267
2022,Male,887.0,71.3
2022,Male,887.0,71.3
2022,Male,887.0,71.3
2022,Male,890.0,71.317
2022,Male,890.0,71.317
2022,Male,895.0,71.367
2022,Male,895.0,71.367
2022,Male,895.0,71.367
2022,Male,898.0,71.383
2022,Male,898.0,71.383
2022,Male,898.0,71.383
2022,Male,901.0,71.4
2022,Male,901.0,71.4
2022,Male,901.0,71.4
2022,Male,904.0,71.417
2022,Male,905.0,71.433
2022,Male,908.0,71.45
2022,Male,909.0,71.467
2022,Male,909.0,71.467
2022,Male,909.0,71.467
2022,Male,913.0,71.5
2022,Male,913.0,71.5
2022,Male,913.0,71.5
2022,Male,916.0,71.517
2022,Male,916.0,71.517
2022,Male,920.0,71.533
2022,Male,921.0,71.55
2022,Male,923.0,71.567
2022,Male,925.0,71.583
2022,Male,926.0,71.6
2022,Male,928.0,71.617
2022,Male,928.0,71.617
2022,Male,930.0,71.633
2022,Male,930.0,71.633
2022,Male,932.0,71.65
2022,Male,935.0,71.667
2022,Male,936.0,71.683
2022,Male,936.0,71.683
2022,Male,936.0,71.683
2022,Male,939.0,71.7
2022,Male,942.0,71.717
2022,Male,942.0,71.717
2022,Male,942.0,71.717
2022,Male,945.0,71.733
2022,Male,945.0,71.733
2022,Male,947.0,71.75
2022,Male,947.0,71.75
2022,Male,950.0,71.767
2022,Male,950.0,71.767
2022,Male,950.0,71.767
2022,Male,954.0,71.8
2022,Male,954.0,71.8
2022,Male,954.0,71.8
2022,Male,954.0,71.8
2022,Male,958.0,71.817
2022,Male,959.0,71.833
2022,Male,960.0,71.85
2022,Male,962.0,71.867
2022,Male,963.0,71.883
2022,Male,963.0,71.883
2022,Male,963.0,71.883
2022,Male,968.0,71.933
2022,Male,970.0,71.95
2022,Male,972.0,71.967
2022,Male,974.0,71.983
2022,Male,974.0,71.983
2022,Male,974.0,71.983
2022,Male,977.0,72.0
2022,Male,980.0,72.017
2022,Male,981.0,72.033
2022,Male,982.0,72.067
2022,Male,983.0,72.1
2022,Male,984.0,72.117
2022,Male,986.0,72.133
2022,Male,987.0,72.15
2022,Male,987.0,72.15
2022,Male,987.0,72.15
2022,Male,992.0,72.167
2022,Male,993.0,72.183
2022,Male,993.0,72.183
2022,Male,993.0,72.183
2022,Male,993.0,72.183
2022,Male,993.0,72.183
2022,Male,998.0,72.2
2022,Male,998.0,72.2
2022,Male,1001.0,72.233
2022,Male,1001.0,72.233
2022,Male,1003.0,72.25
2022,Male,1003.0,72.25
2022,Male,1003.0,72.25
2022,Male,1003.0,72.25
2022,Male,1010.0,72.283
2022,Male,1010.0,72.283
2022,Male,1010.0,72.283
2022,Male,1014.0,72.317
2022,Male,1015.0,72.35
2022,Male,1016.0,72.367
2022,Male,1016.0,72.367
2022,Male,1019.0,72.383
2022,Male,1019.0,72.383
2022,Male,1019.0,72.383
2022,Male,1019.0,72.383
2022,Male,1024.0,72.4
2022,Male,1025.0,72.417
2022,Male,1025.0,72.417
2022,Male,1029.0,72.433
2022,Male,1029.0,72.433
2022,Male,1029.0,72.433
2022,Male,1029.0,72.433
2022,Male,1033.0,72.45
2022,Male,1033.0,72.45
2022,Male,1035.0,72.467
2022,Male,1035.0,72.467
2022,Male,1037.0,72.483
2022,Male,1037.0,72.483
2022,Male,1039.0,72.5
2022,Male,1041.0,72.517
2022,Male,1043.0,72.533
2022,Male,1044.0,72.55
2022,Male,1045.0,72.567
2022,Male,1046.0,72.583
2022,Male,1048.0,72.633
2022,Male,1050.0,72.65
2022,Male,1050.0,72.65
2022,Male,1050.0,72.65
2022,Male,1054.0,72.667
2022,Male,1055.0,72.683
2022,Male,1058.0,72.733
2022,Male,1058.0,72.733
2022,Male,1062.0,72.767
2022,Male,1063.0,72.783
2022,Male,1063.0,72.783
2022,Male,1066.0,72.833
2022,Male,1066.0,72.833
2022,Male,1069.0,72.85
2022,Male,1070.0,72.867
2022,Male,1070.0,72.867
2022,Male,1074.0,72.9
2022,Male,1077.0,72.933
2022,Male,1077.0,72.933
2022,Male,1077.0,72.933
2022,Male,1077.0,72.933
2022,Male,1086.0,73.0
2022,Male,1087.0,73.017
2022,Male,1089.0,73.05
2022,Male,1090.0,73.067
2022,Male,1092.0,73.083
2022,Male,1092.0,73.083
2022,Male,1092.0,73.083
2022,Male,1095.0,73.1
2022,Male,1095.0,73.1
2022,Male,1099.0,73.117
2022,Male,1099.0,73.117
2022,Male,1103.0,73.133
2022,Male,1104.0,73.15
2022,Male,1105.0,73.167
2022,Male,1107.0,73.2
2022,Male,1107.0,73.2
2022,Male,1110.0,73.217
2022,Male,1110.0,73.217
2022,Male,1113.0,73.233
2022,Male,1113.0,73.233
2022,Male,1116.0,73.267
2022,Male,1116.0,73.267
2022,Male,1118.0,73.3
2022,Male,1119.0,73.317
2022,Male,1120.0,73.333
2022,Male,1120.0,73.333
2022,Male,1122.0,73.35
2022,Male,1122.0,73.35
2022,Male,1125.0,73.383
2022,Male,1125.0,73.383
2022,Male,1128.0,73.4
2022,Male,1128.0,73.4
2022,Male,1131.0,73.433
2022,Male,1131.0,73.433
2022,Male,1135.0,73.467
2022,Male,1138.0,73.517
2022,Male,1138.0,73.517
2022,Male,1141.0,73.55
2022,Male,1142.0,73.567
2022,Male,1142.0,73.567
2022,Male,1144.0,73.617
2022,Male,1145.0,73.633
2022,Male,1145.0,73.633
2022,Male,1145.0,73.633
2022,Male,1149.0,73.65
2022,Male,1149.0,73.65
2022,Male,1149.0,73.65
2022,Male,1152.0,73.667
2022,Male,1152.0,73.667
2022,Male,1155.0,73.7
2022,Male,1157.0,73.717
2022,Male,1158.0,73.733
2022,Male,1159.0,73.767
2022,Male,1162.0,73.783
2022,Male,1163.0,73.8
2022,Male,1163.0,73.8
2022,Male,1165.0,73.817
2022,Male,1165.0,73.817
2022,Male,1165.0,73.817
2022,Male,1165.0,73.817
2022,Male,1170.0,73.833
2022,Male,1172.0,73.85
2022,Male,1173.0,73.867
2022,Male,1173.0,73.867
2022,Male,1177.0,73.883
2022,Male,1179.0,73.9
2022,Male,1181.0,73.917
2022,Male,1181.0,73.917
2022,Male,1183.0,73.933
2022,Male,1183.0,73.933
2022,Male,1183.0,73.933
2022,Male,1186.0,73.95
2022,Male,1186.0,73.95
2022,Male,1186.0,73.95
2022,Male,1186.0,73.95
2022,Male,1186.0,73.95
2022,Male,1192.0,73.983
2022,Male,1192.0,73.983
2022,Male,1192.0,73.983
2022,Male,1192.0,73.983
2022,Male,1198.0,74.0
2022,Male,1198.0,74.0
2022,Male,1200.0,74.017
2022,Male,1202.0,74.067
2022,Male,1204.0,74.117
2022,Male,1204.0,74.117
2022,Male,1210.0,74.15
2022,Male,1211.0,74.167
2022,Male,1212.0,74.183
2022,Male,1212.0,74.183
2022,Male,1212.0,74.183
2022,Male,1216.0,74.217
2022,Male,1216.0,74.217
2022,Male,1216.0,74.217
2022,Male,1216.0,74.217
2022,Male,1221.0,74.233
2022,Male,1221.0,74.233
2022,Male,1223.0,74.25
2022,Male,1223.0,74.25
2022,Male,1225.0,74.267
2022,Male,1225.0,74.267
2022,Male,1227.0,74.283
2022,Male,1228.0,74.3
2022,Male,1229.0,74.317
2022,Male,1229.0,74.317
2022,Male,1229.0,74.317
2022,Male,1229.0,74.317
2022,Male,1233.0,74.333
2022,Male,1235.0,74.367
2022,Male,1240.0,74.4
2022,Male,1243.0,74.433
2022,Male,1245.0,74.45
2022,Male,1245.0,74.45
2022,Male,1245.0,74.45
2022,Male,1250.0,74.467
2022,Male,1250.0,74.467
2022,Male,1254.0,74.483
2022,Male,1254.0,74.483
2022,Male,1254.0,74.483
2022,Male,1257.0,74.5
2022,Male,1257.0,74.5
2022,Male,1257.0,74.5
2022,Male,1260.0,74.517
2022,Male,1260.0,74.517
2022,Male,1260.0,74.517
2022,Male,1263.0,74.533
2022,Male,1264.0,74.55
2022,Male,1264.0,74.55
2022,Male,1264.0,74.55
2022,Male,1268.0,74.567
2022,Male,1269.0,74.6
2022,Male,1270.0,74.633
2022,Male,1272.0,74.65
2022,Male,1274.0,74.667
2022,Male,1275.0,74.683
2022,Male,1275.0,74.683
2022,Male,1278.0,74.733
2022,Male,1278.0,74.733
2022,Male,1280.0,74.75
2022,Male,1280.0,74.75
2022,Male,1282.0,74.767
2022,Male,1286.0,74.8
2022,Male,1287.0,74.817
2022,Male,1289.0,74.833
2022,Male,1289.0,74.833
2022,Male,1291.0,74.85
2022,Male,1293.0,74.867
2022,Male,1293.0,74.867
2022,Male,1293.0,74.867
2022,Male,1296.0,74.883
2022,Male,1296.0,74.883
2022,Male,1299.0,74.917
2022,Male,1301.0,74.933
2022,Male,1302.0,74.95
2022,Male,1303.0,74.967
2022,Male,1303.0,74.967
2022,Male,1307.0,75.0
2022,Male,1307.0,75.0
2022,Male,1309.0,75.017
2022,Male,1310.0,75.033
2022,Male,1313.0,75.067
2022,Male,1314.0,75.083
2022,Male,1314.0,75.083
2022,Male,1314.0,75.083
2022,Male,1317.0,75.1
2022,Male,1318.0,75.117
2022,Male,1321.0,75.15
2022,Male,1323.0,75.167
2022,Male,1325.0,75.2
2022,Male,1327.0,75.217
2022,Male,1327.0,75.217
2022,Male,1331.0,75.267
2022,Male,1331.0,75.267
2022,Male,1334.0,75.283
2022,Male,1336.0,75.3
2022,Male,1337.0,75.317
2022,Male,1337.0,75.317
2022,Male,1340.0,75.35
2022,Male,1340.0,75.35
2022,Male,1342.0,75.367
2022,Male,1342.0,75.367
2022,Male,1346.0,75.383
2022,Male,1346.0,75.383
2022,Male,1346.0,75.383
2022,Male,1350.0,75.417
2022,Male,1350.0,75.417
2022,Male,1353.0,75.45
2022,Male,1353.0,75.45
2022,Male,1356.0,75.483
2022,Male,1357.0,75.5
2022,Male,1358.0,75.517
2022,Male,1360.0,75.533
2022,Male,1360.0,75.533
2022,Male,1362.0,75.567
2022,Male,1363.0,75.583
2022,Male,1363.0,75.583
2022,Male,1365.0,75.6
2022,Male,1365.0,75.6
2022,Male,1368.0,75.617
2022,Male,1370.0,75.667
2022,Male,1370.0,75.667
2022,Male,1375.0,75.7
2022,Male,1375.0,75.7
2022,Male,1375.0,75.7
2022,Male,1378.0,75.717
2022,Male,1378.0,75.717
2022,Male,1381.0,75.75
2022,Male,1381.0,75.75
2022,Male,1385.0,75.783
2022,Male,1385.0,75.783
2022,Male,1388.0,75.833
2022,Male,1389.0,75.85
2022,Male,1389.0,75.85
2022,Male,1389.0,75.85
2022,Male,1392.0,75.883
2022,Male,1393.0,75.9
2022,Male,1393.0,75.9
2022,Male,1396.0,75.917
2022,Male,1399.0,75.933
2022,Male,1401.0,75.95
2022,Male,1401.0,75.95
2022,Male,1401.0,75.95
2022,Male,1404.0,75.983
2022,Male,1405.0,76.05
2022,Male,1405.0,76.05
2022,Male,1407.0,76.067
2022,Male,1407.0,76.067
2022,Male,1409.0,76.083
2022,Male,1411.0,76.117
2022,Male,1411.0,76.117
2022,Male,1411.0,76.117
2022,Male,1414.0,76.133
2022,Male,1414.0,76.133
2022,Male,1414.0,76.133
2022,Male,1417.0,76.167
2022,Male,1419.0,76.183
2022,Male,1419.0,76.183
2022,Male,1421.0,76.2
2022,Male,1421.0,76.2
2022,Male,1425.0,76.217
2022,Male,1426.0,76.233
2022,Male,1427.0,76.25
2022,Male,1427.0,76.25
2022,Male,1427.0,76.25
2022,Male,1430.0,76.267
2022,Male,1430.0,76.267
2022,Male,1430.0,76.267
2022,Male,1436.0,76.317
2022,Male,1438.0,76.333
2022,Male,1438.0,76.333
2022,Male,1440.0,76.35
2022,Male,1441.0,76.367
2022,Male,1441.0,76.367
2022,Male,1441.0,76.367
2022,Male,1441.0,76.367
2022,Male,1445.0,76.383
2022,Male,1446.0,76.45
2022,Male,1448.0,76.5
2022,Male,1449.0,76.517
2022,Male,1449.0,76.517
2022,Male,1453.0,76.567
2022,Male,1454.0,76.583
2022,Male,1454.0,76.583
2022,Male,1454.0,76.583
2022,Male,1454.0,76.583
2022,Male,1454.0,76.583
2022,Male,1460.0,76.617
2022,Male,1460.0,76.617
2022,Male,1463.0,76.633
2022,Male,1465.0,76.667
2022,Male,1465.0,76.667
2022,Male,1465.0,76.667
2022,Male,1468.0,76.683
2022,Male,1470.0,76.7
2022,Male,1470.0,76.7
2022,Male,1472.0,76.717
2022,Male,1474.0,76.733
2022,Male,1474.0,76.733
2022,Male,1474.0,76.733
2022,Male,1477.0,76.75
2022,Male,1479.0,76.783
2022,Male,1480.0,76.8
2022,Male,1483.0,76.833
2022,Male,1483.0,76.833
2022,Male,1483.0,76.833
2022,Male,1486.0,76.85
2022,Male,1488.0,76.867
2022,Male,1488.0,76.867
2022,Male,1491.0,76.883
2022,Male,1491.0,76.883
2022,Male,1493.0,76.917
2022,Male,1494.0,76.933
2022,Male,1494.0,76.933
2022,Male,1496.0,76.967
2022,Male,1498.0,76.983
2022,Male,1499.0,77.0
2022,Male,1501.0,77.033
2022,Male,1504.0,77.067
2022,Male,1504.0,77.067
2022,Male,1508.0,77.1
2022,Male,1509.0,77.15
2022,Male,1509.0,77.15
2022,Male,1512.0,77.183
2022,Male,1513.0,77.217
2022,Male,1513.0,77.217
2022,Male,1515.0,77.233
2022,Male,1516.0,77.25
2022,Male,1517.0,77.3
2022,Male,1518.0,77.317
2022,Male,1518.0,77.317
2022,Male,1518.0,77.317
2022,Male,1524.0,77.367
2022,Male,1525.0,77.383
2022,Male,1525.0,77.383
2022,Male,1528.0,77.417
2022,Male,1530.0,77.433
2022,Male,1531.0,77.45
2022,Male,1531.0,77.45
2022,Male,1533.0,77.467
2022,Male,1535.0,77.5
2022,Male,1536.0,77.533
2022,Male,1536.0,77.533
2022,Male,1538.0,77.55
2022,Male,1540.0,77.6
2022,Male,1541.0,77.633
2022,Male,1543.0,77.667
2022,Male,1551.0,77.733
2022,Male,1552.0,77.767
2022,Male,1552.0,77.767
2022,Male,1554.0,77.783
2022,Male,1555.0,77.8
2022,Male,1561.0,77.867
2022,Male,1563.0,77.883
2022,Male,1564.0,77.9
2022,Male,1564.0,77.9
2022,Male,1566.0,77.917
2022,Male,1569.0,77.967
2022,Male,1569.0,77.967
2022,Male,1569.0,77.967
2022,Male,1573.0,78.017
2022,Male,1573.0,78.017
2022,Male,1575.0,78.033
2022,Male,1579.0,78.067
2022,Male,1580.0,78.083
2022,Male,1580.0,78.083
2022,Male,1583.0,78.1
2022,Male,1585.0,78.117
2022,Male,1586.0,78.133
2022,Male,1588.0,78.167
2022,Male,1589.0,78.183
2022,Male,1592.0,78.2
2022,Male,1594.0,78.217
2022,Male,1595.0,78.267
2022,Male,1595.0,78.267
2022,Male,1600.0,78.3
2022,Male,1600.0,78.3
2022,Male,1602.0,78.333
2022,Male,1602.0,78.333
2022,Male,1605.0,78.367
2022,Male,1606.0,78.383
2022,Male,1606.0,78.383
2022,Male,1609.0,78.417
2022,Male,1609.0,78.417
2022,Male,1609.0,78.417
2022,Male,1614.0,78.467
2022,Male,1614.0,78.467
2022,Male,1616.0,78.5
2022,Male,1618.0,78.55
2022,Male,1623.0,78.583
2022,Male,1624.0,78.6
2022,Male,1625.0,78.617
2022,Male,1628.0,78.667
2022,Male,1629.0,78.683
2022,Male,1631.0,78.717
2022,Male,1631.0,78.717
2022,Male,1634.0,78.783
2022,Male,1634.0,78.783
2022,Male,1638.0,78.883
2022,Male,1639.0,78.9
2022,Male,1641.0,78.967
2022,Male,1643.0,79.017
2022,Male,1644.0,79.05
2022,Male,1647.0,79.1
2022,Male,1649.0,79.117
2022,Male,1649.0,79.117
2022,Male,1649.0,79.117
2022,Male,1649.0,79.117
2022,Male,1655.0,79.167
2022,Male,1655.0,79.167
2022,Male,1655.0,79.167
2022,Male,1658.0,79.183
2022,Male,1658.0,79.183
2022,Male,1664.0,79.25
2022,Male,1665.0,79.317
2022,Male,1667.0,79.367
2022,Male,1668.0,79.383
2022,Male,1670.0,79.433
2022,Male,1673.0,79.45
2022,Male,1673.0,79.45
2022,Male,1675.0,79.467
2022,Male,1676.0,79.517
2022,Male,1676.0,79.517
2022,Male,1678.0,79.567
2022,Male,1679.0,79.583
2022,Male,1679.0,79.583
2022,Male,1681.0,79.633
2022,Male,1681.0,79.633
2022,Male,1681.0,79.633
2022,Male,1685.0,79.667
2022,Male,1687.0,79.75
2022,Male,1691.0,79.8
2022,Male,1692.0,79.833
2022,Male,1693.0,79.85
2022,Male,1693.0,79.85
2022,Male,1696.0,79.883
2022,Male,1697.0,79.917
2022,Male,1699.0,80.033
2022,Male,1699.0,80.033
2022,Male,1703.0,80.067
2022,Male,1703.0,80.067
2022,Male,1707.0,80.1
2022,Male,1708.0,80.117
2022,Male,1712.0,80.167
2022,Male,1714.0,80.217
2022,Male,1715.0,80.233
2022,Male,1717.0,80.25
2022,Male,1719.0,80.3
2022,Male,1720.0,80.317
2022,Male,1722.0,80.333
2022,Male,1723.0,80.35
2022,Male,1724.0,80.483
2022,Male,1726.0,80.517
2022,Male,1727.0,80.55
2022,Male,1727.0,80.55
2022,Male,1729.0,80.567
2022,Male,1731.0,80.583
2022,Male,1731.0,80.583
2022,Male,1733.0,80.6
2022,Male,1735.0,80.617
2022,Male,1736.0,80.7
2022,Male,1739.0,80.783
2022,Male,1740.0,80.817
2022,Male,1741.0,80.867
2022,Male,1742.0,80.883
2022,Male,1743.0,80.9
2022,Male,1744.0,80.917
2022,Male,1745.0,80.933
2022,Male,1745.0,80.933
2022,Male,1745.0,80.933
2022,Male,1745.0,80.933
2022,Male,1751.0,81.017
2022,Male,1754.0,81.05
2022,Male,1756.0,81.15
2022,Male,1759.0,81.233
2022,Male,1760.0,81.25
2022,Male,1760.0,81.25
2022,Male,1760.0,81.25
2022,Male,1764.0,81.283
2022,Male,1767.0,81.35
2022,Male,1767.0,81.35
2022,Male,1771.0,81.367
2022,Male,1772.0,81.383
2022,Male,1774.0,81.417
2022,Male,1777.0,81.433
2022,Male,1777.0,81.433
2022,Male,1780.0,81.533
2022,Male,1782.0,81.6
2022,Male,1783.0,81.65
2022,Male,1783.0,81.65
2022,Male,1787.0,81.717
2022,Male,1788.0,81.767
2022,Male,1790.0,81.8
2022,Male,1791.0,81.817
2022,Male,1792.0,81.833
2022,Male,1793.0,81.883
2022,Male,1795.0,81.9
2022,Male,1796.0,81.917
2022,Male,1796.0,81.917
2022,Male,1798.0,81.95
2022,Male,1800.0,81.967
2022,Male,1801.0,81.983
2022,Male,1803.0,82.05
2022,Male,1805.0,82.15
2022,Male,1809.0,82.267
2022,Male,1812.0,82.317
2022,Male,1813.0,82.35
2022,Male,1815.0,82.517
2022,Male,1817.0,82.567
2022,Male,1821.0,82.717
2022,Male,1823.0,82.733
2022,Male,1824.0,82.75
2022,Male,1825.0,82.767
2022,Male,1826.0,82.85
2022,Male,1826.0,82.85
2022,Male,1828.0,82.9
2022,Male,1831.0,83.0
2022,Male,1831.0,83.0
2022,Male,1833.0,83.017
2022,Male,1834.0,83.083
2022,Male,1836.0,83.117
2022,Male,1837.0,83.133
2022,Male,1838.0,83.15
2022,Male,1841.0,83.217
2022,Male,1843.0,83.267
2022,Male,1845.0,83.367
2022,Male,1846.0,83.417
2022,Male,1850.0,83.633
2022,Male,1852.0,83.733
2022,Male,1853.0,83.75
2022,Male,1854.0,83.783
2022,Male,1855.0,83.8
2022,Male,1860.0,83.817
2022,Male,1862.0,84.217
2022,Male,1862.0,84.217
2022,Male,1864.0,84.233
2022,Male,1866.0,84.267
2022,Male,1869.0,84.483
2022,Male,1870.0,84.55
2022,Male,1871.0,84.567
2022,Male,1872.0,84.6
2022,Male,1873.0,84.65
2022,Male,1874.0,84.667
2022,Male,1876.0,84.717
2022,Male,1878.0,84.85
2022,Male,1879.0,84.933
2022,Male,1880.0,84.983
2022,Male,1881.0,85.05
2022,Male,1882.0,85.083
2022,Male,1884.0,85.117
2022,Male,1885.0,85.267
2022,Male,1887.0,85.317
2022,Male,1889.0,85.35
2022,Male,1891.0,85.433
2022,Male,1893.0,85.45
2022,Male,1896.0,85.533
2022,Male,1896.0,85.533
2022,Male,1899.0,85.633
2022,Male,1900.0,85.65
2022,Male,1900.0,85.65
2022,Male,1903.0,85.817
2022,Male,1904.0,86.017
2022,Male,1909.0,86.317
2022,Male,1909.0,86.317
2022,Male,1913.0,86.4
2022,Male,1914.0,86.417
2022,Male,1915.0,86.45
2022,Male,1917.0,86.533
2022,Male,1918.0,86.55
2022,Male,1919.0,86.917
2022,Male,1920.0,86.983
2022,Male,1923.0,87.15
2022,Male,1925.0,87.183
2022,Male,1926.0,87.2
2022,Male,1929.0,87.367
2022,Male,1930.0,87.433
2022,Male,1932.0,87.567
2022,Male,1932.0,87.567
2022,Male,1934.0,87.583
2022,Male,1935.0,87.6
2022,Male,1936.0,87.633
2022,Male,1937.0,87.65
2022,Male,1941.0,87.767
2022,Male,1945.0,88.367
2022,Male,1945.0,88.367
2022,Male,1947.0,88.383
2022,Male,1948.0,88.417
2022,Male,1950.0,88.517
2022,Male,1954.0,88.65
2022,Male,1954.0,88.65
2022,Male,1958.0,88.9
2022,Male,1959.0,88.95
2022,Male,1960.0,89.133
2022,Male,1961.0,89.167
2022,Male,1962.0,89.217
2022,Male,1963.0,89.267
2022,Male,1964.0,89.383
2022,Male,1965.0,89.417
2022,Male,1971.0,89.6
2022,Male,1972.0,89.683
2022,Male,1973.0,89.717
2022,Male,1974.0,89.767
2022,Male,1976.0,89.9
2022,Male,1978.0,90.033
2022,Male,1982.0,90.4
2022,Male,1983.0,90.533
2022,Male,1987.0,90.917
2022,Male,1988.0,91.083
2022,Male,1989.0,91.133
2022,Male,1991.0,91.283
2022,Male,1992.0,91.333
2022,Male,1994.0,91.633
2022,Male,1996.0,91.767
2022,Male,1999.0,91.867
2022,Male,2006.0,93.217
2022,Male,2007.0,93.267
2022,Male,2008.0,93.517
2022,Male,2010.0,93.75
2022,Male,2011.0,93.767
2022,Male,2013.0,94.0
2022,Male,2014.0,94.25
2022,Male,2015.0,94.333
2022,Male,2016.0,94.933
2022,Male,2017.0,95.533
2022,Male,2018.0,95.583
2022,Male,2018.0,95.583
2022,Male,2020.0,95.783
2022,Male,2021.0,96.383
2022,Male,2022.0,96.567
2022,Male,2024.0,97.217
2022,Male,2027.0,97.483
2022,Male,2028.0,97.617
2022,Male,2029.0,97.733
2022,Male,2030.0,97.767
2022,Male,2031.0,97.883
2022,Male,2034.0,97.967
2022,Male,2036.0,98.65
2022,Male,2037.0,98.9
2022,Male,2040.0,99.833
2022,Male,2044.0,100.15
2022,Male,2049.0,102.35
2022,Male,2050.0,102.767
2022,Male,2051.0,102.8
2022,Male,2058.0,106.467
2022,Male,2059.0,106.533
2022,Male,2060.0,114.233
2022,Male,2061.0,114.55
2022,Male,2064.0,139.6
2022,Female,2.0,48.233
2022,Female,7.0,48.983
2022,Female,11.0,51.017
2022,Female,15.0,52.333
2022,Female,24.0,52.917
2022,Female,25.0,52.933
2022,Female,30.0,53.267
2022,Female,37.0,54.45
2022,Female,38.0,54.467
2022,Female,42.0,54.833
2022,Female,49.0,55.2
2022,Female,52.0,55.383
2022,Female,54.0,55.467
2022,Female,62.0,56.417
2022,Female,63.0,56.517
2022,Female,67.0,56.833
2022,Female,68.0,56.867
2022,Female,86.0,57.983
2022,Female,93.0,58.35
2022,Female,97.0,58.683
2022,Female,104.0,58.95
2022,Female,112.0,59.35
2022,Female,133.0,60.15
2022,Female,135.0,60.2
2022,Female,142.0,60.4
2022,Female,144.0,60.55
2022,Female,145.0,60.567
2022,Female,147.0,60.683
2022,Female,151.0,60.8
2022,Female,158.0,61.05
2022,Female,159.0,61.1
2022,Female,166.0,61.383
2022,Female,184.0,62.083
2022,Female,185.0,62.1
2022,Female,196.0,62.317
2022,Female,197.0,62.383
2022,Female,197.0,62.383
2022,Female,202.0,62.467
2022,Female,209.0,62.6
2022,Female,211.0,62.65
2022,Female,218.0,62.867
2022,Female,224.0,63.017
2022,Female,226.0,63.1
2022,Female,228.0,63.117
2022,Female,231.0,63.217
2022,Female,234.0,63.267
2022,Female,238.0,63.3
2022,Female,241.0,63.35
2022,Female,243.0,63.383
2022,Female,250.0,63.533
2022,Female,261.0,63.783
2022,Female,269.0,63.933
2022,Female,273.0,63.95
2022,Female,278.0,64.083
2022,Female,282.0,64.15
2022,Female,288.0,64.283
2022,Female,289.0,64.367
2022,Female,290.0,64.4
2022,Female,290.0,64.4
2022,Female,294.0,64.467
2022,Female,308.0,64.667
2022,Female,329.0,65.083
2022,Female,338.0,65.217
2022,Female,351.0,65.45
2022,Female,357.0,65.517
2022,Female,357.0,65.517
2022,Female,361.0,65.567
2022,Female,364.0,65.633
2022,Female,366.0,65.65
2022,Female,368.0,65.683
2022,Female,371.0,65.767
2022,Female,378.0,65.867
2022,Female,387.0,66.117
2022,Female,387.0,66.117
2022,Female,398.0,66.233
2022,Female,404.0,66.35
2022,Female,408.0,66.383
2022,Female,410.0,66.4
2022,Female,416.0,66.517
2022,Female,418.0,66.6
2022,Female,422.0,66.633
2022,Female,431.0,66.7
2022,Female,438.0,66.8
2022,Female,438.0,66.8
2022,Female,448.0,66.967
2022,Female,449.0,66.983
2022,Female,457.0,67.033
2022,Female,465.0,67.117
2022,Female,467.0,67.133
2022,Female,468.0,67.15
2022,Female,475.0,67.267
2022,Female,475.0,67.267
2022,Female,481.0,67.333
2022,Female,483.0,67.4
2022,Female,495.0,67.517
2022,Female,499.0,67.567
2022,Female,499.0,67.567
2022,Female,505.0,67.6
2022,Female,505.0,67.6
2022,Female,516.0,67.683
2022,Female,523.0,67.75
2022,Female,529.0,67.783
2022,Female,544.0,67.983
2022,Female,544.0,67.983
2022,Female,548.0,68.017
2022,Female,553.0,68.083
2022,Female,555.0,68.117
2022,Female,560.0,68.183
2022,Female,563.0,68.233
2022,Female,564.0,68.25
2022,Female,570.0,68.283
2022,Female,580.0,68.4
2022,Female,580.0,68.4
2022,Female,605.0,68.667
2022,Female,614.0,68.717
2022,Female,626.0,68.867
2022,Female,628.0,68.9
2022,Female,635.0,69.017
2022,Female,638.0,69.033
2022,Female,639.0,69.05
2022,Female,657.0,69.217
2022,Female,658.0,69.233
2022,Female,658.0,69.233
2022,Female,662.0,69.283
2022,Female,662.0,69.283
2022,Female,666.0,69.3
2022,Female,668.0,69.333
2022,Female,675.0,69.383
2022,Female,678.0,69.433
2022,Female,682.0,69.45
2022,Female,687.0,69.467
2022,Female,689.0,69.483
2022,Female,700.0,69.617
2022,Female,702.0,69.633
2022,Female,702.0,69.633
2022,Female,702.0,69.633
2022,Female,705.0,69.65
2022,Female,708.0,69.683
2022,Female,716.0,69.733
2022,Female,716.0,69.733
2022,Female,716.0,69.733
2022,Female,730.0,69.833
2022,Female,732.0,69.85
2022,Female,739.0,69.9
2022,Female,751.0,70.017
2022,Female,761.0,70.117
2022,Female,763.0,70.133
2022,Female,769.0,70.167
2022,Female,777.0,70.283
2022,Female,777.0,70.283
2022,Female,782.0,70.317
2022,Female,791.0,70.433
2022,Female,792.0,70.45
2022,Female,795.0,70.467
2022,Female,795.0,70.467
2022,Female,804.0,70.517
2022,Female,810.0,70.567
2022,Female,812.0,70.583
2022,Female,815.0,70.617
2022,Female,819.0,70.633
2022,Female,822.0,70.65
2022,Female,825.0,70.7
2022,Female,838.0,70.8
2022,Female,840.0,70.833
2022,Female,843.0,70.85
2022,Female,844.0,70.883
2022,Female,854.0,70.967
2022,Female,857.0,71.017
2022,Female,862.0,71.067
2022,Female,862.0,71.067
2022,Female,866.0,71.083
2022,Female,869.0,71.1
2022,Female,877.0,71.2
2022,Female,877.0,71.2
2022,Female,884.0,71.267
2022,Female,886.0,71.283
2022,Female,890.0,71.317
2022,Female,893.0,71.333
2022,Female,894.0,71.35
2022,Female,905.0,71.433
2022,Female,905.0,71.433
2022,Female,909.0,71.467
2022,Female,916.0,71.517
2022,Female,916.0,71.517
2022,Female,921.0,71.55
2022,Female,923.0,71.567
2022,Female,926.0,71.6
2022,Female,932.0,71.65
2022,Female,932.0,71.65
2022,Female,939.0,71.7
2022,Female,939.0,71.7
2022,Female,947.0,71.75
2022,Female,953.0,71.783
2022,Female,960.0,71.85
2022,Female,963.0,71.883
2022,Female,967.0,71.917
2022,Female,968.0,71.933
2022,Female,970.0,71.95
2022,Female,972.0,71.967
2022,Female,977.0,72.0
2022,Female,977.0,72.0
2022,Female,984.0,72.117
2022,Female,987.0,72.15
2022,Female,987.0,72.15
2022,Female,998.0,72.2
2022,Female,1003.0,72.25
2022,Female,1008.0,72.267
2022,Female,1008.0,72.267
2022,Female,1013.0,72.3
2022,Female,1016.0,72.367
2022,Female,1019.0,72.383
2022,Female,1025.0,72.417
2022,Female,1025.0,72.417
2022,Female,1039.0,72.5
2022,Female,1041.0,72.517
2022,Female,1047.0,72.617
2022,Female,1048.0,72.633
2022,Female,1050.0,72.65
2022,Female,1056.0,72.7
2022,Female,1057.0,72.717
2022,Female,1058.0,72.733
2022,Female,1058.0,72.733
2022,Female,1065.0,72.817
2022,Female,1066.0,72.833
2022,Female,1070.0,72.867
2022,Female,1070.0,72.867
2022,Female,1074.0,72.9
2022,Female,1076.0,72.917
2022,Female,1077.0,72.933
2022,Female,1082.0,72.95
2022,Female,1083.0,72.983
2022,Female,1083.0,72.983
2022,Female,1083.0,72.983
2022,Female,1088.0,73.033
2022,Female,1090.0,73.067
2022,Female,1095.0,73.1
2022,Female,1095.0,73.1
2022,Female,1099.0,73.117
2022,Female,1099.0,73.117
2022,Female,1105.0,73.167
2022,Female,1107.0,73.2
2022,Female,1110.0,73.217
2022,Female,1115.0,73.25
2022,Female,1122.0,73.35
2022,Female,1125.0,73.383
2022,Female,1128.0,73.4
2022,Female,1131.0,73.433
2022,Female,1134.0,73.45
2022,Female,1136.0,73.483
2022,Female,1136.0,73.483
2022,Female,1138.0,73.517
2022,Female,1145.0,73.633
2022,Female,1152.0,73.667
2022,Female,1155.0,73.7
2022,Female,1159.0,73.767
2022,Female,1159.0,73.767
2022,Female,1165.0,73.817
2022,Female,1170.0,73.833
2022,Female,1173.0,73.867
2022,Female,1173.0,73.867
2022,Female,1177.0,73.883
2022,Female,1179.0,73.9
2022,Female,1186.0,73.95
2022,Female,1192.0,73.983
2022,Female,1192.0,73.983
2022,Female,1200.0,74.017
2022,Female,1202.0,74.067
2022,Female,1204.0,74.117
2022,Female,1204.0,74.117
2022,Female,1208.0,74.133
2022,Female,1208.0,74.133
2022,Female,1215.0,74.2
2022,Female,1216.0,74.217
2022,Female,1234.0,74.35
2022,Female,1235.0,74.367
2022,Female,1235.0,74.367
2022,Female,1238.0,74.383
2022,Female,1238.0,74.383
2022,Female,1240.0,74.4
2022,Female,1242.0,74.417
2022,Female,1243.0,74.433
2022,Female,1245.0,74.45
2022,Female,1245.0,74.45
2022,Female,1250.0,74.467
2022,Female,1250.0,74.467
2022,Female,1264.0,74.55
2022,Female,1270.0,74.633
2022,Female,1272.0,74.65
2022,Female,1275.0,74.683
2022,Female,1283.0,74.783
2022,Female,1283.0,74.783
2022,Female,1283.0,74.783
2022,Female,1287.0,74.817
2022,Female,1291.0,74.85
2022,Female,1298.0,74.9
2022,Female,1299.0,74.917
2022,Female,1303.0,74.967
2022,Female,1306.0,74.983
2022,Female,1310.0,75.033
2022,Female,1310.0,75.033
2022,Female,1318.0,75.117
2022,Female,1320.0,75.133
2022,Female,1321.0,75.15
2022,Female,1323.0,75.167
2022,Female,1325.0,75.2
2022,Female,1327.0,75.217
2022,Female,1330.0,75.25
2022,Female,1331.0,75.267
2022,Female,1334.0,75.283
2022,Female,1339.0,75.333
2022,Female,1342.0,75.367
2022,Female,1342.0,75.367
2022,Female,1349.0,75.4
2022,Female,1352.0,75.433
2022,Female,1355.0,75.467
2022,Female,1358.0,75.517
2022,Female,1365.0,75.6
2022,Female,1368.0,75.617
2022,Female,1372.0,75.683
2022,Female,1372.0,75.683
2022,Female,1372.0,75.683
2022,Female,1378.0,75.717
2022,Female,1381.0,75.75
2022,Female,1384.0,75.767
2022,Female,1387.0,75.8
2022,Female,1393.0,75.9
2022,Female,1396.0,75.917
2022,Female,1396.0,75.917
2022,Female,1399.0,75.933
2022,Female,1409.0,76.083
2022,Female,1417.0,76.167
2022,Female,1421.0,76.2
2022,Female,1421.0,76.2
2022,Female,1430.0,76.267
2022,Female,1434.0,76.283
2022,Female,1434.0,76.283
2022,Female,1436.0,76.317
2022,Female,1447.0,76.467
2022,Female,1451.0,76.55
2022,Female,1451.0,76.55
2022,Female,1454.0,76.583
2022,Female,1460.0,76.617
2022,Female,1463.0,76.633
2022,Female,1468.0,76.683
2022,Female,1472.0,76.717
2022,Female,1478.0,76.767
2022,Female,1481.0,76.817
2022,Female,1481.0,76.817
2022,Female,1486.0,76.85
2022,Female,1488.0,76.867
2022,Female,1496.0,76.967
2022,Female,1499.0,77.0
2022,Female,1501.0,77.033
2022,Female,1503.0,77.05
2022,Female,1506.0,77.083
2022,Female,1506.0,77.083
2022,Female,1509.0,77.15
2022,Female,1518.0,77.317
2022,Female,1522.0,77.333
2022,Female,1523.0,77.35
2022,Female,1525.0,77.383
2022,Female,1528.0,77.417
2022,Female,1533.0,77.467
2022,Female,1539.0,77.567
2022,Female,1542.0,77.65
2022,Female,1543.0,77.667
2022,Female,1543.0,77.667
2022,Female,1546.0,77.683
2022,Female,1546.0,77.683
2022,Female,1546.0,77.683
2022,Female,1549.0,77.717
2022,Female,1549.0,77.717
2022,Female,1555.0,77.8
2022,Female,1555.0,77.8
2022,Female,1558.0,77.817
2022,Female,1559.0,77.833
2022,Female,1560.0,77.85
2022,Female,1561.0,77.867
2022,Female,1567.0,77.933
2022,Female,1568.0,77.95
2022,Female,1572.0,78.0
2022,Female,1575.0,78.033
2022,Female,1577.0,78.05
2022,Female,1577.0,78.05
2022,Female,1580.0,78.083
2022,Female,1583.0,78.1
2022,Female,1586.0,78.133
2022,Female,1589.0,78.183
2022,Female,1589.0,78.183
2022,Female,1592.0,78.2
2022,Female,1595.0,78.267
2022,Female,1595.0,78.267
2022,Female,1599.0,78.283
2022,Female,1602.0,78.333
2022,Female,1606.0,78.383
2022,Female,1612.0,78.433
2022,Female,1613.0,78.45
2022,Female,1616.0,78.5
2022,Female,1618.0,78.55
2022,Female,1620.0,78.567
2022,Female,1620.0,78.567
2022,Female,1620.0,78.567
2022,Female,1626.0,78.633
2022,Female,1626.0,78.633
2022,Female,1630.0,78.7
2022,Female,1633.0,78.767
2022,Female,1634.0,78.783
2022,Female,1637.0,78.8
2022,Female,1640.0,78.917
2022,Female,1642.0,78.983
2022,Female,1645.0,79.067
2022,Female,1646.0,79.083
2022,Female,1647.0,79.1
2022,Female,1649.0,79.117
2022,Female,1649.0,79.117
2022,Female,1658.0,79.183
2022,Female,1661.0,79.2
2022,Female,1662.0,79.217
2022,Female,1663.0,79.233
2022,Female,1666.0,79.333
2022,Female,1669.0,79.417
2022,Female,1670.0,79.433
2022,Female,1670.0,79.433
2022,Female,1681.0,79.633
2022,Female,1686.0,79.683
2022,Female,1688.0,79.767
2022,Female,1688.0,79.767
2022,Female,1690.0,79.783
2022,Female,1693.0,79.85
2022,Female,1698.0,79.933
2022,Female,1699.0,80.033
2022,Female,1699.0,80.033
2022,Female,1705.0,80.083
2022,Female,1705.0,80.083
2022,Female,1708.0,80.117
2022,Female,1708.0,80.117
2022,Female,1708.0,80.117
2022,Female,1713.0,80.183
2022,Female,1715.0,80.233
2022,Female,1718.0,80.283
2022,Female,1720.0,80.317
2022,Female,1724.0,80.483
2022,Female,1729.0,80.567
2022,Female,1733.0,80.6
2022,Female,1737.0,80.733
2022,Female,1737.0,80.733
2022,Female,1749.0,80.983
2022,Female,1750.0,81.0
2022,Female,1751.0,81.017
2022,Female,1753.0,81.033
2022,Female,1755.0,81.133
2022,Female,1757.0,81.183
2022,Female,1758.0,81.2
2022,Female,1763.0,81.267
2022,Female,1765.0,81.3
2022,Female,1765.0,81.3
2022,Female,1767.0,81.35
2022,Female,1767.0,81.35
2022,Female,1772.0,81.383
2022,Female,1774.0,81.417
2022,Female,1774.0,81.417
2022,Female,1779.0,81.467
2022,Female,1781.0,81.55
2022,Female,1785.0,81.7
2022,Female,1785.0,81.7
2022,Female,1789.0,81.783
2022,Female,1793.0,81.883
2022,Female,1798.0,81.95
2022,Female,1802.0,82.0
2022,Female,1804.0,82.1
2022,Female,1806.0,82.167
2022,Female,1807.0,82.183
2022,Female,1808.0,82.217
2022,Female,1809.0,82.267
2022,Female,1811.0,82.283
2022,Female,1814.0,82.417
2022,Female,1815.0,82.517
2022,Female,1818.0,82.617
2022,Female,1819.0,82.633
2022,Female,1820.0,82.7
2022,Female,1821.0,82.717
2022,Female,1829.0,82.95
2022,Female,1830.0,82.967
2022,Female,1834.0,83.083
2022,Female,1839.0,83.167
2022,Female,1840.0,83.183
2022,Female,1841.0,83.217
2022,Female,1843.0,83.267
2022,Female,1847.0,83.583
2022,Female,1847.0,83.583
2022,Female,1849.0,83.617
2022,Female,1850.0,83.633
2022,Female,1855.0,83.8
2022,Female,1855.0,83.8
2022,Female,1855.0,83.8
2022,Female,1855.0,83.8
2022,Female,1861.0,83.967
2022,Female,1864.0,84.233
2022,Female,1867.0,84.367
2022,Female,1868.0,84.383
2022,Female,1874.0,84.667
2022,Female,1876.0,84.717
2022,Female,1883.0,85.1
2022,Female,1885.0,85.267
2022,Female,1888.0,85.333
2022,Female,1890.0,85.4
2022,Female,1891.0,85.433
2022,Female,1894.0,85.483
2022,Female,1894.0,85.483
2022,Female,1898.0,85.567
2022,Female,1902.0,85.717
2022,Female,1904.0,86.017
2022,Female,1906.0,86.117
2022,Female,1907.0,86.233
2022,Female,1907.0,86.233
2022,Female,1911.0,86.367
2022,Female,1911.0,86.367
2022,Female,1915.0,86.45
2022,Female,1921.0,87.033
2022,Female,1922.0,87.067
2022,Female,1923.0,87.15
2022,Female,1927.0,87.267
2022,Female,1928.0,87.317
2022,Female,1931.0,87.483
2022,Female,1937.0,87.65
2022,Female,1939.0,87.683
2022,Female,1940.0,87.717
2022,Female,1942.0,87.883
2022,Female,1943.0,88.3
2022,Female,1944.0,88.35
2022,Female,1949.0,88.5
2022,Female,1951.0,88.533
2022,Female,1952.0,88.55
2022,Female,1953.0,88.633
2022,Female,1956.0,88.733
2022,Female,1957.0,88.817
2022,Female,1966.0,89.467
2022,Female,1967.0,89.483
2022,Female,1968.0,89.5
2022,Female,1969.0,89.533
2022,Female,1969.0,89.533
2022,Female,1975.0,89.883
2022,Female,1977.0,89.967
2022,Female,1979.0,90.2
2022,Female,1979.0,90.2
2022,Female,1981.0,90.267
2022,Female,1984.0,90.65
2022,Female,1984.0,90.65
2022,Female,1986.0,90.733
2022,Female,1990.0,91.25
2022,Female,1993.0,91.367
2022,Female,1995.0,91.733
2022,Female,1996.0,91.767
2022,Female,1998.0,91.833
2022,Female,2000.0,92.0
2022,Female,2001.0,92.183
2022,Female,2002.0,92.35
2022,Female,2003.0,92.45
2022,Female,2004.0,92.533
2022,Female,2005.0,92.733
2022,Female,2008.0,93.517
2022,Female,2012.0,93.95
2022,Female,2023.0,96.9
2022,Female,2024.0,97.217
2022,Female,2026.0,97.3
2022,Female,2031.0,97.883
2022,Female,2033.0,97.933
2022,Female,2035.0,98.15
2022,Female,2038.0,99.7
2022,Female,2039.0,99.8
2022,Female,2041.0,99.933
2022,Female,2042.0,99.967
2022,Female,2042.0,99.967
2022,Female,2045.0,100.3
2022,Female,2046.0,101.383
2022,Female,2047.0,101.55
2022,Female,2048.0,101.867
2022,Female,2052.0,103.983
2022,Female,2053.0,104.167
2022,Female,2054.0,104.383
2022,Female,2055.0,106.067
2022,Female,2056.0,106.317
2022,Female,2057.0,106.433
2022,Female,2062.0,117.583
2022,Female,2063.0,126.35
2023,Male,1.0,41.367
2023,Male,3.0,43.517
2023,Male,4.0,43.733
2023,Male,5.0,43.833
2023,Male,9.0,44.867
2023,Male,10.0,45.267
2023,Male,11.0,45.417
2023,Male,12.0,45.6
2023,Male,13.0,45.667
2023,Male,15.0,45.917
2023,Male,16.0,45.95
2023,Male,17.0,46.367
2023,Male,18.0,46.467
2023,Male,22.0,46.933
2023,Male,23.0,46.95
2023,Male,26.0,47.05
2023,Male,27.0,47.117
2023,Male,28.0,47.233
2023,Male,29.0,47.317
2023,Male,30.0,47.35
2023,Male,31.0,47.417
2023,Male,32.0,47.433
2023,Male,33.0,47.55
2023,Male,34.0,47.583
2023,Male,35.0,47.667
2023,Male,37.0,48.067
2023,Male,38.0,48.233
2023,Male,39.0,48.267
2023,Male,39.0,48.267
2023,Male,41.0,48.333
2023,Male,43.0,48.45
2023,Male,44.0,48.667
2023,Male,45.0,48.733
2023,Male,45.0,48.733
2023,Male,50.0,48.967
2023,Male,50.0,48.967
2023,Male,52.0,49.0
2023,Male,53.0,49.017
2023,Male,54.0,49.05
2023,Male,57.0,49.167
2023,Male,58.0,49.383
2023,Male,59.0,49.483
2023,Male,59.0,49.483
2023,Male,61.0,49.5
2023,Male,63.0,49.65
2023,Male,64.0,49.683
2023,Male,65.0,49.7
2023,Male,66.0,49.717
2023,Male,67.0,49.733
2023,Male,68.0,49.783
2023,Male,68.0,49.783
2023,Male,70.0,49.817
2023,Male,72.0,49.967
2023,Male,73.0,50.017
2023,Male,73.0,50.017
2023,Male,76.0,50.083
2023,Male,76.0,50.083
2023,Male,78.0,50.2
2023,Male,79.0,50.217
2023,Male,81.0,50.283
2023,Male,82.0,50.367
2023,Male,83.0,50.383
2023,Male,85.0,50.45
2023,Male,86.0,50.517
2023,Male,87.0,50.567
2023,Male,88.0,50.75
2023,Male,89.0,50.767
2023,Male,90.0,50.85
2023,Male,91.0,50.883
2023,Male,92.0,50.933
2023,Male,93.0,50.95
2023,Male,96.0,51.067
2023,Male,97.0,51.367
2023,Male,97.0,51.367
2023,Male,99.0,51.45
2023,Male,100.0,51.5
2023,Male,101.0,51.517
2023,Male,102.0,51.633
2023,Male,103.0,51.683
2023,Male,104.0,51.75
2023,Male,106.0,51.783
2023,Male,106.0,51.783
2023,Male,108.0,51.817
2023,Male,109.0,51.833
2023,Male,110.0,51.85
2023,Male,112.0,51.917
2023,Male,114.0,51.983
2023,Male,115.0,52.033
2023,Male,116.0,52.05
2023,Male,119.0,52.15
2023,Male,120.0,52.233
2023,Male,121.0,52.267
2023,Male,123.0,52.317
2023,Male,123.0,52.317
2023,Male,125.0,52.333
2023,Male,126.0,52.35
2023,Male,127.0,52.4
2023,Male,128.0,52.483
2023,Male,129.0,52.533
2023,Male,130.0,52.55
2023,Male,130.0,52.55
2023,Male,132.0,52.567
2023,Male,134.0,52.65
2023,Male,134.0,52.65
2023,Male,136.0,52.667
2023,Male,136.0,52.667
2023,Male,136.0,52.667
2023,Male,139.0,52.683
2023,Male,140.0,52.7
2023,Male,141.0,52.767
2023,Male,143.0,52.783
2023,Male,144.0,52.8
2023,Male,146.0,52.817
2023,Male,146.0,52.817
2023,Male,148.0,52.833
2023,Male,149.0,52.867
2023,Male,149.0,52.867
2023,Male,153.0,52.9
2023,Male,154.0,52.917
2023,Male,155.0,52.95
2023,Male,157.0,52.983
2023,Male,157.0,52.983
2023,Male,159.0,53.033
2023,Male,160.0,53.05
2023,Male,161.0,53.083
2023,Male,162.0,53.1
2023,Male,164.0,53.183
2023,Male,165.0,53.217
2023,Male,167.0,53.233
2023,Male,168.0,53.25
2023,Male,169.0,53.267
2023,Male,170.0,53.367
2023,Male,171.0,53.383
2023,Male,172.0,53.433
2023,Male,174.0,53.467
2023,Male,174.0,53.467
2023,Male,176.0,53.5
2023,Male,177.0,53.517
2023,Male,178.0,53.567
2023,Male,180.0,53.6
2023,Male,181.0,53.633
2023,Male,182.0,53.65
2023,Male,183.0,53.683
2023,Male,184.0,53.7
2023,Male,185.0,53.717
2023,Male,186.0,53.733
2023,Male,187.0,53.783
2023,Male,188.0,53.8
2023,Male,189.0,53.867
2023,Male,190.0,53.883
2023,Male,191.0,53.9
2023,Male,192.0,53.917
2023,Male,193.0,53.967
2023,Male,194.0,54.017
2023,Male,195.0,54.067
2023,Male,196.0,54.167
2023,Male,198.0,54.183
2023,Male,198.0,54.183
2023,Male,201.0,54.25
2023,Male,202.0,54.333
2023,Male,203.0,54.367
2023,Male,205.0,54.417
2023,Male,205.0,54.417
2023,Male,207.0,54.433
2023,Male,207.0,54.433
2023,Male,209.0,54.483
2023,Male,210.0,54.5
2023,Male,211.0,54.533
2023,Male,211.0,54.533
2023,Male,211.0,54.533
2023,Male,214.0,54.583
2023,Male,214.0,54.583
2023,Male,216.0,54.617
2023,Male,217.0,54.633
2023,Male,217.0,54.633
2023,Male,217.0,54.633
2023,Male,220.0,54.65
2023,Male,221.0,54.717
2023,Male,222.0,54.75
2023,Male,222.0,54.75
2023,Male,224.0,54.767
2023,Male,224.0,54.767
2023,Male,226.0,54.783
2023,Male,227.0,54.8
2023,Male,229.0,54.85
2023,Male,230.0,54.883
2023,Male,230.0,54.883
2023,Male,230.0,54.883
2023,Male,230.0,54.883
2023,Male,234.0,54.917
2023,Male,235.0,54.983
2023,Male,236.0,55.0
2023,Male,237.0,55.05
2023,Male,238.0,55.117
2023,Male,238.0,55.117
2023,Male,240.0,55.133
2023,Male,240.0,55.133
2023,Male,242.0,55.217
2023,Male,242.0,55.217
2023,Male,244.0,55.25
2023,Male,246.0,55.3
2023,Male,246.0,55.3
2023,Male,249.0,55.317
2023,Male,249.0,55.317
2023,Male,251.0,55.333
2023,Male,252.0,55.367
2023,Male,253.0,55.4
2023,Male,253.0,55.4
2023,Male,256.0,55.417
2023,Male,256.0,55.417
2023,Male,259.0,55.433
2023,Male,259.0,55.433
2023,Male,262.0,55.517
2023,Male,264.0,55.567
2023,Male,266.0,55.6
2023,Male,266.0,55.6
2023,Male,268.0,55.65
2023,Male,268.0,55.65
2023,Male,270.0,55.667
2023,Male,272.0,55.75
2023,Male,273.0,55.767
2023,Male,274.0,55.783
2023,Male,275.0,55.8
2023,Male,276.0,55.833
2023,Male,277.0,55.85
2023,Male,278.0,55.883
2023,Male,279.0,55.9
2023,Male,279.0,55.9
2023,Male,281.0,55.933
2023,Male,281.0,55.933
2023,Male,283.0,55.95
2023,Male,285.0,55.967
2023,Male,287.0,55.983
2023,Male,288.0,56.017
2023,Male,288.0,56.017
2023,Male,290.0,56.033
2023,Male,292.0,56.05
2023,Male,292.0,56.05
2023,Male,292.0,56.05
2023,Male,296.0,56.1
2023,Male,297.0,56.133
2023,Male,297.0,56.133
2023,Male,299.0,56.167
2023,Male,299.0,56.167
2023,Male,304.0,56.233
2023,Male,304.0,56.233
2023,Male,307.0,56.283
2023,Male,308.0,56.317
2023,Male,310.0,56.35
2023,Male,311.0,56.367
2023,Male,311.0,56.367
2023,Male,316.0,56.45
2023,Male,317.0,56.467
2023,Male,318.0,56.483
2023,Male,318.0,56.483
2023,Male,320.0,56.517
2023,Male,321.0,56.533
2023,Male,321.0,56.533
2023,Male,321.0,56.533
2023,Male,321.0,56.533
2023,Male,325.0,56.55
2023,Male,325.0,56.55
2023,Male,327.0,56.567
2023,Male,327.0,56.567
2023,Male,331.0,56.6
2023,Male,333.0,56.617
2023,Male,333.0,56.617
2023,Male,333.0,56.617
2023,Male,333.0,56.617
2023,Male,337.0,56.633
2023,Male,338.0,56.65
2023,Male,338.0,56.65
2023,Male,340.0,56.667
2023,Male,341.0,56.7
2023,Male,342.0,56.717
2023,Male,342.0,56.717
2023,Male,344.0,56.733
2023,Male,344.0,56.733
2023,Male,344.0,56.733
2023,Male,347.0,56.75
2023,Male,349.0,56.783
2023,Male,349.0,56.783
2023,Male,351.0,56.8
2023,Male,352.0,56.817
2023,Male,355.0,56.85
2023,Male,355.0,56.85
2023,Male,355.0,56.85
2023,Male,355.0,56.85
2023,Male,359.0,56.9
2023,Male,360.0,56.917
2023,Male,360.0,56.917
2023,Male,360.0,56.917
2023,Male,363.0,56.933
2023,Male,365.0,56.967
2023,Male,366.0,56.983
2023,Male,366.0,56.983
2023,Male,369.0,57.083
2023,Male,371.0,57.1
2023,Male,372.0,57.117
2023,Male,372.0,57.117
2023,Male,375.0,57.167
2023,Male,375.0,57.167
2023,Male,378.0,57.217
2023,Male,378.0,57.217
2023,Male,380.0,57.233
2023,Male,380.0,57.233
2023,Male,384.0,57.283
2023,Male,385.0,57.3
2023,Male,386.0,57.317
2023,Male,386.0,57.317
2023,Male,388.0,57.333
2023,Male,388.0,57.333
2023,Male,390.0,57.35
2023,Male,391.0,57.367
2023,Male,392.0,57.383
2023,Male,393.0,57.4
2023,Male,394.0,57.417
2023,Male,395.0,57.433
2023,Male,396.0,57.45
2023,Male,397.0,57.467
2023,Male,397.0,57.467
2023,Male,397.0,57.467
2023,Male,401.0,57.483
2023,Male,402.0,57.5
2023,Male,402.0,57.5
2023,Male,402.0,57.5
2023,Male,402.0,57.5
2023,Male,402.0,57.5
2023,Male,407.0,57.517
2023,Male,408.0,57.55
2023,Male,409.0,57.567
2023,Male,411.0,57.583
2023,Male,411.0,57.583
2023,Male,413.0,57.633
2023,Male,414.0,57.65
2023,Male,415.0,57.7
2023,Male,416.0,57.717
2023,Male,416.0,57.717
2023,Male,421.0,57.783
2023,Male,422.0,57.8
2023,Male,424.0,57.833
2023,Male,424.0,57.833
2023,Male,424.0,57.833
2023,Male,424.0,57.833
2023,Male,424.0,57.833
2023,Male,424.0,57.833
2023,Male,430.0,57.85
2023,Male,430.0,57.85
2023,Male,433.0,57.867
2023,Male,433.0,57.867
2023,Male,433.0,57.867
2023,Male,433.0,57.867
2023,Male,437.0,57.883
2023,Male,440.0,57.933
2023,Male,441.0,57.967
2023,Male,442.0,57.983
2023,Male,442.0,57.983
2023,Male,442.0,57.983
2023,Male,445.0,58.0
2023,Male,445.0,58.0
2023,Male,447.0,58.017
2023,Male,447.0,58.017
2023,Male,447.0,58.017
2023,Male,450.0,58.033
2023,Male,450.0,58.033
2023,Male,450.0,58.033
2023,Male,453.0,58.05
2023,Male,454.0,58.067
2023,Male,455.0,58.083
2023,Male,456.0,58.1
2023,Male,458.0,58.117
2023,Male,460.0,58.133
2023,Male,460.0,58.133
2023,Male,460.0,58.133
2023,Male,464.0,58.183
2023,Male,466.0,58.2
2023,Male,468.0,58.217
2023,Male,469.0,58.233
2023,Male,471.0,58.25
2023,Male,471.0,58.25
2023,Male,473.0,58.267
2023,Male,473.0,58.267
2023,Male,473.0,58.267
2023,Male,476.0,58.283
2023,Male,478.0,58.3
2023,Male,478.0,58.3
2023,Male,481.0,58.317
2023,Male,482.0,58.333
2023,Male,483.0,58.35
2023,Male,484.0,58.367
2023,Male,484.0,58.367
2023,Male,487.0,58.4
2023,Male,487.0,58.4
2023,Male,487.0,58.4
2023,Male,487.0,58.4
2023,Male,491.0,58.417
2023,Male,492.0,58.433
2023,Male,492.0,58.433
2023,Male,492.0,58.433
2023,Male,495.0,58.45
2023,Male,495.0,58.45
2023,Male,495.0,58.45
2023,Male,499.0,58.467
2023,Male,499.0,58.467
2023,Male,501.0,58.483
2023,Male,501.0,58.483
2023,Male,503.0,58.5
2023,Male,503.0,58.5
2023,Male,503.0,58.5
2023,Male,503.0,58.5
2023,Male,507.0,58.517
2023,Male,509.0,58.533
2023,Male,509.0,58.533
2023,Male,511.0,58.55
2023,Male,511.0,58.55
2023,Male,511.0,58.55
2023,Male,515.0,58.567
2023,Male,516.0,58.617
2023,Male,516.0,58.617
2023,Male,516.0,58.617
2023,Male,516.0,58.617
2023,Male,516.0,58.617
2023,Male,521.0,58.633
2023,Male,522.0,58.667
2023,Male,524.0,58.683
2023,Male,525.0,58.7
2023,Male,525.0,58.7
2023,Male,527.0,58.717
2023,Male,527.0,58.717
2023,Male,531.0,58.767
2023,Male,531.0,58.767
2023,Male,533.0,58.783
2023,Male,533.0,58.783
2023,Male,536.0,58.817
2023,Male,536.0,58.817
2023,Male,539.0,58.833
2023,Male,540.0,58.85
2023,Male,543.0,58.883
2023,Male,543.0,58.883
2023,Male,545.0,58.9
2023,Male,545.0,58.9
2023,Male,545.0,58.9
2023,Male,545.0,58.9
2023,Male,545.0,58.9
2023,Male,550.0,58.917
2023,Male,551.0,58.933
2023,Male,551.0,58.933
2023,Male,551.0,58.933
2023,Male,554.0,58.95
2023,Male,556.0,58.967
2023,Male,556.0,58.967
2023,Male,559.0,58.983
2023,Male,560.0,59.0
2023,Male,560.0,59.0
2023,Male,560.0,59.0
2023,Male,563.0,59.017
2023,Male,563.0,59.017
2023,Male,563.0,59.017
2023,Male,566.0,59.033
2023,Male,566.0,59.033
2023,Male,568.0,59.05
2023,Male,568.0,59.05
2023,Male,568.0,59.05
2023,Male,571.0,59.067
2023,Male,571.0,59.067
2023,Male,571.0,59.067
2023,Male,575.0,59.083
2023,Male,576.0,59.1
2023,Male,577.0,59.117
2023,Male,578.0,59.133
2023,Male,578.0,59.133
2023,Male,578.0,59.133
2023,Male,581.0,59.15
2023,Male,581.0,59.15
2023,Male,584.0,59.167
2023,Male,584.0,59.167
2023,Male,587.0,59.183
2023,Male,587.0,59.183
2023,Male,587.0,59.183
2023,Male,590.0,59.2
2023,Male,591.0,59.217
2023,Male,591.0,59.217
2023,Male,593.0,59.233
2023,Male,594.0,59.267
2023,Male,594.0,59.267
2023,Male,594.0,59.267
2023,Male,594.0,59.267
2023,Male,598.0,59.283
2023,Male,598.0,59.283
2023,Male,598.0,59.283
2023,Male,598.0,59.283
2023,Male,598.0,59.283
2023,Male,598.0,59.283
2023,Male,605.0,59.333
2023,Male,608.0,59.35
2023,Male,608.0,59.35
2023,Male,611.0,59.367
2023,Male,614.0,59.383
2023,Male,614.0,59.383
2023,Male,614.0,59.383
2023,Male,617.0,59.4
2023,Male,620.0,59.45
2023,Male,620.0,59.45
2023,Male,623.0,59.483
2023,Male,624.0,59.5
2023,Male,624.0,59.5
2023,Male,624.0,59.5
2023,Male,628.0,59.517
2023,Male,630.0,59.567
2023,Male,630.0,59.567
2023,Male,632.0,59.583
2023,Male,633.0,59.6
2023,Male,634.0,59.617
2023,Male,635.0,59.633
2023,Male,636.0,59.683
2023,Male,637.0,59.7
2023,Male,639.0,59.717
2023,Male,640.0,59.733
2023,Male,640.0,59.733
2023,Male,642.0,59.75
2023,Male,643.0,59.767
2023,Male,643.0,59.767
2023,Male,645.0,59.783
2023,Male,645.0,59.783
2023,Male,645.0,59.783
2023,Male,645.0,59.783
2023,Male,645.0,59.783
2023,Male,645.0,59.783
2023,Male,651.0,59.8
2023,Male,651.0,59.8
2023,Male,654.0,59.817
2023,Male,655.0,59.85
2023,Male,656.0,59.883
2023,Male,658.0,59.9
2023,Male,658.0,59.9
2023,Male,660.0,59.917
2023,Male,662.0,59.933
2023,Male,662.0,59.933
2023,Male,662.0,59.933
2023,Male,665.0,59.967
2023,Male,667.0,60.017
2023,Male,668.0,60.033
2023,Male,670.0,60.05
2023,Male,670.0,60.05
2023,Male,670.0,60.05
2023,Male,670.0,60.05
2023,Male,674.0,60.067
2023,Male,674.0,60.067
2023,Male,677.0,60.083
2023,Male,679.0,60.117
2023,Male,679.0,60.117
2023,Male,681.0,60.133
2023,Male,681.0,60.133
2023,Male,686.0,60.15
2023,Male,686.0,60.15
2023,Male,689.0,60.167
2023,Male,691.0,60.183
2023,Male,691.0,60.183
2023,Male,695.0,60.217
2023,Male,696.0,60.233
2023,Male,696.0,60.233
2023,Male,699.0,60.267
2023,Male,699.0,60.267
2023,Male,702.0,60.283
2023,Male,702.0,60.283
2023,Male,702.0,60.283
2023,Male,706.0,60.3
2023,Male,706.0,60.3
2023,Male,706.0,60.3
2023,Male,715.0,60.35
2023,Male,717.0,60.367
2023,Male,718.0,60.383
2023,Male,719.0,60.4
2023,Male,721.0,60.433
2023,Male,723.0,60.45
2023,Male,723.0,60.45
2023,Male,726.0,60.483
2023,Male,726.0,60.483
2023,Male,730.0,60.517
2023,Male,730.0,60.517
2023,Male,730.0,60.517
2023,Male,734.0,60.533
2023,Male,738.0,60.617
2023,Male,738.0,60.617
2023,Male,740.0,60.633
2023,Male,740.0,60.633
2023,Male,742.0,60.65
2023,Male,742.0,60.65
2023,Male,742.0,60.65
2023,Male,747.0,60.667
2023,Male,748.0,60.683
2023,Male,751.0,60.7
2023,Male,752.0,60.717
2023,Male,753.0,60.733
2023,Male,753.0,60.733
2023,Male,753.0,60.733
2023,Male,757.0,60.75
2023,Male,758.0,60.783
2023,Male,759.0,60.8
2023,Male,760.0,60.817
2023,Male,760.0,60.817
2023,Male,764.0,60.833
2023,Male,766.0,60.85
2023,Male,767.0,60.867
2023,Male,767.0,60.867
2023,Male,769.0,60.883
2023,Male,769.0,60.883
2023,Male,769.0,60.883
2023,Male,772.0,60.9
2023,Male,772.0,60.9
2023,Male,772.0,60.9
2023,Male,775.0,60.917
2023,Male,775.0,60.917
2023,Male,775.0,60.917
2023,Male,778.0,60.933
2023,Male,779.0,60.95
2023,Male,779.0,60.95
2023,Male,779.0,60.95
2023,Male,782.0,60.967
2023,Male,783.0,60.983
2023,Male,785.0,61.017
2023,Male,787.0,61.067
2023,Male,787.0,61.067
2023,Male,787.0,61.067
2023,Male,791.0,61.1
2023,Male,791.0,61.1
2023,Male,793.0,61.117
2023,Male,794.0,61.133
2023,Male,794.0,61.133
2023,Male,797.0,61.15
2023,Male,799.0,61.167
2023,Male,800.0,61.183
2023,Male,800.0,61.183
2023,Male,800.0,61.183
2023,Male,800.0,61.183
2023,Male,804.0,61.217
2023,Male,806.0,61.233
2023,Male,806.0,61.233
2023,Male,808.0,61.25
2023,Male,809.0,61.267
2023,Male,810.0,61.283
2023,Male,814.0,61.3
2023,Male,816.0,61.317
2023,Male,816.0,61.317
2023,Male,816.0,61.317
2023,Male,819.0,61.333
2023,Male,821.0,61.35
2023,Male,821.0,61.35
2023,Male,823.0,61.367
2023,Male,823.0,61.367
2023,Male,823.0,61.367
2023,Male,827.0,61.383
2023,Male,827.0,61.383
2023,Male,830.0,61.4
2023,Male,831.0,61.417
2023,Male,832.0,61.433
2023,Male,832.0,61.433
2023,Male,832.0,61.433
2023,Male,835.0,61.45
2023,Male,839.0,61.467
2023,Male,840.0,61.483
2023,Male,840.0,61.483
2023,Male,843.0,61.517
2023,Male,845.0,61.533
2023,Male,846.0,61.567
2023,Male,847.0,61.583
2023,Male,847.0,61.583
2023,Male,850.0,61.6
2023,Male,852.0,61.633
2023,Male,853.0,61.667
2023,Male,853.0,61.667
2023,Male,856.0,61.683
2023,Male,856.0,61.683
2023,Male,856.0,61.683
2023,Male,859.0,61.7
2023,Male,859.0,61.7
2023,Male,859.0,61.7
2023,Male,862.0,61.717
2023,Male,862.0,61.717
2023,Male,862.0,61.717
2023,Male,865.0,61.733
2023,Male,865.0,61.733
2023,Male,865.0,61.733
2023,Male,870.0,61.75
2023,Male,872.0,61.767
2023,Male,872.0,61.767
2023,Male,872.0,61.767
2023,Male,872.0,61.767
2023,Male,876.0,61.783
2023,Male,877.0,61.8
2023,Male,877.0,61.8
2023,Male,877.0,61.8
2023,Male,882.0,61.817
2023,Male,882.0,61.817
2023,Male,885.0,61.833
2023,Male,885.0,61.833
2023,Male,887.0,61.85
2023,Male,887.0,61.85
2023,Male,889.0,61.867
2023,Male,890.0,61.917
2023,Male,890.0,61.917
2023,Male,892.0,61.933
2023,Male,894.0,61.95
2023,Male,894.0,61.95
2023,Male,896.0,61.967
2023,Male,897.0,61.983
2023,Male,897.0,61.983
2023,Male,899.0,62.0
2023,Male,900.0,62.017
2023,Male,900.0,62.017
2023,Male,902.0,62.067
2023,Male,902.0,62.067
2023,Male,904.0,62.083
2023,Male,905.0,62.1
2023,Male,905.0,62.1
2023,Male,905.0,62.1
2023,Male,909.0,62.117
2023,Male,913.0,62.167
2023,Male,916.0,62.183
2023,Male,916.0,62.183
2023,Male,916.0,62.183
2023,Male,916.0,62.183
2023,Male,916.0,62.183
2023,Male,923.0,62.2
2023,Male,923.0,62.2
2023,Male,926.0,62.217
2023,Male,926.0,62.217
2023,Male,926.0,62.217
2023,Male,926.0,62.217
2023,Male,931.0,62.233
2023,Male,933.0,62.25
2023,Male,935.0,62.267
2023,Male,935.0,62.267
2023,Male,939.0,62.283
2023,Male,939.0,62.283
2023,Male,942.0,62.3
2023,Male,943.0,62.317
2023,Male,943.0,62.317
2023,Male,946.0,62.333
2023,Male,948.0,62.367
2023,Male,950.0,62.383
2023,Male,951.0,62.4
2023,Male,954.0,62.417
2023,Male,954.0,62.417
2023,Male,956.0,62.433
2023,Male,956.0,62.433
2023,Male,956.0,62.433
2023,Male,960.0,62.45
2023,Male,961.0,62.467
2023,Male,961.0,62.467
2023,Male,964.0,62.5
2023,Male,965.0,62.517
2023,Male,966.0,62.533
2023,Male,966.0,62.533
2023,Male,968.0,62.55
2023,Male,971.0,62.567
2023,Male,971.0,62.567
2023,Male,973.0,62.583
2023,Male,973.0,62.583
2023,Male,975.0,62.6
2023,Male,979.0,62.633
2023,Male,980.0,62.65
2023,Male,980.0,62.65
2023,Male,980.0,62.65
2023,Male,980.0,62.65
2023,Male,985.0,62.667
2023,Male,985.0,62.667
2023,Male,987.0,62.683
2023,Male,989.0,62.7
2023,Male,989.0,62.7
2023,Male,989.0,62.7
2023,Male,992.0,62.717
2023,Male,994.0,62.767
2023,Male,994.0,62.767
2023,Male,996.0,62.783
2023,Male,996.0,62.783
2023,Male,996.0,62.783
2023,Male,1000.0,62.817
2023,Male,1001.0,62.833
2023,Male,1002.0,62.85
2023,Male,1002.0,62.85
2023,Male,1002.0,62.85
2023,Male,1002.0,62.85
2023,Male,1007.0,62.867
2023,Male,1007.0,62.867
2023,Male,1010.0,62.883
2023,Male,1011.0,62.9
2023,Male,1011.0,62.9
2023,Male,1011.0,62.9
2023,Male,1015.0,62.917
2023,Male,1015.0,62.917
2023,Male,1017.0,62.933
2023,Male,1017.0,62.933
2023,Male,1017.0,62.933
2023,Male,1022.0,62.95
2023,Male,1022.0,62.95
2023,Male,1026.0,63.0
2023,Male,1028.0,63.05
2023,Male,1029.0,63.067
2023,Male,1029.0,63.067
2023,Male,1031.0,63.083
2023,Male,1031.0,63.083
2023,Male,1033.0,63.117
2023,Male,1033.0,63.117
2023,Male,1036.0,63.133
2023,Male,1037.0,63.167
2023,Male,1037.0,63.167
2023,Male,1037.0,63.167
2023,Male,1037.0,63.167
2023,Male,1037.0,63.167
2023,Male,1042.0,63.183
2023,Male,1044.0,63.2
2023,Male,1044.0,63.2
2023,Male,1047.0,63.217
2023,Male,1047.0,63.217
2023,Male,1049.0,63.233
2023,Male,1049.0,63.233
2023,Male,1049.0,63.233
2023,Male,1049.0,63.233
2023,Male,1053.0,63.25
2023,Male,1053.0,63.25
2023,Male,1056.0,63.267
2023,Male,1058.0,63.283
2023,Male,1059.0,63.3
2023,Male,1059.0,63.3
2023,Male,1059.0,63.3
2023,Male,1062.0,63.317
2023,Male,1063.0,63.333
2023,Male,1064.0,63.35
2023,Male,1064.0,63.35
2023,Male,1068.0,63.367
2023,Male,1068.0,63.367
2023,Male,1068.0,63.367
2023,Male,1068.0,63.367
2023,Male,1072.0,63.383
2023,Male,1073.0,63.45
2023,Male,1073.0,63.45
2023,Male,1075.0,63.467
2023,Male,1077.0,63.483
2023,Male,1077.0,63.483
2023,Male,1080.0,63.5
2023,Male,1080.0,63.5
2023,Male,1080.0,63.5
2023,Male,1083.0,63.517
2023,Male,1084.0,63.533
2023,Male,1084.0,63.533
2023,Male,1084.0,63.533
2023,Male,1088.0,63.567
2023,Male,1091.0,63.617
2023,Male,1091.0,63.617
2023,Male,1093.0,63.65
2023,Male,1093.0,63.65
2023,Male,1096.0,63.667
2023,Male,1096.0,63.667
2023,Male,1096.0,63.667
2023,Male,1099.0,63.683
2023,Male,1099.0,63.683
2023,Male,1102.0,63.7
2023,Male,1102.0,63.7
2023,Male,1102.0,63.7
2023,Male,1108.0,63.717
2023,Male,1109.0,63.733
2023,Male,1109.0,63.733
2023,Male,1109.0,63.733
2023,Male,1112.0,63.75
2023,Male,1113.0,63.767
2023,Male,1113.0,63.767
2023,Male,1115.0,63.783
2023,Male,1115.0,63.783
2023,Male,1115.0,63.783
2023,Male,1118.0,63.8
2023,Male,1118.0,63.8
2023,Male,1120.0,63.817
2023,Male,1121.0,63.833
2023,Male,1123.0,63.85
2023,Male,1125.0,63.883
2023,Male,1125.0,63.883
2023,Male,1125.0,63.883
2023,Male,1128.0,63.9
2023,Male,1128.0,63.9
2023,Male,1130.0,63.917
2023,Male,1130.0,63.917
2023,Male,1130.0,63.917
2023,Male,1130.0,63.917
2023,Male,1137.0,63.95
2023,Male,1137.0,63.95
2023,Male,1137.0,63.95
2023,Male,1140.0,63.967
2023,Male,1140.0,63.967
2023,Male,1144.0,63.983
2023,Male,1145.0,64.0
2023,Male,1145.0,64.0
2023,Male,1147.0,64.017
2023,Male,1150.0,64.067
2023,Male,1150.0,64.067
2023,Male,1153.0,64.117
2023,Male,1153.0,64.117
2023,Male,1156.0,64.133
2023,Male,1156.0,64.133
2023,Male,1158.0,64.15
2023,Male,1159.0,64.167
2023,Male,1159.0,64.167
2023,Male,1159.0,64.167
2023,Male,1159.0,64.167
2023,Male,1159.0,64.167
2023,Male,1164.0,64.183
2023,Male,1164.0,64.183
2023,Male,1164.0,64.183
2023,Male,1167.0,64.217
2023,Male,1168.0,64.233
2023,Male,1169.0,64.267
2023,Male,1169.0,64.267
2023,Male,1171.0,64.283
2023,Male,1171.0,64.283
2023,Male,1173.0,64.3
2023,Male,1175.0,64.333
2023,Male,1175.0,64.333
2023,Male,1175.0,64.333
2023,Male,1178.0,64.35
2023,Male,1178.0,64.35
2023,Male,1178.0,64.35
2023,Male,1181.0,64.367
2023,Male,1182.0,64.383
2023,Male,1183.0,64.4
2023,Male,1183.0,64.4
2023,Male,1183.0,64.4
2023,Male,1186.0,64.433
2023,Male,1187.0,64.45
2023,Male,1189.0,64.467
2023,Male,1189.0,64.467
2023,Male,1191.0,64.483
2023,Male,1191.0,64.483
2023,Male,1193.0,64.5
2023,Male,1193.0,64.5
2023,Male,1193.0,64.5
2023,Male,1196.0,64.517
2023,Male,1196.0,64.517
2023,Male,1198.0,64.533
2023,Male,1199.0,64.55
2023,Male,1199.0,64.55
2023,Male,1201.0,64.567
2023,Male,1201.0,64.567
2023,Male,1201.0,64.567
2023,Male,1201.0,64.567
2023,Male,1205.0,64.583
2023,Male,1205.0,64.583
2023,Male,1207.0,64.617
2023,Male,1209.0,64.633
2023,Male,1209.0,64.633
2023,Male,1209.0,64.633
2023,Male,1209.0,64.633
2023,Male,1214.0,64.65
2023,Male,1214.0,64.65
2023,Male,1216.0,64.667
2023,Male,1217.0,64.683
2023,Male,1219.0,64.7
2023,Male,1221.0,64.717
2023,Male,1224.0,64.767
2023,Male,1224.0,64.767
2023,Male,1229.0,64.8
2023,Male,1230.0,64.817
2023,Male,1230.0,64.817
2023,Male,1233.0,64.833
2023,Male,1233.0,64.833
2023,Male,1236.0,64.85
2023,Male,1236.0,64.85
2023,Male,1240.0,64.9
2023,Male,1240.0,64.9
2023,Male,1242.0,64.917
2023,Male,1242.0,64.917
2023,Male,1242.0,64.917
2023,Male,1242.0,64.917
2023,Male,1246.0,64.933
2023,Male,1246.0,64.933
2023,Male,1246.0,64.933
2023,Male,1249.0,64.95
2023,Male,1250.0,64.967
2023,Male,1250.0,64.967
2023,Male,1253.0,65.0
2023,Male,1254.0,65.033
2023,Male,1255.0,65.067
2023,Male,1257.0,65.083
2023,Male,1257.0,65.083
2023,Male,1260.0,65.1
2023,Male,1260.0,65.1
2023,Male,1263.0,65.133
2023,Male,1264.0,65.15
2023,Male,1265.0,65.167
2023,Male,1265.0,65.167
2023,Male,1268.0,65.217
2023,Male,1268.0,65.217
2023,Male,1271.0,65.25
2023,Male,1272.0,65.267
2023,Male,1272.0,65.267
2023,Male,1275.0,65.283
2023,Male,1275.0,65.283
2023,Male,1277.0,65.3
2023,Male,1278.0,65.317
2023,Male,1278.0,65.317
2023,Male,1281.0,65.333
2023,Male,1281.0,65.333
2023,Male,1283.0,65.367
2023,Male,1283.0,65.367
2023,Male,1285.0,65.383
2023,Male,1285.0,65.383
2023,Male,1289.0,65.417
2023,Male,1290.0,65.45
2023,Male,1292.0,65.5
2023,Male,1292.0,65.5
2023,Male,1294.0,65.517
2023,Male,1294.0,65.517
2023,Male,1297.0,65.533
2023,Male,1298.0,65.55
2023,Male,1301.0,65.583
2023,Male,1301.0,65.583
2023,Male,1303.0,65.6
2023,Male,1303.0,65.6
2023,Male,1303.0,65.6
2023,Male,1306.0,65.617
2023,Male,1306.0,65.617
2023,Male,1306.0,65.617
2023,Male,1311.0,65.65
2023,Male,1312.0,65.667
2023,Male,1312.0,65.667
2023,Male,1312.0,65.667
2023,Male,1316.0,65.683
2023,Male,1316.0,65.683
2023,Male,1316.0,65.683
2023,Male,1320.0,65.7
2023,Male,1320.0,65.7
2023,Male,1323.0,65.717
2023,Male,1323.0,65.717
2023,Male,1325.0,65.733
2023,Male,1326.0,65.75
2023,Male,1326.0,65.75
2023,Male,1329.0,65.783
2023,Male,1329.0,65.783
2023,Male,1331.0,65.8
2023,Male,1334.0,65.817
2023,Male,1334.0,65.817
2023,Male,1336.0,65.85
2023,Male,1339.0,65.883
2023,Male,1339.0,65.883
2023,Male,1339.0,65.883
2023,Male,1339.0,65.883
2023,Male,1344.0,65.9
2023,Male,1344.0,65.9
2023,Male,1344.0,65.9
2023,Male,1348.0,65.917
2023,Male,1350.0,65.95
2023,Male,1351.0,65.983
2023,Male,1352.0,66.0
2023,Male,1352.0,66.0
2023,Male,1355.0,66.033
2023,Male,1357.0,66.067
2023,Male,1359.0,66.083
2023,Male,1359.0,66.083
2023,Male,1361.0,66.1
2023,Male,1362.0,66.117
2023,Male,1362.0,66.117
2023,Male,1364.0,66.133
2023,Male,1365.0,66.167
2023,Male,1365.0,66.167
2023,Male,1367.0,66.183
2023,Male,1367.0,66.183
2023,Male,1369.0,66.2
2023,Male,1370.0,66.217
2023,Male,1370.0,66.217
2023,Male,1370.0,66.217
2023,Male,1370.0,66.217
2023,Male,1374.0,66.233
2023,Male,1374.0,66.233
2023,Male,1377.0,66.267
2023,Male,1380.0,66.3
2023,Male,1382.0,66.317
2023,Male,1383.0,66.35
2023,Male,1383.0,66.35
2023,Male,1385.0,66.367
2023,Male,1385.0,66.367
2023,Male,1387.0,66.383
2023,Male,1387.0,66.383
2023,Male,1390.0,66.417
2023,Male,1391.0,66.433
2023,Male,1391.0,66.433
2023,Male,1391.0,66.433
2023,Male,1394.0,66.467
2023,Male,1394.0,66.467
2023,Male,1394.0,66.467
2023,Male,1398.0,66.483
2023,Male,1399.0,66.5
2023,Male,1400.0,66.517
2023,Male,1400.0,66.517
2023,Male,1400.0,66.517
2023,Male,1403.0,66.533
2023,Male,1404.0,66.55
2023,Male,1404.0,66.55
2023,Male,1407.0,66.583
2023,Male,1408.0,66.6
2023,Male,1410.0,66.633
2023,Male,1412.0,66.65
2023,Male,1412.0,66.65
2023,Male,1416.0,66.683
2023,Male,1416.0,66.683
2023,Male,1418.0,66.7
2023,Male,1418.0,66.7
2023,Male,1418.0,66.7
2023,Male,1421.0,66.717
2023,Male,1422.0,66.767
2023,Male,1424.0,66.783
2023,Male,1424.0,66.783
2023,Male,1424.0,66.783
2023,Male,1427.0,66.8
2023,Male,1429.0,66.817
2023,Male,1430.0,66.833
2023,Male,1431.0,66.85
2023,Male,1431.0,66.85
2023,Male,1434.0,66.883
2023,Male,1434.0,66.883
2023,Male,1437.0,66.9
2023,Male,1437.0,66.9
2023,Male,1437.0,66.9
2023,Male,1441.0,66.917
2023,Male,1442.0,66.933
2023,Male,1444.0,66.95
2023,Male,1447.0,66.983
2023,Male,1447.0,66.983
2023,Male,1449.0,67.0
2023,Male,1452.0,67.033
2023,Male,1452.0,67.033
2023,Male,1454.0,67.05
2023,Male,1455.0,67.067
2023,Male,1455.0,67.067
2023,Male,1457.0,67.083
2023,Male,1457.0,67.083
2023,Male,1457.0,67.083
2023,Male,1460.0,67.1
2023,Male,1462.0,67.133
2023,Male,1464.0,67.15
2023,Male,1464.0,67.15
2023,Male,1467.0,67.167
2023,Male,1467.0,67.167
2023,Male,1469.0,67.183
2023,Male,1469.0,67.183
2023,Male,1469.0,67.183
2023,Male,1473.0,67.2
2023,Male,1473.0,67.2
2023,Male,1473.0,67.2
2023,Male,1477.0,67.217
2023,Male,1477.0,67.217
2023,Male,1483.0,67.267
2023,Male,1485.0,67.3
2023,Male,1485.0,67.3
2023,Male,1487.0,67.317
2023,Male,1491.0,67.35
2023,Male,1493.0,67.367
2023,Male,1494.0,67.383
2023,Male,1495.0,67.4
2023,Male,1495.0,67.4
2023,Male,1495.0,67.4
2023,Male,1498.0,67.417
2023,Male,1498.0,67.417
2023,Male,1501.0,67.433
2023,Male,1502.0,67.45
2023,Male,1502.0,67.45
2023,Male,1505.0,67.467
2023,Male,1505.0,67.467
2023,Male,1505.0,67.467
2023,Male,1509.0,67.483
2023,Male,1509.0,67.483
2023,Male,1509.0,67.483
2023,Male,1512.0,67.5
2023,Male,1512.0,67.5
2023,Male,1515.0,67.517
2023,Male,1515.0,67.517
2023,Male,1517.0,67.55
2023,Male,1519.0,67.617
2023,Male,1519.0,67.617
2023,Male,1519.0,67.617
2023,Male,1519.0,67.617
2023,Male,1525.0,67.65
2023,Male,1525.0,67.65
2023,Male,1525.0,67.65
2023,Male,1530.0,67.717
2023,Male,1530.0,67.717
2023,Male,1532.0,67.733
2023,Male,1533.0,67.75
2023,Male,1536.0,67.783
2023,Male,1536.0,67.783
2023,Male,1538.0,67.8
2023,Male,1539.0,67.817
2023,Male,1540.0,67.85
2023,Male,1540.0,67.85
2023,Male,1540.0,67.85
2023,Male,1540.0,67.85
2023,Male,1544.0,67.867
2023,Male,1544.0,67.867
2023,Male,1544.0,67.867
2023,Male,1547.0,67.883
2023,Male,1547.0,67.883
2023,Male,1549.0,67.9
2023,Male,1551.0,67.917
2023,Male,1553.0,67.933
2023,Male,1553.0,67.933
2023,Male,1555.0,67.95
2023,Male,1557.0,67.967
2023,Male,1557.0,67.967
2023,Male,1559.0,67.983
2023,Male,1561.0,68.033
2023,Male,1563.0,68.05
2023,Male,1565.0,68.067
2023,Male,1566.0,68.083
2023,Male,1567.0,68.1
2023,Male,1569.0,68.133
2023,Male,1570.0,68.15
2023,Male,1570.0,68.15
2023,Male,1570.0,68.15
2023,Male,1570.0,68.15
2023,Male,1570.0,68.15
2023,Male,1575.0,68.167
2023,Male,1576.0,68.183
2023,Male,1577.0,68.2
2023,Male,1577.0,68.2
2023,Male,1577.0,68.2
2023,Male,1581.0,68.217
2023,Male,1581.0,68.217
2023,Male,1581.0,68.217
2023,Male,1584.0,68.233
2023,Male,1585.0,68.25
2023,Male,1586.0,68.267
2023,Male,1589.0,68.3
2023,Male,1590.0,68.35
2023,Male,1591.0,68.367
2023,Male,1591.0,68.367
2023,Male,1591.0,68.367
2023,Male,1595.0,68.433
2023,Male,1595.0,68.433
2023,Male,1599.0,68.45
2023,Male,1601.0,68.467
2023,Male,1603.0,68.483
2023,Male,1606.0,68.5
2023,Male,1608.0,68.517
2023,Male,1609.0,68.533
2023,Male,1610.0,68.55
2023,Male,1611.0,68.567
2023,Male,1611.0,68.567
2023,Male,1611.0,68.567
2023,Male,1615.0,68.583
2023,Male,1615.0,68.583
2023,Male,1615.0,68.583
2023,Male,1619.0,68.6
2023,Male,1623.0,68.667
2023,Male,1623.0,68.667
2023,Male,1625.0,68.683
2023,Male,1625.0,68.683
2023,Male,1625.0,68.683
2023,Male,1629.0,68.7
2023,Male,1630.0,68.717
2023,Male,1630.0,68.717
2023,Male,1633.0,68.733
2023,Male,1633.0,68.733
2023,Male,1637.0,68.767
2023,Male,1637.0,68.767
2023,Male,1637.0,68.767
2023,Male,1641.0,68.8
2023,Male,1642.0,68.817
2023,Male,1643.0,68.85
2023,Male,1643.0,68.85
2023,Male,1646.0,68.967
2023,Male,1646.0,68.967
2023,Male,1649.0,69.017
2023,Male,1651.0,69.033
2023,Male,1655.0,69.1
2023,Male,1658.0,69.117
2023,Male,1658.0,69.117
2023,Male,1658.0,69.117
2023,Male,1662.0,69.133
2023,Male,1665.0,69.183
2023,Male,1666.0,69.217
2023,Male,1667.0,69.233
2023,Male,1668.0,69.25
2023,Male,1668.0,69.25
2023,Male,1671.0,69.267
2023,Male,1671.0,69.267
2023,Male,1671.0,69.267
2023,Male,1675.0,69.283
2023,Male,1676.0,69.3
2023,Male,1677.0,69.35
2023,Male,1678.0,69.367
2023,Male,1680.0,69.4
2023,Male,1682.0,69.417
2023,Male,1682.0,69.417
2023,Male,1682.0,69.417
2023,Male,1686.0,69.433
2023,Male,1687.0,69.45
2023,Male,1688.0,69.467
2023,Male,1688.0,69.467
2023,Male,1692.0,69.483
2023,Male,1693.0,69.533
2023,Male,1694.0,69.55
2023,Male,1695.0,69.583
2023,Male,1696.0,69.6
2023,Male,1696.0,69.6
2023,Male,1699.0,69.617
2023,Male,1699.0,69.617
2023,Male,1699.0,69.617
2023,Male,1704.0,69.667
2023,Male,1705.0,69.683
2023,Male,1706.0,69.7
2023,Male,1706.0,69.7
2023,Male,1708.0,69.717
2023,Male,1709.0,69.733
2023,Male,1709.0,69.733
2023,Male,1711.0,69.75
2023,Male,1712.0,69.783
2023,Male,1714.0,69.8
2023,Male,1715.0,69.817
2023,Male,1717.0,69.833
2023,Male,1718.0,69.85
2023,Male,1720.0,69.9
2023,Male,1720.0,69.9
2023,Male,1723.0,69.917
2023,Male,1725.0,70.0
2023,Male,1726.0,70.017
2023,Male,1728.0,70.033
2023,Male,1732.0,70.133
2023,Male,1732.0,70.133
2023,Male,1732.0,70.133
2023,Male,1735.0,70.15
2023,Male,1735.0,70.15
2023,Male,1737.0,70.167
2023,Male,1740.0,70.217
2023,Male,1741.0,70.233
2023,Male,1743.0,70.267
2023,Male,1743.0,70.267
2023,Male,1746.0,70.283
2023,Male,1746.0,70.283
2023,Male,1749.0,70.3
2023,Male,1750.0,70.333
2023,Male,1753.0,70.367
2023,Male,1753.0,70.367
2023,Male,1755.0,70.383
2023,Male,1757.0,70.417
2023,Male,1758.0,70.433
2023,Male,1759.0,70.483
2023,Male,1760.0,70.5
2023,Male,1762.0,70.567
2023,Male,1762.0,70.567
2023,Male,1764.0,70.583
2023,Male,1768.0,70.617
2023,Male,1770.0,70.633
2023,Male,1770.0,70.633
2023,Male,1773.0,70.683
2023,Male,1777.0,70.767
2023,Male,1784.0,70.85
2023,Male,1786.0,70.883
2023,Male,1787.0,70.917
2023,Male,1788.0,70.933
2023,Male,1789.0,70.967
2023,Male,1789.0,70.967
2023,Male,1791.0,70.983
2023,Male,1791.0,70.983
2023,Male,1793.0,71.0
2023,Male,1794.0,71.017
2023,Male,1795.0,71.033
2023,Male,1797.0,71.1
2023,Male,1798.0,71.117
2023,Male,1800.0,71.133
2023,Male,1801.0,71.167
2023,Male,1802.0,71.183
2023,Male,1802.0,71.183
2023,Male,1804.0,71.2
2023,Male,1804.0,71.2
2023,Male,1806.0,71.217
2023,Male,1807.0,71.233
2023,Male,1807.0,71.233
2023,Male,1809.0,71.25
2023,Male,1810.0,71.267
2023,Male,1812.0,71.3
2023,Male,1812.0,71.3
2023,Male,1814.0,71.317
2023,Male,1814.0,71.317
2023,Male,1814.0,71.317
2023,Male,1814.0,71.317
2023,Male,1818.0,71.333
2023,Male,1818.0,71.333
2023,Male,1820.0,71.35
2023,Male,1822.0,71.383
2023,Male,1822.0,71.383
2023,Male,1824.0,71.433
2023,Male,1827.0,71.483
2023,Male,1827.0,71.483
2023,Male,1830.0,71.517
2023,Male,1833.0,71.567
2023,Male,1834.0,71.583
2023,Male,1835.0,71.6
2023,Male,1835.0,71.6
2023,Male,1840.0,71.683
2023,Male,1843.0,71.7
2023,Male,1847.0,71.767
2023,Male,1847.0,71.767
2023,Male,1850.0,71.783
2023,Male,1851.0,71.8
2023,Male,1852.0,71.817
2023,Male,1854.0,71.833
2023,Male,1854.0,71.833
2023,Male,1856.0,71.85
2023,Male,1858.0,71.883
2023,Male,1860.0,71.933
2023,Male,1862.0,71.95
2023,Male,1863.0,71.967
2023,Male,1863.0,71.967
2023,Male,1866.0,71.983
2023,Male,1867.0,72.017
2023,Male,1868.0,72.067
2023,Male,1869.0,72.083
2023,Male,1871.0,72.183
2023,Male,1871.0,72.183
2023,Male,1873.0,72.2
2023,Male,1873.0,72.2
2023,Male,1876.0,72.217
2023,Male,1877.0,72.233
2023,Male,1877.0,72.233
2023,Male,1880.0,72.267
2023,Male,1882.0,72.3
2023,Male,1883.0,72.367
2023,Male,1884.0,72.383
2023,Male,1884.0,72.383
2023,Male,1887.0,72.417
2023,Male,1890.0,72.483
2023,Male,1890.0,72.483
2023,Male,1895.0,72.583
2023,Male,1895.0,72.583
2023,Male,1899.0,72.617
2023,Male,1900.0,72.65
2023,Male,1902.0,72.683
2023,Male,1903.0,72.717
2023,Male,1905.0,72.733
2023,Male,1906.0,72.75
2023,Male,1908.0,72.767
2023,Male,1908.0,72.767
2023,Male,1911.0,72.783
2023,Male,1911.0,72.783
2023,Male,1911.0,72.783
2023,Male,1914.0,72.8
2023,Male,1914.0,72.8
2023,Male,1916.0,72.85
2023,Male,1916.0,72.85
2023,Male,1918.0,72.867
2023,Male,1918.0,72.867
2023,Male,1921.0,73.0
2023,Male,1922.0,73.033
2023,Male,1924.0,73.05
2023,Male,1927.0,73.067
2023,Male,1927.0,73.067
2023,Male,1932.0,73.117
2023,Male,1934.0,73.15
2023,Male,1935.0,73.183
2023,Male,1936.0,73.217
2023,Male,1937.0,73.25
2023,Male,1937.0,73.25
2023,Male,1939.0,73.267
2023,Male,1940.0,73.333
2023,Male,1943.0,73.433
2023,Male,1947.0,73.483
2023,Male,1947.0,73.483
2023,Male,1949.0,73.517
2023,Male,1951.0,73.533
2023,Male,1955.0,73.617
2023,Male,1956.0,73.633
2023,Male,1958.0,73.65
2023,Male,1958.0,73.65
2023,Male,1961.0,73.767
2023,Male,1961.0,73.767
2023,Male,1961.0,73.767
2023,Male,1964.0,73.783
2023,Male,1968.0,73.833
2023,Male,1971.0,73.917
2023,Male,1973.0,73.983
2023,Male,1974.0,74.033
2023,Male,1976.0,74.05
2023,Male,1978.0,74.067
2023,Male,1979.0,74.083
2023,Male,1981.0,74.167
2023,Male,1982.0,74.183
2023,Male,1985.0,74.2
2023,Male,1987.0,74.233
2023,Male,1992.0,74.3
2023,Male,1993.0,74.317
2023,Male,1994.0,74.35
2023,Male,1994.0,74.35
2023,Male,1998.0,74.4
2023,Male,1999.0,74.45
2023,Male,2000.0,74.483
2023,Male,2000.0,74.483
2023,Male,2002.0,74.5
2023,Male,2002.0,74.5
2023,Male,2007.0,74.617
2023,Male,2009.0,74.633
2023,Male,2011.0,74.683
2023,Male,2013.0,74.75
2023,Male,2014.0,74.783
2023,Male,2015.0,74.85
2023,Male,2017.0,74.9
2023,Male,2017.0,74.9
2023,Male,2022.0,74.933
2023,Male,2023.0,74.95
2023,Male,2026.0,75.033
2023,Male,2028.0,75.1
2023,Male,2030.0,75.167
2023,Male,2031.0,75.233
2023,Male,2034.0,75.267
2023,Male,2035.0,75.283
2023,Male,2037.0,75.3
2023,Male,2038.0,75.317
2023,Male,2039.0,75.333
2023,Male,2040.0,75.35
2023,Male,2041.0,75.383
2023,Male,2043.0,75.433
2023,Male,2045.0,75.483
2023,Male,2047.0,75.5
2023,Male,2050.0,75.583
2023,Male,2052.0,75.667
2023,Male,2053.0,75.75
2023,Male,2054.0,75.767
2023,Male,2054.0,75.767
2023,Male,2056.0,75.8
2023,Male,2056.0,75.8
2023,Male,2059.0,75.817
2023,Male,2059.0,75.817
2023,Male,2061.0,75.833
2023,Male,2064.0,75.9
2023,Male,2066.0,75.967
2023,Male,2066.0,75.967
2023,Male,2066.0,75.967
2023,Male,2070.0,76.017
2023,Male,2070.0,76.017
2023,Male,2073.0,76.033
2023,Male,2074.0,76.05
2023,Male,2075.0,76.083
2023,Male,2076.0,76.1
2023,Male,2077.0,76.167
2023,Male,2078.0,76.183
2023,Male,2080.0,76.283
2023,Male,2081.0,76.333
2023,Male,2086.0,76.533
2023,Male,2089.0,76.667
2023,Male,2089.0,76.667
2023,Male,2089.0,76.667
2023,Male,2092.0,76.683
2023,Male,2094.0,76.8
2023,Male,2094.0,76.8
2023,Male,2094.0,76.8
2023,Male,2094.0,76.8
2023,Male,2099.0,76.833
2023,Male,2099.0,76.833
2023,Male,2101.0,76.85
2023,Male,2102.0,76.867
2023,Male,2104.0,76.883
2023,Male,2106.0,76.9
2023,Male,2106.0,76.9
2023,Male,2108.0,76.933
2023,Male,2109.0,76.95
2023,Male,2111.0,77.0
2023,Male,2111.0,77.0
2023,Male,2113.0,77.017
2023,Male,2115.0,77.033
2023,Male,2118.0,77.117
2023,Male,2119.0,77.183
2023,Male,2122.0,77.233
2023,Male,2123.0,77.3
2023,Male,2125.0,77.433
2023,Male,2127.0,77.45
2023,Male,2127.0,77.45
2023,Male,2129.0,77.467
2023,Male,2130.0,77.567
2023,Male,2138.0,77.783
2023,Male,2141.0,77.817
2023,Male,2142.0,77.85
2023,Male,2143.0,77.9
2023,Male,2143.0,77.9
2023,Male,2145.0,77.917
2023,Male,2147.0,78.0
2023,Male,2148.0,78.017
2023,Male,2149.0,78.033
2023,Male,2150.0,78.05
2023,Male,2152.0,78.117
2023,Male,2153.0,78.15
2023,Male,2153.0,78.15
2023,Male,2155.0,78.183
2023,Male,2157.0,78.25
2023,Male,2159.0,78.367
2023,Male,2160.0,78.383
2023,Male,2160.0,78.383
2023,Male,2162.0,78.467
2023,Male,2163.0,78.483
2023,Male,2164.0,78.517
2023,Male,2166.0,78.733
2023,Male,2168.0,78.883
2023,Male,2168.0,78.883
2023,Male,2172.0,78.9
2023,Male,2173.0,78.917
2023,Male,2175.0,79.017
2023,Male,2178.0,79.183
2023,Male,2180.0,79.283
2023,Male,2182.0,79.483
2023,Male,2183.0,79.55
2023,Male,2183.0,79.55
2023,Male,2185.0,79.6
2023,Male,2186.0,79.617
2023,Male,2187.0,79.65
2023,Male,2191.0,79.8
2023,Male,2192.0,79.817
2023,Male,2193.0,79.833
2023,Male,2194.0,79.85
2023,Male,2196.0,79.983
2023,Male,2197.0,80.1
2023,Male,2198.0,80.15
2023,Male,2201.0,80.317
2023,Male,2203.0,80.45
2023,Male,2207.0,80.65
2023,Male,2208.0,80.7
2023,Male,2209.0,80.717
2023,Male,2211.0,80.75
2023,Male,2212.0,80.783
2023,Male,2215.0,80.95
2023,Male,2217.0,80.983
2023,Male,2217.0,80.983
2023,Male,2221.0,81.15
2023,Male,2221.0,81.15
2023,Male,2224.0,81.25
2023,Male,2227.0,81.3
2023,Male,2229.0,81.317
2023,Male,2230.0,81.333
2023,Male,2233.0,81.7
2023,Male,2234.0,81.767
2023,Male,2235.0,81.783
2023,Male,2237.0,82.05
2023,Male,2238.0,82.15
2023,Male,2239.0,82.183
2023,Male,2241.0,82.35
2023,Male,2244.0,82.5
2023,Male,2245.0,82.533
2023,Male,2245.0,82.533
2023,Male,2248.0,82.583
2023,Male,2249.0,82.767
2023,Male,2250.0,82.967
2023,Male,2252.0,83.083
2023,Male,2254.0,83.2
2023,Male,2257.0,83.35
2023,Male,2259.0,83.583
2023,Male,2260.0,83.65
2023,Male,2261.0,83.767
2023,Male,2262.0,83.817
2023,Male,2264.0,84.233
2023,Male,2265.0,84.267
2023,Male,2267.0,85.117
2023,Male,2272.0,85.5
2023,Male,2274.0,85.633
2023,Male,2275.0,85.65
2023,Male,2277.0,85.7
2023,Male,2278.0,85.717
2023,Male,2280.0,85.783
2023,Male,2282.0,86.1
2023,Male,2283.0,86.167
2023,Male,2284.0,86.217
2023,Male,2285.0,86.317
2023,Male,2289.0,86.483
2023,Male,2292.0,86.55
2023,Male,2293.0,86.633
2023,Male,2296.0,87.0
2023,Male,2297.0,87.1
2023,Male,2299.0,87.3
2023,Male,2301.0,87.583
2023,Male,2303.0,88.217
2023,Male,2304.0,88.4
2023,Male,2306.0,88.6
2023,Male,2307.0,88.9
2023,Male,2308.0,88.95
2023,Male,2309.0,89.283
2023,Male,2311.0,89.383
2023,Male,2312.0,89.467
2023,Male,2315.0,89.567
2023,Male,2317.0,89.783
2023,Male,2320.0,90.067
2023,Male,2322.0,90.117
2023,Male,2324.0,90.35
2023,Male,2326.0,92.533
2023,Male,2327.0,94.0
2023,Male,2328.0,94.183
2023,Male,2333.0,96.05
2023,Male,2336.0,97.467
2023,Male,2337.0,97.85
2023,Male,2338.0,98.25
2023,Male,2339.0,98.4
2023,Male,2340.0,98.6
2023,Male,2341.0,99.783
2023,Male,2342.0,100.667
2023,Male,2343.0,102.05
2023,Male,2346.0,117.7
2023,Male,2347.0,122.3
2023,Female,2.0,42.9
2023,Female,6.0,43.983
2023,Female,7.0,44.283
2023,Female,8.0,44.783
2023,Female,14.0,45.683
2023,Female,19.0,46.6
2023,Female,20.0,46.617
2023,Female,21.0,46.9
2023,Female,23.0,46.95
2023,Female,25.0,47.0
2023,Female,36.0,47.983
2023,Female,42.0,48.433
2023,Female,47.0,48.767
2023,Female,48.0,48.917
2023,Female,49.0,48.95
2023,Female,55.0,49.067
2023,Female,56.0,49.083
2023,Female,62.0,49.55
2023,Female,71.0,49.917
2023,Female,73.0,50.017
2023,Female,79.0,50.217
2023,Female,84.0,50.417
2023,Female,94.0,51.017
2023,Female,94.0,51.017
2023,Female,104.0,51.75
2023,Female,110.0,51.85
2023,Female,112.0,51.917
2023,Female,117.0,52.1
2023,Female,118.0,52.133
2023,Female,122.0,52.283
2023,Female,133.0,52.633
2023,Female,141.0,52.767
2023,Female,144.0,52.8
2023,Female,151.0,52.883
2023,Female,151.0,52.883
2023,Female,156.0,52.967
2023,Female,163.0,53.15
2023,Female,165.0,53.217
2023,Female,173.0,53.45
2023,Female,179.0,53.583
2023,Female,196.0,54.167
2023,Female,200.0,54.217
2023,Female,204.0,54.4
2023,Female,227.0,54.8
2023,Female,245.0,55.267
2023,Female,246.0,55.3
2023,Female,253.0,55.4
2023,Female,256.0,55.417
2023,Female,261.0,55.467
2023,Female,262.0,55.517
2023,Female,264.0,55.567
2023,Female,271.0,55.717
2023,Female,283.0,55.95
2023,Female,285.0,55.967
2023,Female,290.0,56.033
2023,Female,295.0,56.067
2023,Female,299.0,56.167
2023,Female,302.0,56.183
2023,Female,303.0,56.217
2023,Female,304.0,56.233
2023,Female,309.0,56.333
2023,Female,313.0,56.383
2023,Female,314.0,56.433
2023,Female,314.0,56.433
2023,Female,327.0,56.567
2023,Female,330.0,56.583
2023,Female,331.0,56.6
2023,Female,347.0,56.75
2023,Female,352.0,56.817
2023,Female,354.0,56.833
2023,Female,363.0,56.933
2023,Female,368.0,57.033
2023,Female,369.0,57.083
2023,Female,372.0,57.117
2023,Female,377.0,57.2
2023,Female,380.0,57.233
2023,Female,383.0,57.267
2023,Female,397.0,57.467
2023,Female,409.0,57.567
2023,Female,416.0,57.717
2023,Female,419.0,57.733
2023,Female,420.0,57.75
2023,Female,423.0,57.817
2023,Female,430.0,57.85
2023,Female,438.0,57.9
2023,Female,439.0,57.917
2023,Female,456.0,58.1
2023,Female,458.0,58.117
2023,Female,463.0,58.15
2023,Female,464.0,58.183
2023,Female,466.0,58.2
2023,Female,469.0,58.233
2023,Female,476.0,58.283
2023,Female,478.0,58.3
2023,Female,484.0,58.367
2023,Female,495.0,58.45
2023,Female,507.0,58.517
2023,Female,511.0,58.55
2023,Female,522.0,58.667
2023,Female,529.0,58.733
2023,Female,530.0,58.75
2023,Female,535.0,58.8
2023,Female,536.0,58.817
2023,Female,540.0,58.85
2023,Female,540.0,58.85
2023,Female,554.0,58.95
2023,Female,556.0,58.967
2023,Female,571.0,59.067
2023,Female,581.0,59.15
2023,Female,584.0,59.167
2023,Female,604.0,59.3
2023,Female,605.0,59.333
2023,Female,605.0,59.333
2023,Female,608.0,59.35
2023,Female,611.0,59.367
2023,Female,611.0,59.367
2023,Female,618.0,59.433
2023,Female,618.0,59.433
2023,Female,620.0,59.45
2023,Female,624.0,59.5
2023,Female,629.0,59.533
2023,Female,637.0,59.7
2023,Female,651.0,59.8
2023,Female,656.0,59.883
2023,Female,660.0,59.917
2023,Female,666.0,60.0
2023,Female,668.0,60.033
2023,Female,674.0,60.067
2023,Female,677.0,60.083
2023,Female,681.0,60.133
2023,Female,681.0,60.133
2023,Female,681.0,60.133
2023,Female,686.0,60.15
2023,Female,689.0,60.167
2023,Female,691.0,60.183
2023,Female,694.0,60.2
2023,Female,696.0,60.233
2023,Female,699.0,60.267
2023,Female,702.0,60.283
2023,Female,706.0,60.3
2023,Female,706.0,60.3
2023,Female,706.0,60.3
2023,Female,712.0,60.317
2023,Female,713.0,60.333
2023,Female,713.0,60.333
2023,Female,715.0,60.35
2023,Female,720.0,60.417
2023,Female,721.0,60.433
2023,Female,725.0,60.467
2023,Female,726.0,60.483
2023,Female,729.0,60.5
2023,Female,730.0,60.517
2023,Female,735.0,60.55
2023,Female,736.0,60.567
2023,Female,737.0,60.583
2023,Female,742.0,60.65
2023,Female,742.0,60.65
2023,Female,748.0,60.683
2023,Female,748.0,60.683
2023,Female,753.0,60.733
2023,Female,760.0,60.817
2023,Female,760.0,60.817
2023,Female,764.0,60.833
2023,Female,783.0,60.983
2023,Female,785.0,61.017
2023,Female,790.0,61.083
2023,Female,794.0,61.133
2023,Female,797.0,61.15
2023,Female,804.0,61.217
2023,Female,810.0,61.283
2023,Female,810.0,61.283
2023,Female,810.0,61.283
2023,Female,814.0,61.3
2023,Female,819.0,61.333
2023,Female,823.0,61.367
2023,Female,827.0,61.383
2023,Female,835.0,61.45
2023,Female,835.0,61.45
2023,Female,835.0,61.45
2023,Female,842.0,61.5
2023,Female,843.0,61.517
2023,Female,847.0,61.583
2023,Female,850.0,61.6
2023,Female,853.0,61.667
2023,Female,865.0,61.733
2023,Female,865.0,61.733
2023,Female,870.0,61.75
2023,Female,877.0,61.8
2023,Female,877.0,61.8
2023,Female,882.0,61.817
2023,Female,892.0,61.933
2023,Female,905.0,62.1
2023,Female,909.0,62.117
2023,Female,911.0,62.133
2023,Female,912.0,62.15
2023,Female,913.0,62.167
2023,Female,913.0,62.167
2023,Female,916.0,62.183
2023,Female,916.0,62.183
2023,Female,923.0,62.2
2023,Female,926.0,62.217
2023,Female,931.0,62.233
2023,Female,933.0,62.25
2023,Female,935.0,62.267
2023,Female,935.0,62.267
2023,Female,939.0,62.283
2023,Female,943.0,62.317
2023,Female,947.0,62.35
2023,Female,948.0,62.367
2023,Female,951.0,62.4
2023,Female,951.0,62.4
2023,Female,956.0,62.433
2023,Female,963.0,62.483
2023,Female,968.0,62.55
2023,Female,968.0,62.55
2023,Female,975.0,62.6
2023,Female,977.0,62.617
2023,Female,977.0,62.617
2023,Female,980.0,62.65
2023,Female,987.0,62.683
2023,Female,993.0,62.75
2023,Female,999.0,62.8
2023,Female,1002.0,62.85
2023,Female,1007.0,62.867
2023,Female,1011.0,62.9
2023,Female,1017.0,62.933
2023,Female,1017.0,62.933
2023,Female,1022.0,62.95
2023,Female,1025.0,62.983
2023,Female,1027.0,63.017
2023,Female,1033.0,63.117
2023,Female,1042.0,63.183
2023,Female,1044.0,63.2
2023,Female,1053.0,63.25
2023,Female,1056.0,63.267
2023,Female,1064.0,63.35
2023,Female,1064.0,63.35
2023,Female,1075.0,63.467
2023,Female,1077.0,63.483
2023,Female,1084.0,63.533
2023,Female,1088.0,63.567
2023,Female,1090.0,63.583
2023,Female,1093.0,63.65
2023,Female,1099.0,63.683
2023,Female,1102.0,63.7
2023,Female,1102.0,63.7
2023,Female,1102.0,63.7
2023,Female,1121.0,63.833
2023,Female,1123.0,63.85
2023,Female,1130.0,63.917
2023,Female,1130.0,63.917
2023,Female,1136.0,63.933
2023,Female,1140.0,63.967
2023,Female,1140.0,63.967
2023,Female,1148.0,64.033
2023,Female,1149.0,64.05
2023,Female,1152.0,64.1
2023,Female,1153.0,64.117
2023,Female,1174.0,64.317
2023,Female,1187.0,64.45
2023,Female,1207.0,64.617
2023,Female,1209.0,64.633
2023,Female,1217.0,64.683
2023,Female,1219.0,64.7
2023,Female,1221.0,64.717
2023,Female,1223.0,64.733
2023,Female,1224.0,64.767
2023,Female,1224.0,64.767
2023,Female,1228.0,64.783
2023,Female,1230.0,64.817
2023,Female,1233.0,64.833
2023,Female,1238.0,64.867
2023,Female,1238.0,64.867
2023,Female,1250.0,64.967
2023,Female,1255.0,65.067
2023,Female,1257.0,65.083
2023,Female,1262.0,65.117
2023,Female,1267.0,65.2
2023,Female,1268.0,65.217
2023,Female,1272.0,65.267
2023,Female,1278.0,65.317
2023,Female,1285.0,65.383
2023,Female,1288.0,65.4
2023,Female,1291.0,65.467
2023,Female,1294.0,65.517
2023,Female,1298.0,65.55
2023,Female,1298.0,65.55
2023,Female,1309.0,65.633
2023,Female,1309.0,65.633
2023,Female,1312.0,65.667
2023,Female,1316.0,65.683
2023,Female,1320.0,65.7
2023,Female,1328.0,65.767
2023,Female,1331.0,65.8
2023,Female,1331.0,65.8
2023,Female,1336.0,65.85
2023,Female,1338.0,65.867
2023,Female,1339.0,65.883
2023,Female,1344.0,65.9
2023,Female,1349.0,65.933
2023,Female,1354.0,66.017
2023,Female,1356.0,66.05
2023,Female,1357.0,66.067
2023,Female,1376.0,66.25
2023,Female,1377.0,66.267
2023,Female,1379.0,66.283
2023,Female,1380.0,66.3
2023,Female,1389.0,66.4
2023,Female,1394.0,66.467
2023,Female,1404.0,66.55
2023,Female,1409.0,66.617
2023,Female,1410.0,66.633
2023,Female,1412.0,66.65
2023,Female,1415.0,66.667
2023,Female,1422.0,66.767
2023,Female,1427.0,66.8
2023,Female,1431.0,66.85
2023,Female,1434.0,66.883
2023,Female,1437.0,66.9
2023,Female,1442.0,66.933
2023,Female,1444.0,66.95
2023,Female,1446.0,66.967
2023,Female,1449.0,67.0
2023,Female,1451.0,67.017
2023,Female,1460.0,67.1
2023,Female,1462.0,67.133
2023,Female,1464.0,67.15
2023,Female,1469.0,67.183
2023,Female,1473.0,67.2
2023,Female,1477.0,67.217
2023,Female,1480.0,67.25
2023,Female,1480.0,67.25
2023,Female,1480.0,67.25
2023,Female,1484.0,67.283
2023,Female,1487.0,67.317
2023,Female,1489.0,67.333
2023,Female,1489.0,67.333
2023,Female,1491.0,67.35
2023,Female,1498.0,67.417
2023,Female,1502.0,67.45
2023,Female,1505.0,67.467
2023,Female,1512.0,67.5
2023,Female,1518.0,67.6
2023,Female,1519.0,67.617
2023,Female,1524.0,67.633
2023,Female,1525.0,67.65
2023,Female,1529.0,67.7
2023,Female,1533.0,67.75
2023,Female,1535.0,67.767
2023,Female,1549.0,67.9
2023,Female,1551.0,67.917
2023,Female,1555.0,67.95
2023,Female,1560.0,68.017
2023,Female,1561.0,68.033
2023,Female,1563.0,68.05
2023,Female,1568.0,68.117
2023,Female,1577.0,68.2
2023,Female,1586.0,68.267
2023,Female,1588.0,68.283
2023,Female,1594.0,68.4
2023,Female,1595.0,68.433
2023,Female,1595.0,68.433
2023,Female,1599.0,68.45
2023,Female,1601.0,68.467
2023,Female,1603.0,68.483
2023,Female,1603.0,68.483
2023,Female,1606.0,68.5
2023,Female,1611.0,68.567
2023,Female,1615.0,68.583
2023,Female,1619.0,68.6
2023,Female,1619.0,68.6
2023,Female,1622.0,68.633
2023,Female,1625.0,68.683
2023,Female,1630.0,68.717
2023,Female,1635.0,68.75
2023,Female,1635.0,68.75
2023,Female,1640.0,68.783
2023,Female,1645.0,68.883
2023,Female,1648.0,68.983
2023,Female,1649.0,69.017
2023,Female,1651.0,69.033
2023,Female,1653.0,69.067
2023,Female,1654.0,69.083
2023,Female,1655.0,69.1
2023,Female,1655.0,69.1
2023,Female,1658.0,69.117
2023,Female,1662.0,69.133
2023,Female,1664.0,69.167
2023,Female,1668.0,69.25
2023,Female,1671.0,69.267
2023,Female,1678.0,69.367
2023,Female,1680.0,69.4
2023,Female,1682.0,69.417
2023,Female,1688.0,69.467
2023,Female,1688.0,69.467
2023,Female,1696.0,69.6
2023,Female,1702.0,69.65
2023,Female,1702.0,69.65
2023,Female,1712.0,69.783
2023,Female,1715.0,69.817
2023,Female,1718.0,69.85
2023,Female,1720.0,69.9
2023,Female,1724.0,69.95
2023,Female,1726.0,70.017
2023,Female,1729.0,70.05
2023,Female,1730.0,70.067
2023,Female,1731.0,70.083
2023,Female,1738.0,70.183
2023,Female,1738.0,70.183
2023,Female,1742.0,70.25
2023,Female,1743.0,70.267
2023,Female,1746.0,70.283
2023,Female,1750.0,70.333
2023,Female,1750.0,70.333
2023,Female,1755.0,70.383
2023,Female,1761.0,70.55
2023,Female,1764.0,70.583
2023,Female,1766.0,70.6
2023,Female,1766.0,70.6
2023,Female,1768.0,70.617
2023,Female,1770.0,70.633
2023,Female,1774.0,70.717
2023,Female,1774.0,70.717
2023,Female,1776.0,70.733
2023,Female,1777.0,70.767
2023,Female,1777.0,70.767
2023,Female,1777.0,70.767
2023,Female,1781.0,70.817
2023,Female,1782.0,70.833
2023,Female,1782.0,70.833
2023,Female,1785.0,70.867
2023,Female,1796.0,71.067
2023,Female,1798.0,71.117
2023,Female,1811.0,71.283
2023,Female,1821.0,71.367
2023,Female,1825.0,71.45
2023,Female,1825.0,71.45
2023,Female,1827.0,71.483
2023,Female,1830.0,71.517
2023,Female,1830.0,71.517
2023,Female,1835.0,71.6
2023,Female,1838.0,71.65
2023,Female,1839.0,71.667
2023,Female,1840.0,71.683
2023,Female,1840.0,71.683
2023,Female,1844.0,71.75
2023,Female,1844.0,71.75
2023,Female,1844.0,71.75
2023,Female,1847.0,71.767
2023,Female,1852.0,71.817
2023,Female,1856.0,71.85
2023,Female,1859.0,71.917
2023,Female,1860.0,71.933
2023,Female,1863.0,71.967
2023,Female,1870.0,72.15
2023,Female,1873.0,72.2
2023,Female,1877.0,72.233
2023,Female,1881.0,72.283
2023,Female,1886.0,72.4
2023,Female,1887.0,72.417
2023,Female,1889.0,72.467
2023,Female,1890.0,72.483
2023,Female,1893.0,72.517
2023,Female,1894.0,72.55
2023,Female,1895.0,72.583
2023,Female,1898.0,72.6
2023,Female,1901.0,72.667
2023,Female,1903.0,72.717
2023,Female,1906.0,72.75
2023,Female,1908.0,72.767
2023,Female,1920.0,72.967
2023,Female,1922.0,73.033
2023,Female,1924.0,73.05
2023,Female,1924.0,73.05
2023,Female,1927.0,73.067
2023,Female,1927.0,73.067
2023,Female,1931.0,73.1
2023,Female,1933.0,73.133
2023,Female,1941.0,73.4
2023,Female,1942.0,73.417
2023,Female,1944.0,73.45
2023,Female,1945.0,73.467
2023,Female,1945.0,73.467
2023,Female,1949.0,73.517
2023,Female,1952.0,73.567
2023,Female,1953.0,73.583
2023,Female,1953.0,73.583
2023,Female,1956.0,73.633
2023,Female,1960.0,73.717
2023,Female,1964.0,73.783
2023,Female,1966.0,73.8
2023,Female,1967.0,73.817
2023,Female,1968.0,73.833
2023,Female,1970.0,73.85
2023,Female,1971.0,73.917
2023,Female,1974.0,74.033
2023,Female,1976.0,74.05
2023,Female,1980.0,74.133
2023,Female,1982.0,74.183
2023,Female,1982.0,74.183
2023,Female,1985.0,74.2
2023,Female,1988.0,74.25
2023,Female,1989.0,74.267
2023,Female,1989.0,74.267
2023,Female,1991.0,74.283
2023,Female,1996.0,74.367
2023,Female,1997.0,74.383
2023,Female,2002.0,74.5
2023,Female,2005.0,74.583
2023,Female,2005.0,74.583
2023,Female,2007.0,74.617
2023,Female,2010.0,74.667
2023,Female,2012.0,74.717
2023,Female,2015.0,74.85
2023,Female,2017.0,74.9
2023,Female,2020.0,74.917
2023,Female,2020.0,74.917
2023,Female,2024.0,74.983
2023,Female,2025.0,75.017
2023,Female,2027.0,75.083
2023,Female,2029.0,75.117
2023,Female,2032.0,75.25
2023,Female,2032.0,75.25
2023,Female,2035.0,75.283
2023,Female,2042.0,75.417
2023,Female,2043.0,75.433
2023,Female,2045.0,75.483
2023,Female,2048.0,75.533
2023,Female,2049.0,75.567
2023,Female,2051.0,75.6
2023,Female,2056.0,75.8
2023,Female,2062.0,75.85
2023,Female,2063.0,75.883
2023,Female,2064.0,75.9
2023,Female,2069.0,76.0
2023,Female,2070.0,76.017
2023,Female,2079.0,76.25
2023,Female,2082.0,76.367
2023,Female,2083.0,76.383
2023,Female,2084.0,76.417
2023,Female,2085.0,76.517
2023,Female,2086.0,76.533
2023,Female,2088.0,76.567
2023,Female,2092.0,76.683
2023,Female,2094.0,76.8
2023,Female,2102.0,76.867
2023,Female,2104.0,76.883
2023,Female,2110.0,76.983
2023,Female,2113.0,77.017
2023,Female,2116.0,77.05
2023,Female,2117.0,77.1
2023,Female,2120.0,77.2
2023,Female,2120.0,77.2
2023,Female,2123.0,77.3
2023,Female,2125.0,77.433
2023,Female,2130.0,77.567
2023,Female,2132.0,77.6
2023,Female,2133.0,77.65
2023,Female,2134.0,77.667
2023,Female,2135.0,77.683
2023,Female,2136.0,77.733
2023,Female,2137.0,77.767
2023,Female,2138.0,77.783
2023,Female,2138.0,77.783
2023,Female,2146.0,77.95
2023,Female,2150.0,78.05
2023,Female,2156.0,78.217
2023,Female,2158.0,78.35
2023,Female,2165.0,78.6
2023,Female,2167.0,78.817
2023,Female,2168.0,78.883
2023,Female,2168.0,78.883
2023,Female,2174.0,78.983
2023,Female,2176.0,79.033
2023,Female,2177.0,79.117
2023,Female,2178.0,79.183
2023,Female,2181.0,79.35
2023,Female,2188.0,79.683
2023,Female,2189.0,79.7
2023,Female,2190.0,79.767
2023,Female,2194.0,79.85
2023,Female,2198.0,80.15
2023,Female,2200.0,80.2
2023,Female,2202.0,80.4
2023,Female,2203.0,80.45
2023,Female,2205.0,80.5
2023,Female,2206.0,80.517
2023,Female,2210.0,80.733
2023,Female,2213.0,80.8
2023,Female,2214.0,80.9
2023,Female,2215.0,80.95
2023,Female,2219.0,81.0
2023,Female,2220.0,81.05
2023,Female,2223.0,81.233
2023,Female,2225.0,81.283
2023,Female,2225.0,81.283
2023,Female,2227.0,81.3
2023,Female,2231.0,81.4
2023,Female,2232.0,81.583
2023,Female,2236.0,81.933
2023,Female,2239.0,82.183
2023,Female,2241.0,82.35
2023,Female,2243.0,82.383
2023,Female,2247.0,82.567
2023,Female,2251.0,82.983
2023,Female,2252.0,83.083
2023,Female,2255.0,83.217
2023,Female,2256.0,83.283
2023,Female,2258.0,83.517
2023,Female,2263.0,83.833
2023,Female,2266.0,84.4
2023,Female,2268.0,85.25
2023,Female,2269.0,85.267
2023,Female,2270.0,85.3
2023,Female,2271.0,85.433
2023,Female,2272.0,85.5
2023,Female,2276.0,85.667
2023,Female,2279.0,85.75
2023,Female,2281.0,85.9
2023,Female,2286.0,86.35
2023,Female,2287.0,86.45
2023,Female,2288.0,86.467
2023,Female,2290.0,86.517
2023,Female,2291.0,86.533
2023,Female,2294.0,86.833
2023,Female,2295.0,86.983
2023,Female,2298.0,87.133
2023,Female,2300.0,87.383
2023,Female,2302.0,87.833
2023,Female,2305.0,88.45
2023,Female,2310.0,89.3
2023,Female,2313.0,89.5
2023,Female,2314.0,89.55
2023,Female,2315.0,89.567
2023,Female,2318.0,89.8
2023,Female,2319.0,89.933
2023,Female,2321.0,90.1
2023,Female,2323.0,90.317
2023,Female,2325.0,92.267
2023,Female,2329.0,95.15
2023,Female,2330.0,95.35
2023,Female,2331.0,95.75
2023,Female,2332.0,95.8
2023,Female,2334.0,96.967
2023,Female,2335.0,97.3
2023,Female,2344.0,103.9
2023,Female,2345.0,104.15
2024,Male,1.0,45.45
2024,Male,2.0,45.6
2024,Male,3.0,45.667
2024,Male,4.0,46.483
2024,Male,5.0,46.533
2024,Male,6.0,46.583
2024,Male,9.0,47.567
2024,Male,11.0,47.717
2024,Male,12.0,48.05
2024,Male,13.0,48.25
2024,Male,15.0,48.85
2024,Male,17.0,49.1
2024,Male,18.0,49.483
2024,Male,19.0,49.65
2024,Male,20.0,49.717
2024,Male,21.0,49.867
2024,Male,22.0,49.883
2024,Male,23.0,50.05
2024,Male,24.0,50.15
2024,Male,25.0,50.217
2024,Male,26.0,50.233
2024,Male,26.0,50.233
2024,Male,28.0,50.3
2024,Male,29.0,50.333
2024,Male,31.0,50.417
2024,Male,32.0,50.45
2024,Male,32.0,50.45
2024,Male,34.0,50.583
2024,Male,36.0,50.617
2024,Male,38.0,50.733
2024,Male,39.0,50.75
2024,Male,42.0,50.967
2024,Male,43.0,51.0
2024,Male,44.0,51.033
2024,Male,45.0,51.1
2024,Male,47.0,51.367
2024,Male,48.0,51.467
2024,Male,49.0,51.667
2024,Male,50.0,51.717
2024,Male,51.0,51.8
2024,Male,52.0,51.817
2024,Male,53.0,51.85
2024,Male,55.0,51.967
2024,Male,56.0,52.05
2024,Male,59.0,52.217
2024,Male,61.0,52.283
2024,Male,62.0,52.3
2024,Male,63.0,52.35
2024,Male,63.0,52.35
2024,Male,65.0,52.383
2024,Male,65.0,52.383
2024,Male,68.0,52.417
2024,Male,68.0,52.417
2024,Male,70.0,52.433
2024,Male,72.0,52.5
2024,Male,73.0,52.55
2024,Male,75.0,52.617
2024,Male,76.0,52.7
2024,Male,78.0,52.783
2024,Male,80.0,52.85
2024,Male,81.0,52.883
2024,Male,83.0,52.967
2024,Male,83.0,52.967
2024,Male,85.0,53.0
2024,Male,86.0,53.067
2024,Male,87.0,53.117
2024,Male,89.0,53.2
2024,Male,90.0,53.217
2024,Male,91.0,53.233
2024,Male,94.0,53.4
2024,Male,96.0,53.517
2024,Male,96.0,53.517
2024,Male,98.0,53.567
2024,Male,100.0,53.683
2024,Male,100.0,53.683
2024,Male,103.0,53.733
2024,Male,104.0,53.767
2024,Male,106.0,53.833
2024,Male,109.0,53.883
2024,Male,110.0,53.967
2024,Male,111.0,53.983
2024,Male,115.0,54.15
2024,Male,116.0,54.167
2024,Male,117.0,54.217
2024,Male,118.0,54.25
2024,Male,119.0,54.267
2024,Male,120.0,54.333
2024,Male,121.0,54.35
2024,Male,122.0,54.417
2024,Male,123.0,54.45
2024,Male,124.0,54.517
2024,Male,127.0,54.617
2024,Male,129.0,54.683
2024,Male,130.0,54.733
2024,Male,131.0,54.75
2024,Male,132.0,54.767
2024,Male,134.0,54.8
2024,Male,136.0,54.817
2024,Male,137.0,54.867
2024,Male,137.0,54.867
2024,Male,137.0,54.867
2024,Male,140.0,54.883
2024,Male,140.0,54.883
2024,Male,142.0,54.9
2024,Male,143.0,54.917
2024,Male,144.0,54.95
2024,Male,144.0,54.95
2024,Male,146.0,54.967
2024,Male,146.0,54.967
2024,Male,149.0,54.983
2024,Male,150.0,55.0
2024,Male,151.0,55.017
2024,Male,152.0,55.033
2024,Male,153.0,55.05
2024,Male,154.0,55.083
2024,Male,155.0,55.133
2024,Male,156.0,55.167
2024,Male,158.0,55.183
2024,Male,159.0,55.25
2024,Male,161.0,55.317
2024,Male,161.0,55.317
2024,Male,165.0,55.483
2024,Male,166.0,55.533
2024,Male,167.0,55.55
2024,Male,168.0,55.583
2024,Male,169.0,55.617
2024,Male,169.0,55.617
2024,Male,171.0,55.633
2024,Male,172.0,55.65
2024,Male,173.0,55.667
2024,Male,174.0,55.683
2024,Male,176.0,55.717
2024,Male,176.0,55.717
2024,Male,176.0,55.717
2024,Male,179.0,55.75
2024,Male,180.0,55.767
2024,Male,180.0,55.767
2024,Male,180.0,55.767
2024,Male,183.0,55.8
2024,Male,183.0,55.8
2024,Male,183.0,55.8
2024,Male,187.0,55.833
2024,Male,187.0,55.833
2024,Male,190.0,55.883
2024,Male,191.0,55.917
2024,Male,193.0,55.95
2024,Male,194.0,55.967
2024,Male,195.0,56.05
2024,Male,196.0,56.067
2024,Male,197.0,56.083
2024,Male,197.0,56.083
2024,Male,199.0,56.1
2024,Male,199.0,56.1
2024,Male,199.0,56.1
2024,Male,202.0,56.133
2024,Male,203.0,56.15
2024,Male,204.0,56.183
2024,Male,205.0,56.2
2024,Male,205.0,56.2
2024,Male,208.0,56.217
2024,Male,210.0,56.267
2024,Male,212.0,56.283
2024,Male,213.0,56.3
2024,Male,215.0,56.317
2024,Male,215.0,56.317
2024,Male,217.0,56.333
2024,Male,218.0,56.383
2024,Male,218.0,56.383
2024,Male,220.0,56.4
2024,Male,221.0,56.483
2024,Male,223.0,56.517
2024,Male,223.0,56.517
2024,Male,227.0,56.6
2024,Male,228.0,56.617
2024,Male,229.0,56.633
2024,Male,229.0,56.633
2024,Male,231.0,56.65
2024,Male,233.0,56.667
2024,Male,235.0,56.683
2024,Male,235.0,56.683
2024,Male,239.0,56.717
2024,Male,239.0,56.717
2024,Male,239.0,56.717
2024,Male,243.0,56.783
2024,Male,243.0,56.783
2024,Male,248.0,56.933
2024,Male,248.0,56.933
2024,Male,250.0,56.95
2024,Male,251.0,56.967
2024,Male,253.0,57.033
2024,Male,253.0,57.033
2024,Male,255.0,57.067
2024,Male,255.0,57.067
2024,Male,258.0,57.083
2024,Male,260.0,57.1
2024,Male,261.0,57.117
2024,Male,261.0,57.117
2024,Male,264.0,57.183
2024,Male,265.0,57.2
2024,Male,266.0,57.217
2024,Male,269.0,57.25
2024,Male,270.0,57.267
2024,Male,270.0,57.267
2024,Male,270.0,57.267
2024,Male,270.0,57.267
2024,Male,275.0,57.283
2024,Male,275.0,57.283
2024,Male,277.0,57.3
2024,Male,277.0,57.3
2024,Male,279.0,57.317
2024,Male,281.0,57.333
2024,Male,282.0,57.35
2024,Male,283.0,57.4
2024,Male,285.0,57.417
2024,Male,288.0,57.45
2024,Male,289.0,57.517
2024,Male,289.0,57.517
2024,Male,291.0,57.533
2024,Male,292.0,57.583
2024,Male,293.0,57.6
2024,Male,294.0,57.617
2024,Male,294.0,57.617
2024,Male,294.0,57.617
2024,Male,294.0,57.617
2024,Male,294.0,57.617
2024,Male,299.0,57.683
2024,Male,299.0,57.683
2024,Male,301.0,57.7
2024,Male,303.0,57.733
2024,Male,304.0,57.75
2024,Male,305.0,57.767
2024,Male,305.0,57.767
2024,Male,307.0,57.783
2024,Male,307.0,57.783
2024,Male,309.0,57.8
2024,Male,309.0,57.8
2024,Male,311.0,57.817
2024,Male,312.0,57.833
2024,Male,312.0,57.833
2024,Male,314.0,57.867
2024,Male,318.0,57.933
2024,Male,319.0,57.967
2024,Male,319.0,57.967
2024,Male,319.0,57.967
2024,Male,323.0,57.983
2024,Male,323.0,57.983
2024,Male,325.0,58.083
2024,Male,326.0,58.1
2024,Male,330.0,58.2
2024,Male,330.0,58.2
2024,Male,330.0,58.2
2024,Male,333.0,58.233
2024,Male,333.0,58.233
2024,Male,333.0,58.233
2024,Male,336.0,58.25
2024,Male,337.0,58.267
2024,Male,339.0,58.3
2024,Male,339.0,58.3
2024,Male,339.0,58.3
2024,Male,342.0,58.317
2024,Male,342.0,58.317
2024,Male,345.0,58.35
2024,Male,345.0,58.35
2024,Male,347.0,58.367
2024,Male,347.0,58.367
2024,Male,350.0,58.4
2024,Male,350.0,58.4
2024,Male,352.0,58.417
2024,Male,352.0,58.417
2024,Male,354.0,58.433
2024,Male,354.0,58.433
2024,Male,357.0,58.467
2024,Male,359.0,58.517
2024,Male,359.0,58.517
2024,Male,361.0,58.533
2024,Male,361.0,58.533
2024,Male,363.0,58.55
2024,Male,366.0,58.583
2024,Male,366.0,58.583
2024,Male,369.0,58.617
2024,Male,371.0,58.667
2024,Male,371.0,58.667
2024,Male,374.0,58.717
2024,Male,375.0,58.733
2024,Male,375.0,58.733
2024,Male,377.0,58.75
2024,Male,378.0,58.767
2024,Male,378.0,58.767
2024,Male,382.0,58.833
2024,Male,382.0,58.833
2024,Male,382.0,58.833
2024,Male,382.0,58.833
2024,Male,386.0,58.85
2024,Male,386.0,58.85
2024,Male,386.0,58.85
2024,Male,389.0,58.867
2024,Male,390.0,58.883
2024,Male,390.0,58.883
2024,Male,392.0,58.933
2024,Male,394.0,58.967
2024,Male,395.0,58.983
2024,Male,395.0,58.983
2024,Male,398.0,59.017
2024,Male,398.0,59.017
2024,Male,401.0,59.033
2024,Male,402.0,59.05
2024,Male,402.0,59.05
2024,Male,405.0,59.067
2024,Male,405.0,59.067
2024,Male,407.0,59.083
2024,Male,408.0,59.1
2024,Male,409.0,59.133
2024,Male,409.0,59.133
2024,Male,411.0,59.167
2024,Male,412.0,59.183
2024,Male,413.0,59.267
2024,Male,415.0,59.283
2024,Male,416.0,59.3
2024,Male,418.0,59.383
2024,Male,418.0,59.383
2024,Male,418.0,59.383
2024,Male,421.0,59.4
2024,Male,422.0,59.433
2024,Male,423.0,59.467
2024,Male,423.0,59.467
2024,Male,425.0,59.483
2024,Male,426.0,59.5
2024,Male,426.0,59.5
2024,Male,426.0,59.5
2024,Male,429.0,59.517
2024,Male,430.0,59.533
2024,Male,431.0,59.55
2024,Male,432.0,59.567
2024,Male,433.0,59.6
2024,Male,436.0,59.617
2024,Male,437.0,59.633
2024,Male,437.0,59.633
2024,Male,437.0,59.633
2024,Male,440.0,59.667
2024,Male,440.0,59.667
2024,Male,440.0,59.667
2024,Male,440.0,59.667
2024,Male,445.0,59.683
2024,Male,445.0,59.683
2024,Male,447.0,59.7
2024,Male,447.0,59.7
2024,Male,452.0,59.75
2024,Male,452.0,59.75
2024,Male,454.0,59.767
2024,Male,456.0,59.783
2024,Male,457.0,59.8
2024,Male,458.0,59.817
2024,Male,458.0,59.817
2024,Male,460.0,59.833
2024,Male,460.0,59.833
2024,Male,460.0,59.833
2024,Male,463.0,59.867
2024,Male,463.0,59.867
2024,Male,465.0,59.883
2024,Male,465.0,59.883
2024,Male,465.0,59.883
2024,Male,468.0,59.917
2024,Male,469.0,59.933
2024,Male,469.0,59.933
2024,Male,471.0,59.95
2024,Male,473.0,59.983
2024,Male,473.0,59.983
2024,Male,473.0,59.983
2024,Male,478.0,60.033
2024,Male,478.0,60.033
2024,Male,480.0,60.05
2024,Male,482.0,60.067
2024,Male,482.0,60.067
2024,Male,484.0,60.083
2024,Male,484.0,60.083
2024,Male,486.0,60.1
2024,Male,486.0,60.1
2024,Male,488.0,60.117
2024,Male,488.0,60.117
2024,Male,488.0,60.117
2024,Male,491.0,60.133
2024,Male,491.0,60.133
2024,Male,493.0,60.167
2024,Male,494.0,60.183
2024,Male,494.0,60.183
2024,Male,496.0,60.2
2024,Male,496.0,60.2
2024,Male,498.0,60.217
2024,Male,499.0,60.233
2024,Male,501.0,60.25
2024,Male,502.0,60.267
2024,Male,504.0,60.3
2024,Male,505.0,60.317
2024,Male,505.0,60.317
2024,Male,507.0,60.333
2024,Male,509.0,60.367
2024,Male,510.0,60.383
2024,Male,512.0,60.417
2024,Male,513.0,60.433
2024,Male,513.0,60.433
2024,Male,516.0,60.467
2024,Male,516.0,60.467
2024,Male,516.0,60.467
2024,Male,516.0,60.467
2024,Male,520.0,60.483
2024,Male,522.0,60.5
2024,Male,522.0,60.5
2024,Male,524.0,60.517
2024,Male,525.0,60.533
2024,Male,525.0,60.533
2024,Male,527.0,60.55
2024,Male,527.0,60.55
2024,Male,531.0,60.583
2024,Male,531.0,60.583
2024,Male,533.0,60.6
2024,Male,534.0,60.617
2024,Male,534.0,60.617
2024,Male,534.0,60.617
2024,Male,537.0,60.633
2024,Male,538.0,60.65
2024,Male,539.0,60.667
2024,Male,541.0,60.7
2024,Male,541.0,60.7
2024,Male,543.0,60.717
2024,Male,545.0,60.733
2024,Male,545.0,60.733
2024,Male,545.0,60.733
2024,Male,550.0,60.75
2024,Male,550.0,60.75
2024,Male,553.0,60.767
2024,Male,553.0,60.767
2024,Male,555.0,60.783
2024,Male,556.0,60.817
2024,Male,556.0,60.817
2024,Male,559.0,60.833
2024,Male,559.0,60.833
2024,Male,559.0,60.833
2024,Male,562.0,60.85
2024,Male,563.0,60.883
2024,Male,563.0,60.883
2024,Male,565.0,60.917
2024,Male,565.0,60.917
2024,Male,569.0,60.933
2024,Male,570.0,60.95
2024,Male,570.0,60.95
2024,Male,572.0,60.967
2024,Male,572.0,60.967
2024,Male,574.0,60.983
2024,Male,574.0,60.983
2024,Male,574.0,60.983
2024,Male,577.0,61.0
2024,Male,579.0,61.033
2024,Male,581.0,61.067
2024,Male,582.0,61.083
2024,Male,582.0,61.083
2024,Male,585.0,61.1
2024,Male,585.0,61.1
2024,Male,587.0,61.117
2024,Male,587.0,61.117
2024,Male,587.0,61.117
2024,Male,591.0,61.133
2024,Male,591.0,61.133
2024,Male,591.0,61.133
2024,Male,591.0,61.133
2024,Male,597.0,61.15
2024,Male,597.0,61.15
2024,Male,599.0,61.167
2024,Male,599.0,61.167
2024,Male,601.0,61.183
2024,Male,606.0,61.233
2024,Male,608.0,61.25
2024,Male,609.0,61.267
2024,Male,609.0,61.267
2024,Male,612.0,61.283
2024,Male,613.0,61.317
2024,Male,613.0,61.317
2024,Male,615.0,61.35
2024,Male,615.0,61.35
2024,Male,618.0,61.367
2024,Male,618.0,61.367
2024,Male,618.0,61.367
2024,Male,618.0,61.367
2024,Male,618.0,61.367
2024,Male,623.0,61.383
2024,Male,623.0,61.383
2024,Male,625.0,61.4
2024,Male,625.0,61.4
2024,Male,625.0,61.4
2024,Male,629.0,61.433
2024,Male,629.0,61.433
2024,Male,629.0,61.433
2024,Male,629.0,61.433
2024,Male,633.0,61.45
2024,Male,633.0,61.45
2024,Male,636.0,61.467
2024,Male,636.0,61.467
2024,Male,638.0,61.5
2024,Male,639.0,61.517
2024,Male,639.0,61.517
2024,Male,639.0,61.517
2024,Male,639.0,61.517
2024,Male,639.0,61.517
2024,Male,644.0,61.533
2024,Male,644.0,61.533
2024,Male,644.0,61.533
2024,Male,649.0,61.55
2024,Male,651.0,61.567
2024,Male,651.0,61.567
2024,Male,651.0,61.567
2024,Male,654.0,61.583
2024,Male,655.0,61.6
2024,Male,656.0,61.617
2024,Male,656.0,61.617
2024,Male,662.0,61.667
2024,Male,662.0,61.667
2024,Male,664.0,61.683
2024,Male,665.0,61.7
2024,Male,665.0,61.7
2024,Male,668.0,61.733
2024,Male,668.0,61.733
2024,Male,670.0,61.75
2024,Male,670.0,61.75
2024,Male,673.0,61.767
2024,Male,673.0,61.767
2024,Male,675.0,61.783
2024,Male,678.0,61.8
2024,Male,679.0,61.817
2024,Male,679.0,61.817
2024,Male,679.0,61.817
2024,Male,683.0,61.85
2024,Male,683.0,61.85
2024,Male,683.0,61.85
2024,Male,683.0,61.85
2024,Male,687.0,61.867
2024,Male,687.0,61.867
2024,Male,689.0,61.9
2024,Male,689.0,61.9
2024,Male,689.0,61.9
2024,Male,692.0,61.917
2024,Male,692.0,61.917
2024,Male,694.0,61.933
2024,Male,694.0,61.933
2024,Male,694.0,61.933
2024,Male,694.0,61.933
2024,Male,699.0,61.95
2024,Male,702.0,61.967
2024,Male,702.0,61.967
2024,Male,702.0,61.967
2024,Male,702.0,61.967
2024,Male,702.0,61.967
2024,Male,702.0,61.967
2024,Male,709.0,61.983
2024,Male,709.0,61.983
2024,Male,709.0,61.983
2024,Male,713.0,62.017
2024,Male,713.0,62.017
2024,Male,713.0,62.017
2024,Male,716.0,62.033
2024,Male,716.0,62.033
2024,Male,719.0,62.05
2024,Male,719.0,62.05
2024,Male,719.0,62.05
2024,Male,722.0,62.067
2024,Male,722.0,62.067
2024,Male,726.0,62.1
2024,Male,727.0,62.117
2024,Male,728.0,62.133
2024,Male,730.0,62.15
2024,Male,731.0,62.167
2024,Male,731.0,62.167
2024,Male,733.0,62.183
2024,Male,734.0,62.2
2024,Male,735.0,62.217
2024,Male,735.0,62.217
2024,Male,739.0,62.233
2024,Male,739.0,62.233
2024,Male,739.0,62.233
2024,Male,743.0,62.25
2024,Male,743.0,62.25
2024,Male,743.0,62.25
2024,Male,746.0,62.267
2024,Male,746.0,62.267
2024,Male,749.0,62.3
2024,Male,750.0,62.333
2024,Male,751.0,62.35
2024,Male,752.0,62.367
2024,Male,752.0,62.367
2024,Male,754.0,62.383
2024,Male,754.0,62.383
2024,Male,757.0,62.4
2024,Male,757.0,62.4
2024,Male,757.0,62.4
2024,Male,760.0,62.417
2024,Male,761.0,62.433
2024,Male,761.0,62.433
2024,Male,761.0,62.433
2024,Male,761.0,62.433
2024,Male,761.0,62.433
2024,Male,761.0,62.433
2024,Male,769.0,62.45
2024,Male,769.0,62.45
2024,Male,769.0,62.45
2024,Male,769.0,62.45
2024,Male,769.0,62.45
2024,Male,774.0,62.483
2024,Male,774.0,62.483
2024,Male,774.0,62.483
2024,Male,774.0,62.483
2024,Male,779.0,62.5
2024,Male,779.0,62.5
2024,Male,779.0,62.5
2024,Male,782.0,62.517
2024,Male,783.0,62.533
2024,Male,785.0,62.567
2024,Male,785.0,62.567
2024,Male,785.0,62.567
2024,Male,785.0,62.567
2024,Male,785.0,62.567
2024,Male,790.0,62.583
2024,Male,790.0,62.583
2024,Male,790.0,62.583
2024,Male,790.0,62.583
2024,Male,790.0,62.583
2024,Male,796.0,62.6
2024,Male,797.0,62.65
2024,Male,797.0,62.65
2024,Male,799.0,62.667
2024,Male,799.0,62.667
2024,Male,803.0,62.683
2024,Male,803.0,62.683
2024,Male,803.0,62.683
2024,Male,803.0,62.683
2024,Male,807.0,62.7
2024,Male,807.0,62.7
2024,Male,807.0,62.7
2024,Male,807.0,62.7
2024,Male,811.0,62.717
2024,Male,812.0,62.733
2024,Male,813.0,62.75
2024,Male,813.0,62.75
2024,Male,813.0,62.75
2024,Male,816.0,62.767
2024,Male,816.0,62.767
2024,Male,818.0,62.783
2024,Male,820.0,62.8
2024,Male,820.0,62.8
2024,Male,820.0,62.8
2024,Male,820.0,62.8
2024,Male,820.0,62.8
2024,Male,825.0,62.817
2024,Male,825.0,62.817
2024,Male,825.0,62.817
2024,Male,830.0,62.85
2024,Male,830.0,62.85
2024,Male,830.0,62.85
2024,Male,834.0,62.883
2024,Male,834.0,62.883
2024,Male,836.0,62.9
2024,Male,836.0,62.9
2024,Male,838.0,62.917
2024,Male,838.0,62.917
2024,Male,838.0,62.917
2024,Male,838.0,62.917
2024,Male,843.0,62.933
2024,Male,843.0,62.933
2024,Male,845.0,62.95
2024,Male,845.0,62.95
2024,Male,845.0,62.95
2024,Male,845.0,62.95
2024,Male,849.0,62.983
2024,Male,849.0,62.983
2024,Male,849.0,62.983
2024,Male,854.0,63.0
2024,Male,854.0,63.0
2024,Male,856.0,63.017
2024,Male,857.0,63.033
2024,Male,857.0,63.033
2024,Male,859.0,63.05
2024,Male,859.0,63.05
2024,Male,859.0,63.05
2024,Male,863.0,63.067
2024,Male,865.0,63.083
2024,Male,866.0,63.1
2024,Male,866.0,63.1
2024,Male,870.0,63.117
2024,Male,870.0,63.117
2024,Male,870.0,63.117
2024,Male,870.0,63.117
2024,Male,875.0,63.133
2024,Male,875.0,63.133
2024,Male,877.0,63.15
2024,Male,877.0,63.15
2024,Male,877.0,63.15
2024,Male,877.0,63.15
2024,Male,881.0,63.167
2024,Male,882.0,63.183
2024,Male,883.0,63.2
2024,Male,883.0,63.2
2024,Male,885.0,63.217
2024,Male,885.0,63.217
2024,Male,888.0,63.25
2024,Male,889.0,63.267
2024,Male,893.0,63.283
2024,Male,893.0,63.283
2024,Male,893.0,63.283
2024,Male,898.0,63.317
2024,Male,898.0,63.317
2024,Male,900.0,63.333
2024,Male,900.0,63.333
2024,Male,903.0,63.367
2024,Male,904.0,63.383
2024,Male,905.0,63.4
2024,Male,906.0,63.417
2024,Male,908.0,63.433
2024,Male,908.0,63.433
2024,Male,908.0,63.433
2024,Male,908.0,63.433
2024,Male,913.0,63.45
2024,Male,913.0,63.45
2024,Male,915.0,63.467
2024,Male,915.0,63.467
2024,Male,915.0,63.467
2024,Male,915.0,63.467
2024,Male,915.0,63.467
2024,Male,915.0,63.467
2024,Male,922.0,63.483
2024,Male,922.0,63.483
2024,Male,922.0,63.483
2024,Male,922.0,63.483
2024,Male,927.0,63.5
2024,Male,927.0,63.5
2024,Male,927.0,63.5
2024,Male,930.0,63.517
2024,Male,930.0,63.517
2024,Male,930.0,63.517
2024,Male,933.0,63.533
2024,Male,933.0,63.533
2024,Male,933.0,63.533
2024,Male,933.0,63.533
2024,Male,937.0,63.55
2024,Male,937.0,63.55
2024,Male,937.0,63.55
2024,Male,942.0,63.583
2024,Male,944.0,63.617
2024,Male,945.0,63.633
2024,Male,945.0,63.633
2024,Male,947.0,63.65
2024,Male,949.0,63.683
2024,Male,949.0,63.683
2024,Male,949.0,63.683
2024,Male,954.0,63.717
2024,Male,955.0,63.75
2024,Male,955.0,63.75
2024,Male,958.0,63.767
2024,Male,958.0,63.767
2024,Male,960.0,63.783
2024,Male,961.0,63.8
2024,Male,962.0,63.817
2024,Male,962.0,63.817
2024,Male,962.0,63.817
2024,Male,962.0,63.817
2024,Male,967.0,63.833
2024,Male,967.0,63.833
2024,Male,967.0,63.833
2024,Male,967.0,63.833
2024,Male,971.0,63.85
2024,Male,972.0,63.867
2024,Male,973.0,63.883
2024,Male,973.0,63.883
2024,Male,973.0,63.883
2024,Male,973.0,63.883
2024,Male,978.0,63.9
2024,Male,978.0,63.9
2024,Male,978.0,63.9
2024,Male,981.0,63.917
2024,Male,981.0,63.917
2024,Male,984.0,63.933
2024,Male,986.0,63.95
2024,Male,986.0,63.95
2024,Male,986.0,63.95
2024,Male,989.0,63.967
2024,Male,990.0,63.983
2024,Male,990.0,63.983
2024,Male,992.0,64.0
2024,Male,994.0,64.033
2024,Male,994.0,64.033
2024,Male,994.0,64.033
2024,Male,998.0,64.05
2024,Male,999.0,64.067
2024,Male,999.0,64.067
2024,Male,999.0,64.067
2024,Male,1002.0,64.083
2024,Male,1002.0,64.083
2024,Male,1002.0,64.083
2024,Male,1005.0,64.1
2024,Male,1005.0,64.1
2024,Male,1007.0,64.117
2024,Male,1007.0,64.117
2024,Male,1007.0,64.117
2024,Male,1007.0,64.117
2024,Male,1011.0,64.133
2024,Male,1011.0,64.133
2024,Male,1011.0,64.133
2024,Male,1014.0,64.15
2024,Male,1014.0,64.15
2024,Male,1014.0,64.15
2024,Male,1014.0,64.15
2024,Male,1014.0,64.15
2024,Male,1021.0,64.167
2024,Male,1024.0,64.183
2024,Male,1024.0,64.183
2024,Male,1027.0,64.2
2024,Male,1028.0,64.217
2024,Male,1030.0,64.25
2024,Male,1030.0,64.25
2024,Male,1033.0,64.267
2024,Male,1034.0,64.283
2024,Male,1035.0,64.3
2024,Male,1036.0,64.317
2024,Male,1036.0,64.317
2024,Male,1036.0,64.317
2024,Male,1036.0,64.317
2024,Male,1036.0,64.317
2024,Male,1041.0,64.333
2024,Male,1042.0,64.35
2024,Male,1044.0,64.367
2024,Male,1044.0,64.367
2024,Male,1046.0,64.383
2024,Male,1048.0,64.4
2024,Male,1048.0,64.4
2024,Male,1054.0,64.45
2024,Male,1055.0,64.483
2024,Male,1056.0,64.5
2024,Male,1058.0,64.517
2024,Male,1058.0,64.517
2024,Male,1060.0,64.55
2024,Male,1060.0,64.55
2024,Male,1063.0,64.567
2024,Male,1065.0,64.583
2024,Male,1065.0,64.583
2024,Male,1067.0,64.6
2024,Male,1067.0,64.6
2024,Male,1067.0,64.6
2024,Male,1067.0,64.6
2024,Male,1073.0,64.617
2024,Male,1073.0,64.617
2024,Male,1073.0,64.617
2024,Male,1073.0,64.617
2024,Male,1077.0,64.633
2024,Male,1077.0,64.633
2024,Male,1077.0,64.633
2024,Male,1077.0,64.633
2024,Male,1081.0,64.65
2024,Male,1081.0,64.65
2024,Male,1081.0,64.65
2024,Male,1084.0,64.667
2024,Male,1084.0,64.667
2024,Male,1086.0,64.683
2024,Male,1086.0,64.683
2024,Male,1086.0,64.683
2024,Male,1090.0,64.7
2024,Male,1092.0,64.717
2024,Male,1095.0,64.733
2024,Male,1098.0,64.75
2024,Male,1098.0,64.75
2024,Male,1100.0,64.767
2024,Male,1100.0,64.767
2024,Male,1102.0,64.783
2024,Male,1102.0,64.783
2024,Male,1102.0,64.783
2024,Male,1107.0,64.8
2024,Male,1107.0,64.8
2024,Male,1110.0,64.817
2024,Male,1110.0,64.817
2024,Male,1110.0,64.817
2024,Male,1113.0,64.833
2024,Male,1113.0,64.833
2024,Male,1117.0,64.85
2024,Male,1122.0,64.883
2024,Male,1124.0,64.9
2024,Male,1124.0,64.9
2024,Male,1127.0,64.933
2024,Male,1128.0,64.95
2024,Male,1128.0,64.95
2024,Male,1128.0,64.95
2024,Male,1128.0,64.95
2024,Male,1128.0,64.95
2024,Male,1128.0,64.95
2024,Male,1136.0,64.967
2024,Male,1136.0,64.967
2024,Male,1136.0,64.967
2024,Male,1136.0,64.967
2024,Male,1136.0,64.967
2024,Male,1141.0,64.983
2024,Male,1142.0,65.0
2024,Male,1142.0,65.0
2024,Male,1142.0,65.0
2024,Male,1148.0,65.017
2024,Male,1148.0,65.017
2024,Male,1148.0,65.017
2024,Male,1148.0,65.017
2024,Male,1152.0,65.033
2024,Male,1152.0,65.033
2024,Male,1152.0,65.033
2024,Male,1152.0,65.033
2024,Male,1157.0,65.067
2024,Male,1159.0,65.083
2024,Male,1159.0,65.083
2024,Male,1159.0,65.083
2024,Male,1159.0,65.083
2024,Male,1159.0,65.083
2024,Male,1159.0,65.083
2024,Male,1169.0,65.1
2024,Male,1169.0,65.1
2024,Male,1169.0,65.1
2024,Male,1173.0,65.117
2024,Male,1174.0,65.133
2024,Male,1174.0,65.133
2024,Male,1174.0,65.133
2024,Male,1177.0,65.15
2024,Male,1179.0,65.167
2024,Male,1179.0,65.167
2024,Male,1182.0,65.183
2024,Male,1182.0,65.183
2024,Male,1182.0,65.183
2024,Male,1187.0,65.2
2024,Male,1189.0,65.217
2024,Male,1189.0,65.217
2024,Male,1192.0,65.233
2024,Male,1192.0,65.233
2024,Male,1192.0,65.233
2024,Male,1192.0,65.233
2024,Male,1196.0,65.25
2024,Male,1196.0,65.25
2024,Male,1200.0,65.267
2024,Male,1200.0,65.267
2024,Male,1202.0,65.283
2024,Male,1202.0,65.283
2024,Male,1202.0,65.283
2024,Male,1202.0,65.283
2024,Male,1206.0,65.3
2024,Male,1206.0,65.3
2024,Male,1210.0,65.317
2024,Male,1210.0,65.317
2024,Male,1212.0,65.333
2024,Male,1213.0,65.35
2024,Male,1213.0,65.35
2024,Male,1216.0,65.367
2024,Male,1216.0,65.367
2024,Male,1219.0,65.383
2024,Male,1219.0,65.383
2024,Male,1219.0,65.383
2024,Male,1219.0,65.383
2024,Male,1224.0,65.417
2024,Male,1224.0,65.417
2024,Male,1224.0,65.417
2024,Male,1227.0,65.433
2024,Male,1227.0,65.433
2024,Male,1227.0,65.433
2024,Male,1227.0,65.433
2024,Male,1232.0,65.45
2024,Male,1232.0,65.45
2024,Male,1232.0,65.45
2024,Male,1232.0,65.45
2024,Male,1237.0,65.467
2024,Male,1237.0,65.467
2024,Male,1239.0,65.483
2024,Male,1239.0,65.483
2024,Male,1239.0,65.483
2024,Male,1242.0,65.5
2024,Male,1242.0,65.5
2024,Male,1242.0,65.5
2024,Male,1245.0,65.517
2024,Male,1245.0,65.517
2024,Male,1248.0,65.567
2024,Male,1248.0,65.567
2024,Male,1250.0,65.583
2024,Male,1250.0,65.583
2024,Male,1254.0,65.6
2024,Male,1254.0,65.6
2024,Male,1254.0,65.6
2024,Male,1257.0,65.617
2024,Male,1260.0,65.633
2024,Male,1261.0,65.65
2024,Male,1261.0,65.65
2024,Male,1265.0,65.667
2024,Male,1267.0,65.683
2024,Male,1267.0,65.683
2024,Male,1267.0,65.683
2024,Male,1273.0,65.733
2024,Male,1276.0,65.75
2024,Male,1278.0,65.767
2024,Male,1278.0,65.767
2024,Male,1278.0,65.767
2024,Male,1278.0,65.767
2024,Male,1283.0,65.783
2024,Male,1283.0,65.783
2024,Male,1283.0,65.783
2024,Male,1288.0,65.8
2024,Male,1288.0,65.8
2024,Male,1292.0,65.85
2024,Male,1292.0,65.85
2024,Male,1296.0,65.867
2024,Male,1296.0,65.867
2024,Male,1298.0,65.883
2024,Male,1298.0,65.883
2024,Male,1301.0,65.9
2024,Male,1304.0,65.917
2024,Male,1304.0,65.917
2024,Male,1304.0,65.917
2024,Male,1304.0,65.917
2024,Male,1308.0,65.933
2024,Male,1310.0,65.967
2024,Male,1310.0,65.967
2024,Male,1314.0,65.983
2024,Male,1316.0,66.017
2024,Male,1317.0,66.033
2024,Male,1317.0,66.033
2024,Male,1317.0,66.033
2024,Male,1320.0,66.05
2024,Male,1322.0,66.067
2024,Male,1323.0,66.083
2024,Male,1324.0,66.1
2024,Male,1324.0,66.1
2024,Male,1326.0,66.117
2024,Male,1327.0,66.133
2024,Male,1328.0,66.15
2024,Male,1328.0,66.15
2024,Male,1330.0,66.167
2024,Male,1331.0,66.183
2024,Male,1331.0,66.183
2024,Male,1334.0,66.217
2024,Male,1337.0,66.233
2024,Male,1337.0,66.233
2024,Male,1339.0,66.25
2024,Male,1342.0,66.3
2024,Male,1342.0,66.3
2024,Male,1344.0,66.317
2024,Male,1344.0,66.317
2024,Male,1347.0,66.333
2024,Male,1349.0,66.35
2024,Male,1351.0,66.367
2024,Male,1354.0,66.383
2024,Male,1354.0,66.383
2024,Male,1354.0,66.383
2024,Male,1357.0,66.4
2024,Male,1359.0,66.417
2024,Male,1359.0,66.417
2024,Male,1361.0,66.433
2024,Male,1361.0,66.433
2024,Male,1363.0,66.45
2024,Male,1364.0,66.467
2024,Male,1364.0,66.467
2024,Male,1364.0,66.467
2024,Male,1368.0,66.5
2024,Male,1370.0,66.517
2024,Male,1370.0,66.517
2024,Male,1373.0,66.533
2024,Male,1374.0,66.55
2024,Male,1375.0,66.583
2024,Male,1375.0,66.583
2024,Male,1381.0,66.617
2024,Male,1381.0,66.617
2024,Male,1384.0,66.633
2024,Male,1384.0,66.633
2024,Male,1386.0,66.65
2024,Male,1387.0,66.683
2024,Male,1391.0,66.7
2024,Male,1391.0,66.7
2024,Male,1391.0,66.7
2024,Male,1391.0,66.7
2024,Male,1397.0,66.717
2024,Male,1397.0,66.717
2024,Male,1399.0,66.733
2024,Male,1399.0,66.733
2024,Male,1401.0,66.75
2024,Male,1401.0,66.75
2024,Male,1401.0,66.75
2024,Male,1404.0,66.767
2024,Male,1406.0,66.783
2024,Male,1406.0,66.783
2024,Male,1406.0,66.783
2024,Male,1409.0,66.8
2024,Male,1410.0,66.817
2024,Male,1414.0,66.867
2024,Male,1416.0,66.883
2024,Male,1416.0,66.883
2024,Male,1420.0,66.933
2024,Male,1420.0,66.933
2024,Male,1423.0,66.967
2024,Male,1423.0,66.967
2024,Male,1427.0,66.983
2024,Male,1428.0,67.0
2024,Male,1429.0,67.017
2024,Male,1431.0,67.05
2024,Male,1432.0,67.067
2024,Male,1432.0,67.067
2024,Male,1434.0,67.083
2024,Male,1434.0,67.083
2024,Male,1436.0,67.1
2024,Male,1437.0,67.117
2024,Male,1439.0,67.133
2024,Male,1439.0,67.133
2024,Male,1444.0,67.183
2024,Male,1445.0,67.2
2024,Male,1445.0,67.2
2024,Male,1447.0,67.217
2024,Male,1449.0,67.233
2024,Male,1449.0,67.233
2024,Male,1452.0,67.267
2024,Male,1452.0,67.267
2024,Male,1452.0,67.267
2024,Male,1457.0,67.283
2024,Male,1458.0,67.3
2024,Male,1458.0,67.3
2024,Male,1460.0,67.317
2024,Male,1460.0,67.317
2024,Male,1462.0,67.333
2024,Male,1464.0,67.383
2024,Male,1467.0,67.417
2024,Male,1469.0,67.433
2024,Male,1469.0,67.433
2024,Male,1472.0,67.45
2024,Male,1472.0,67.45
2024,Male,1472.0,67.45
2024,Male,1475.0,67.467
2024,Male,1475.0,67.467
2024,Male,1475.0,67.467
2024,Male,1475.0,67.467
2024,Male,1475.0,67.467
2024,Male,1475.0,67.467
2024,Male,1482.0,67.5
2024,Male,1483.0,67.533
2024,Male,1483.0,67.533
2024,Male,1483.0,67.533
2024,Male,1483.0,67.533
2024,Male,1483.0,67.533
2024,Male,1489.0,67.55
2024,Male,1489.0,67.55
2024,Male,1489.0,67.55
2024,Male,1493.0,67.567
2024,Male,1494.0,67.583
2024,Male,1495.0,67.6
2024,Male,1495.0,67.6
2024,Male,1495.0,67.6
2024,Male,1500.0,67.617
2024,Male,1500.0,67.617
2024,Male,1500.0,67.617
2024,Male,1503.0,67.633
2024,Male,1508.0,67.667
2024,Male,1509.0,67.683
2024,Male,1509.0,67.683
2024,Male,1509.0,67.683
2024,Male,1512.0,67.717
2024,Male,1512.0,67.717
2024,Male,1512.0,67.717
2024,Male,1512.0,67.717
2024,Male,1516.0,67.75
2024,Male,1520.0,67.783
2024,Male,1520.0,67.783
2024,Male,1523.0,67.8
2024,Male,1527.0,67.833
2024,Male,1529.0,67.85
2024,Male,1529.0,67.85
2024,Male,1529.0,67.85
2024,Male,1529.0,67.85
2024,Male,1534.0,67.867
2024,Male,1540.0,67.917
2024,Male,1540.0,67.917
2024,Male,1544.0,67.933
2024,Male,1544.0,67.933
2024,Male,1547.0,67.983
2024,Male,1549.0,68.0
2024,Male,1549.0,68.0
2024,Male,1553.0,68.033
2024,Male,1553.0,68.033
2024,Male,1557.0,68.05
2024,Male,1559.0,68.083
2024,Male,1559.0,68.083
2024,Male,1563.0,68.1
2024,Male,1564.0,68.117
2024,Male,1565.0,68.133
2024,Male,1565.0,68.133
2024,Male,1565.0,68.133
2024,Male,1565.0,68.133
2024,Male,1565.0,68.133
2024,Male,1565.0,68.133
2024,Male,1572.0,68.15
2024,Male,1572.0,68.15
2024,Male,1574.0,68.167
2024,Male,1574.0,68.167
2024,Male,1578.0,68.183
2024,Male,1580.0,68.2
2024,Male,1580.0,68.2
2024,Male,1584.0,68.233
2024,Male,1584.0,68.233
2024,Male,1587.0,68.283
2024,Male,1589.0,68.317
2024,Male,1589.0,68.317
2024,Male,1592.0,68.333
2024,Male,1592.0,68.333
2024,Male,1594.0,68.35
2024,Male,1595.0,68.367
2024,Male,1597.0,68.383
2024,Male,1603.0,68.45
2024,Male,1605.0,68.467
2024,Male,1605.0,68.467
2024,Male,1607.0,68.483
2024,Male,1608.0,68.5
2024,Male,1608.0,68.5
2024,Male,1611.0,68.55
2024,Male,1613.0,68.567
2024,Male,1615.0,68.583
2024,Male,1617.0,68.6
2024,Male,1620.0,68.617
2024,Male,1621.0,68.633
2024,Male,1621.0,68.633
2024,Male,1621.0,68.633
2024,Male,1621.0,68.633
2024,Male,1621.0,68.633
2024,Male,1629.0,68.667
2024,Male,1630.0,68.683
2024,Male,1631.0,68.7
2024,Male,1633.0,68.733
2024,Male,1633.0,68.733
2024,Male,1637.0,68.767
2024,Male,1640.0,68.783
2024,Male,1640.0,68.783
2024,Male,1640.0,68.783
2024,Male,1644.0,68.8
2024,Male,1646.0,68.817
2024,Male,1649.0,68.833
2024,Male,1649.0,68.833
2024,Male,1652.0,68.85
2024,Male,1652.0,68.85
2024,Male,1654.0,68.867
2024,Male,1655.0,68.883
2024,Male,1656.0,68.9
2024,Male,1657.0,68.917
2024,Male,1657.0,68.917
2024,Male,1657.0,68.917
2024,Male,1664.0,68.967
2024,Male,1666.0,68.983
2024,Male,1666.0,68.983
2024,Male,1666.0,68.983
2024,Male,1666.0,68.983
2024,Male,1670.0,69.0
2024,Male,1671.0,69.017
2024,Male,1671.0,69.017
2024,Male,1671.0,69.017
2024,Male,1674.0,69.05
2024,Male,1674.0,69.05
2024,Male,1678.0,69.083
2024,Male,1678.0,69.083
2024,Male,1681.0,69.1
2024,Male,1683.0,69.117
2024,Male,1683.0,69.117
2024,Male,1685.0,69.15
2024,Male,1686.0,69.167
2024,Male,1686.0,69.167
2024,Male,1689.0,69.2
2024,Male,1692.0,69.25
2024,Male,1692.0,69.25
2024,Male,1695.0,69.267
2024,Male,1695.0,69.267
2024,Male,1695.0,69.267
2024,Male,1699.0,69.3
2024,Male,1700.0,69.317
2024,Male,1701.0,69.333
2024,Male,1701.0,69.333
2024,Male,1703.0,69.35
2024,Male,1704.0,69.367
2024,Male,1707.0,69.417
2024,Male,1707.0,69.417
2024,Male,1710.0,69.45
2024,Male,1710.0,69.45
2024,Male,1710.0,69.45
2024,Male,1714.0,69.467
2024,Male,1714.0,69.467
2024,Male,1717.0,69.483
2024,Male,1717.0,69.483
2024,Male,1717.0,69.483
2024,Male,1722.0,69.517
2024,Male,1724.0,69.533
2024,Male,1724.0,69.533
2024,Male,1727.0,69.55
2024,Male,1728.0,69.567
2024,Male,1730.0,69.583
2024,Male,1730.0,69.583
2024,Male,1732.0,69.6
2024,Male,1732.0,69.6
2024,Male,1736.0,69.633
2024,Male,1741.0,69.7
2024,Male,1742.0,69.717
2024,Male,1743.0,69.733
2024,Male,1744.0,69.75
2024,Male,1744.0,69.75
2024,Male,1744.0,69.75
2024,Male,1747.0,69.767
2024,Male,1749.0,69.783
2024,Male,1749.0,69.783
2024,Male,1752.0,69.817
2024,Male,1754.0,69.85
2024,Male,1756.0,69.883
2024,Male,1759.0,69.933
2024,Male,1760.0,69.95
2024,Male,1762.0,69.983
2024,Male,1762.0,69.983
2024,Male,1765.0,70.0
2024,Male,1766.0,70.033
2024,Male,1769.0,70.083
2024,Male,1772.0,70.133
2024,Male,1774.0,70.183
2024,Male,1774.0,70.183
2024,Male,1781.0,70.25
2024,Male,1782.0,70.267
2024,Male,1783.0,70.317
2024,Male,1785.0,70.333
2024,Male,1786.0,70.367
2024,Male,1786.0,70.367
2024,Male,1790.0,70.417
2024,Male,1790.0,70.417
2024,Male,1792.0,70.433
2024,Male,1792.0,70.433
2024,Male,1795.0,70.45
2024,Male,1796.0,70.483
2024,Male,1798.0,70.5
2024,Male,1798.0,70.5
2024,Male,1803.0,70.567
2024,Male,1803.0,70.567
2024,Male,1805.0,70.583
2024,Male,1805.0,70.583
2024,Male,1807.0,70.6
2024,Male,1810.0,70.633
2024,Male,1810.0,70.633
2024,Male,1812.0,70.65
2024,Male,1813.0,70.667
2024,Male,1813.0,70.667
2024,Male,1813.0,70.667
2024,Male,1816.0,70.683
2024,Male,1818.0,70.7
2024,Male,1818.0,70.7
2024,Male,1821.0,70.75
2024,Male,1821.0,70.75
2024,Male,1821.0,70.75
2024,Male,1826.0,70.783
2024,Male,1827.0,70.8
2024,Male,1827.0,70.8
2024,Male,1827.0,70.8
2024,Male,1827.0,70.8
2024,Male,1833.0,70.817
2024,Male,1833.0,70.817
2024,Male,1835.0,70.833
2024,Male,1837.0,70.9
2024,Male,1840.0,70.917
2024,Male,1840.0,70.917
2024,Male,1842.0,70.933
2024,Male,1843.0,70.983
2024,Male,1843.0,70.983
2024,Male,1847.0,71.0
2024,Male,1849.0,71.017
2024,Male,1850.0,71.033
2024,Male,1851.0,71.067
2024,Male,1851.0,71.067
2024,Male,1851.0,71.067
2024,Male,1854.0,71.083
2024,Male,1855.0,71.117
2024,Male,1855.0,71.117
2024,Male,1857.0,71.133
2024,Male,1857.0,71.133
2024,Male,1857.0,71.133
2024,Male,1857.0,71.133
2024,Male,1861.0,71.15
2024,Male,1863.0,71.167
2024,Male,1864.0,71.183
2024,Male,1866.0,71.2
2024,Male,1866.0,71.2
2024,Male,1869.0,71.233
2024,Male,1870.0,71.25
2024,Male,1873.0,71.283
2024,Male,1874.0,71.3
2024,Male,1875.0,71.333
2024,Male,1878.0,71.367
2024,Male,1881.0,71.383
2024,Male,1881.0,71.383
2024,Male,1883.0,71.4
2024,Male,1883.0,71.4
2024,Male,1886.0,71.417
2024,Male,1886.0,71.417
2024,Male,1886.0,71.417
2024,Male,1889.0,71.433
2024,Male,1894.0,71.483
2024,Male,1899.0,71.55
2024,Male,1900.0,71.6
2024,Male,1902.0,71.65
2024,Male,1902.0,71.65
2024,Male,1904.0,71.667
2024,Male,1907.0,71.7
2024,Male,1909.0,71.717
2024,Male,1911.0,71.733
2024,Male,1913.0,71.75
2024,Male,1914.0,71.767
2024,Male,1915.0,71.783
2024,Male,1917.0,71.8
2024,Male,1917.0,71.8
2024,Male,1917.0,71.8
2024,Male,1917.0,71.8
2024,Male,1921.0,71.833
2024,Male,1922.0,71.85
2024,Male,1926.0,71.917
2024,Male,1928.0,71.95
2024,Male,1928.0,71.95
2024,Male,1928.0,71.95
2024,Male,1931.0,72.0
2024,Male,1933.0,72.033
2024,Male,1933.0,72.033
2024,Male,1933.0,72.033
2024,Male,1933.0,72.033
2024,Male,1938.0,72.05
2024,Male,1939.0,72.067
2024,Male,1940.0,72.083
2024,Male,1942.0,72.1
2024,Male,1942.0,72.1
2024,Male,1945.0,72.133
2024,Male,1946.0,72.15
2024,Male,1952.0,72.283
2024,Male,1954.0,72.3
2024,Male,1955.0,72.317
2024,Male,1955.0,72.317
2024,Male,1957.0,72.367
2024,Male,1957.0,72.367
2024,Male,1959.0,72.383
2024,Male,1961.0,72.45
2024,Male,1961.0,72.45
2024,Male,1964.0,72.467
2024,Male,1965.0,72.517
2024,Male,1968.0,72.533
2024,Male,1968.0,72.533
2024,Male,1971.0,72.6
2024,Male,1972.0,72.617
2024,Male,1972.0,72.617
2024,Male,1975.0,72.633
2024,Male,1976.0,72.65
2024,Male,1984.0,72.75
2024,Male,1987.0,72.767
2024,Male,1988.0,72.783
2024,Male,1991.0,72.833
2024,Male,1992.0,72.867
2024,Male,1995.0,72.9
2024,Male,1996.0,72.917
2024,Male,1998.0,72.967
2024,Male,1999.0,72.983
2024,Male,2002.0,73.0
2024,Male,2004.0,73.033
2024,Male,2006.0,73.133
2024,Male,2007.0,73.15
2024,Male,2007.0,73.15
2024,Male,2011.0,73.2
2024,Male,2012.0,73.217
2024,Male,2015.0,73.3
2024,Male,2018.0,73.333
2024,Male,2019.0,73.35
2024,Male,2019.0,73.35
2024,Male,2021.0,73.367
2024,Male,2022.0,73.433
2024,Male,2024.0,73.5
2024,Male,2025.0,73.517
2024,Male,2025.0,73.517
2024,Male,2028.0,73.55
2024,Male,2033.0,73.75
2024,Male,2033.0,73.75
2024,Male,2033.0,73.75
2024,Male,2039.0,73.783
2024,Male,2040.0,73.883
2024,Male,2040.0,73.883
2024,Male,2043.0,73.9
2024,Male,2045.0,73.933
2024,Male,2046.0,73.967
2024,Male,2047.0,74.033
2024,Male,2049.0,74.1
2024,Male,2050.0,74.117
2024,Male,2051.0,74.133
2024,Male,2054.0,74.2
2024,Male,2054.0,74.2
2024,Male,2056.0,74.233
2024,Male,2056.0,74.233
2024,Male,2058.0,74.25
2024,Male,2058.0,74.25
2024,Male,2061.0,74.283
2024,Male,2063.0,74.3
2024,Male,2064.0,74.333
2024,Male,2064.0,74.333
2024,Male,2066.0,74.35
2024,Male,2066.0,74.35
2024,Male,2069.0,74.367
2024,Male,2069.0,74.367
2024,Male,2072.0,74.383
2024,Male,2073.0,74.4
2024,Male,2074.0,74.417
2024,Male,2074.0,74.417
2024,Male,2076.0,74.433
2024,Male,2077.0,74.45
2024,Male,2079.0,74.517
2024,Male,2085.0,74.6
2024,Male,2087.0,74.617
2024,Male,2088.0,74.65
2024,Male,2089.0,74.667
2024,Male,2090.0,74.683
2024,Male,2094.0,74.8
2024,Male,2095.0,74.85
2024,Male,2096.0,74.9
2024,Male,2101.0,74.933
2024,Male,2103.0,74.983
2024,Male,2104.0,75.017
2024,Male,2105.0,75.033
2024,Male,2107.0,75.05
2024,Male,2107.0,75.05
2024,Male,2107.0,75.05
2024,Male,2110.0,75.067
2024,Male,2112.0,75.1
2024,Male,2112.0,75.1
2024,Male,2114.0,75.133
2024,Male,2115.0,75.15
2024,Male,2115.0,75.15
2024,Male,2118.0,75.183
2024,Male,2120.0,75.217
2024,Male,2122.0,75.267
2024,Male,2123.0,75.35
2024,Male,2124.0,75.367
2024,Male,2124.0,75.367
2024,Male,2126.0,75.4
2024,Male,2127.0,75.417
2024,Male,2129.0,75.483
2024,Male,2130.0,75.517
2024,Male,2130.0,75.517
2024,Male,2135.0,75.6
2024,Male,2135.0,75.6
2024,Male,2137.0,75.667
2024,Male,2140.0,75.683
2024,Male,2140.0,75.683
2024,Male,2143.0,75.733
2024,Male,2144.0,75.75
2024,Male,2145.0,75.767
2024,Male,2145.0,75.767
2024,Male,2147.0,75.783
2024,Male,2149.0,75.8
2024,Male,2149.0,75.8
2024,Male,2152.0,75.817
2024,Male,2153.0,75.85
2024,Male,2154.0,75.867
2024,Male,2155.0,76.0
2024,Male,2157.0,76.033
2024,Male,2159.0,76.067
2024,Male,2162.0,76.2
2024,Male,2163.0,76.25
2024,Male,2163.0,76.25
2024,Male,2166.0,76.3
2024,Male,2166.0,76.3
2024,Male,2169.0,76.333
2024,Male,2169.0,76.333
2024,Male,2171.0,76.367
2024,Male,2172.0,76.383
2024,Male,2173.0,76.417
2024,Male,2176.0,76.433
2024,Male,2177.0,76.467
2024,Male,2178.0,76.483
2024,Male,2178.0,76.483
2024,Male,2181.0,76.5
2024,Male,2182.0,76.517
2024,Male,2183.0,76.533
2024,Male,2184.0,76.567
2024,Male,2186.0,76.583
2024,Male,2189.0,76.6
2024,Male,2190.0,76.667
2024,Male,2190.0,76.667
2024,Male,2190.0,76.667
2024,Male,2193.0,76.7
2024,Male,2194.0,76.717
2024,Male,2195.0,76.75
2024,Male,2197.0,76.867
2024,Male,2198.0,76.883
2024,Male,2198.0,76.883
2024,Male,2201.0,76.917
2024,Male,2201.0,76.917
2024,Male,2203.0,76.933
2024,Male,2204.0,76.95
2024,Male,2204.0,76.95
2024,Male,2204.0,76.95
2024,Male,2208.0,76.983
2024,Male,2209.0,77.0
2024,Male,2210.0,77.017
2024,Male,2213.0,77.117
2024,Male,2214.0,77.133
2024,Male,2216.0,77.15
2024,Male,2216.0,77.15
2024,Male,2219.0,77.217
2024,Male,2221.0,77.267
2024,Male,2221.0,77.267
2024,Male,2223.0,77.283
2024,Male,2225.0,77.317
2024,Male,2225.0,77.317
2024,Male,2227.0,77.35
2024,Male,2231.0,77.5
2024,Male,2233.0,77.517
2024,Male,2235.0,77.533
2024,Male,2236.0,77.55
2024,Male,2237.0,77.567
2024,Male,2239.0,77.683
2024,Male,2241.0,77.75
2024,Male,2241.0,77.75
2024,Male,2243.0,77.767
2024,Male,2246.0,77.833
2024,Male,2247.0,77.9
2024,Male,2250.0,77.95
2024,Male,2251.0,78.0
2024,Male,2252.0,78.017
2024,Male,2253.0,78.05
2024,Male,2253.0,78.05
2024,Male,2253.0,78.05
2024,Male,2256.0,78.067
2024,Male,2256.0,78.067
2024,Male,2261.0,78.167
2024,Male,2262.0,78.2
2024,Male,2263.0,78.217
2024,Male,2264.0,78.233
2024,Male,2267.0,78.35
2024,Male,2267.0,78.35
2024,Male,2269.0,78.367
2024,Male,2270.0,78.4
2024,Male,2271.0,78.417
2024,Male,2273.0,78.583
2024,Male,2273.0,78.583
2024,Male,2275.0,78.6
2024,Male,2277.0,78.667
2024,Male,2280.0,78.8
2024,Male,2282.0,78.817
2024,Male,2283.0,78.9
2024,Male,2285.0,78.95
2024,Male,2287.0,79.017
2024,Male,2289.0,79.067
2024,Male,2289.0,79.067
2024,Male,2289.0,79.067
2024,Male,2295.0,79.233
2024,Male,2299.0,79.267
2024,Male,2302.0,79.433
2024,Male,2303.0,79.483
2024,Male,2304.0,79.5
2024,Male,2305.0,79.533
2024,Male,2307.0,79.6
2024,Male,2307.0,79.6
2024,Male,2311.0,79.833
2024,Male,2312.0,79.917
2024,Male,2313.0,79.983
2024,Male,2314.0,80.05
2024,Male,2316.0,80.167
2024,Male,2318.0,80.217
2024,Male,2319.0,80.25
2024,Male,2321.0,80.333
2024,Male,2323.0,80.35
2024,Male,2324.0,80.417
2024,Male,2325.0,80.433
2024,Male,2325.0,80.433
2024,Male,2329.0,80.583
2024,Male,2330.0,80.633
2024,Male,2332.0,80.65
2024,Male,2333.0,80.683
2024,Male,2334.0,80.7
2024,Male,2336.0,80.883
2024,Male,2336.0,80.883
2024,Male,2339.0,80.967
2024,Male,2340.0,81.0
2024,Male,2342.0,81.017
2024,Male,2343.0,81.05
2024,Male,2345.0,81.1
2024,Male,2347.0,81.117
2024,Male,2348.0,81.267
2024,Male,2352.0,81.633
2024,Male,2354.0,81.733
2024,Male,2357.0,82.033
2024,Male,2362.0,82.383
2024,Male,2363.0,82.467
2024,Male,2365.0,82.533
2024,Male,2366.0,82.583
2024,Male,2369.0,82.717
2024,Male,2370.0,82.783
2024,Male,2370.0,82.783
2024,Male,2373.0,82.917
2024,Male,2373.0,82.917
2024,Male,2375.0,82.983
2024,Male,2376.0,83.05
2024,Male,2380.0,83.117
2024,Male,2381.0,83.433
2024,Male,2382.0,83.55
2024,Male,2386.0,83.783
2024,Male,2387.0,83.833
2024,Male,2389.0,83.9
2024,Male,2392.0,84.25
2024,Male,2394.0,84.35
2024,Male,2396.0,84.55
2024,Male,2399.0,84.733
2024,Male,2402.0,84.917
2024,Male,2403.0,84.95
2024,Male,2404.0,85.017
2024,Male,2404.0,85.017
2024,Male,2406.0,85.033
2024,Male,2407.0,85.05
2024,Male,2408.0,85.367
2024,Male,2409.0,85.383
2024,Male,2415.0,85.667
2024,Male,2416.0,85.833
2024,Male,2417.0,85.85
2024,Male,2418.0,85.967
2024,Male,2422.0,86.383
2024,Male,2425.0,86.433
2024,Male,2427.0,86.767
2024,Male,2429.0,87.05
2024,Male,2434.0,87.383
2024,Male,2435.0,87.433
2024,Male,2443.0,88.017
2024,Male,2447.0,88.333
2024,Male,2448.0,88.55
2024,Male,2451.0,88.717
2024,Male,2455.0,88.85
2024,Male,2456.0,88.883
2024,Male,2458.0,89.017
2024,Male,2460.0,89.217
2024,Male,2462.0,89.5
2024,Male,2464.0,89.683
2024,Male,2468.0,90.083
2024,Male,2471.0,90.35
2024,Male,2472.0,90.533
2024,Male,2474.0,90.917
2024,Male,2475.0,91.117
2024,Male,2476.0,91.183
2024,Male,2479.0,91.867
2024,Male,2481.0,92.467
2024,Male,2482.0,92.667
2024,Male,2483.0,92.817
2024,Male,2484.0,92.917
2024,Male,2487.0,93.567
2024,Male,2488.0,93.783
2024,Male,2489.0,93.967
2024,Male,2495.0,95.317
2024,Male,2499.0,95.95
2024,Male,2501.0,96.433
2024,Male,2502.0,98.25
2024,Male,2504.0,98.75
2024,Male,2505.0,99.933
2024,Male,2506.0,100.2
2024,Male,2507.0,100.617
2024,Male,2508.0,101.9
2024,Male,2509.0,102.333
2024,Male,2511.0,103.467
2024,Male,2513.0,104.983
2024,Male,2515.0,107.183
2024,Male,2516.0,108.233
2024,Male,2518.0,111.533
2024,Male,2520.0,111.717
2024,Male,2522.0,113.533
2024,Male,2524.0,116.267
2024,Male,2525.0,117.283
2024,Male,2531.0,130.483
2024,Female,7.0,46.95
2024,Female,8.0,47.267
2024,Female,10.0,47.65
2024,Female,14.0,48.267
2024,Female,16.0,49.0
2024,Female,29.0,50.333
2024,Female,35.0,50.6
2024,Female,37.0,50.683
2024,Female,39.0,50.75
2024,Female,41.0,50.95
2024,Female,46.0,51.317
2024,Female,53.0,51.85
2024,Female,57.0,52.1
2024,Female,58.0,52.15
2024,Female,60.0,52.25
2024,Female,65.0,52.383
2024,Female,71.0,52.45
2024,Female,74.0,52.6
2024,Female,77.0,52.717
2024,Female,79.0,52.8
2024,Female,82.0,52.95
2024,Female,87.0,53.117
2024,Female,92.0,53.333
2024,Female,93.0,53.35
2024,Female,95.0,53.5
2024,Female,99.0,53.6
2024,Female,102.0,53.7
2024,Female,105.0,53.783
2024,Female,107.0,53.867
2024,Female,107.0,53.867
2024,Female,112.0,54.0
2024,Female,113.0,54.017
2024,Female,114.0,54.1
2024,Female,124.0,54.517
2024,Female,126.0,54.533
2024,Female,128.0,54.65
2024,Female,133.0,54.783
2024,Female,134.0,54.8
2024,Female,146.0,54.967
2024,Female,156.0,55.167
2024,Female,160.0,55.267
2024,Female,161.0,55.317
2024,Female,164.0,55.467
2024,Female,175.0,55.7
2024,Female,186.0,55.817
2024,Female,189.0,55.867
2024,Female,191.0,55.917
2024,Female,205.0,56.2
2024,Female,209.0,56.233
2024,Female,210.0,56.267
2024,Female,213.0,56.3
2024,Female,221.0,56.483
2024,Female,223.0,56.517
2024,Female,226.0,56.567
2024,Female,231.0,56.65
2024,Female,233.0,56.667
2024,Female,235.0,56.683
2024,Female,235.0,56.683
2024,Female,242.0,56.733
2024,Female,243.0,56.783
2024,Female,246.0,56.833
2024,Female,247.0,56.85
2024,Female,251.0,56.967
2024,Female,255.0,57.067
2024,Female,258.0,57.083
2024,Female,263.0,57.15
2024,Female,266.0,57.217
2024,Female,266.0,57.217
2024,Female,270.0,57.267
2024,Female,279.0,57.317
2024,Female,283.0,57.4
2024,Female,285.0,57.417
2024,Female,285.0,57.417
2024,Female,301.0,57.7
2024,Female,314.0,57.867
2024,Female,314.0,57.867
2024,Female,317.0,57.883
2024,Female,319.0,57.967
2024,Female,327.0,58.117
2024,Female,328.0,58.133
2024,Female,329.0,58.183
2024,Female,337.0,58.267
2024,Female,344.0,58.333
2024,Female,347.0,58.367
2024,Female,354.0,58.433
2024,Female,357.0,58.467
2024,Female,363.0,58.55
2024,Female,363.0,58.55
2024,Female,366.0,58.583
2024,Female,370.0,58.65
2024,Female,371.0,58.667
2024,Female,380.0,58.817
2024,Female,380.0,58.817
2024,Female,393.0,58.95
2024,Female,397.0,59.0
2024,Female,398.0,59.017
2024,Female,402.0,59.05
2024,Female,413.0,59.267
2024,Female,417.0,59.333
2024,Female,433.0,59.6
2024,Female,433.0,59.6
2024,Female,440.0,59.667
2024,Female,449.0,59.717
2024,Female,449.0,59.717
2024,Female,451.0,59.733
2024,Female,454.0,59.767
2024,Female,472.0,59.967
2024,Female,473.0,59.983
2024,Female,477.0,60.0
2024,Female,480.0,60.05
2024,Female,499.0,60.233
2024,Female,502.0,60.267
2024,Female,508.0,60.35
2024,Female,511.0,60.4
2024,Female,515.0,60.45
2024,Female,520.0,60.483
2024,Female,529.0,60.567
2024,Female,529.0,60.567
2024,Female,540.0,60.683
2024,Female,543.0,60.717
2024,Female,545.0,60.733
2024,Female,545.0,60.733
2024,Female,550.0,60.75
2024,Female,556.0,60.817
2024,Female,565.0,60.917
2024,Female,565.0,60.917
2024,Female,578.0,61.017
2024,Female,580.0,61.05
2024,Female,582.0,61.083
2024,Female,587.0,61.117
2024,Female,591.0,61.133
2024,Female,591.0,61.133
2024,Female,601.0,61.183
2024,Female,603.0,61.2
2024,Female,603.0,61.2
2024,Female,605.0,61.217
2024,Female,606.0,61.233
2024,Female,609.0,61.267
2024,Female,615.0,61.35
2024,Female,625.0,61.4
2024,Female,633.0,61.45
2024,Female,644.0,61.533
2024,Female,644.0,61.533
2024,Female,649.0,61.55
2024,Female,656.0,61.617
2024,Female,659.0,61.633
2024,Female,659.0,61.633
2024,Female,659.0,61.633
2024,Female,665.0,61.7
2024,Female,670.0,61.75
2024,Female,675.0,61.783
2024,Female,675.0,61.783
2024,Female,682.0,61.833
2024,Female,694.0,61.933
2024,Female,699.0,61.95
2024,Female,699.0,61.95
2024,Female,702.0,61.967
2024,Female,712.0,62.0
2024,Female,716.0,62.033
2024,Female,722.0,62.067
2024,Female,725.0,62.083
2024,Female,728.0,62.133
2024,Female,735.0,62.217
2024,Female,735.0,62.217
2024,Female,739.0,62.233
2024,Female,746.0,62.267
2024,Female,754.0,62.383
2024,Female,761.0,62.433
2024,Female,761.0,62.433
2024,Female,774.0,62.483
2024,Female,784.0,62.55
2024,Female,790.0,62.583
2024,Female,799.0,62.667
2024,Female,799.0,62.667
2024,Female,818.0,62.783
2024,Female,828.0,62.833
2024,Female,828.0,62.833
2024,Female,830.0,62.85
2024,Female,838.0,62.917
2024,Female,849.0,62.983
2024,Female,849.0,62.983
2024,Female,859.0,63.05
2024,Female,863.0,63.067
2024,Female,866.0,63.1
2024,Female,866.0,63.1
2024,Female,870.0,63.117
2024,Female,887.0,63.233
2024,Female,889.0,63.267
2024,Female,889.0,63.267
2024,Female,889.0,63.267
2024,Female,896.0,63.3
2024,Female,896.0,63.3
2024,Female,902.0,63.35
2024,Female,906.0,63.417
2024,Female,908.0,63.433
2024,Female,915.0,63.467
2024,Female,922.0,63.483
2024,Female,937.0,63.55
2024,Female,941.0,63.567
2024,Female,943.0,63.6
2024,Female,947.0,63.65
2024,Female,949.0,63.683
2024,Female,953.0,63.7
2024,Female,955.0,63.75
2024,Female,962.0,63.817
2024,Female,973.0,63.883
2024,Female,981.0,63.917
2024,Female,984.0,63.933
2024,Female,993.0,64.017
2024,Female,994.0,64.033
2024,Female,1014.0,64.15
2024,Female,1014.0,64.15
2024,Female,1021.0,64.167
2024,Female,1021.0,64.167
2024,Female,1024.0,64.183
2024,Female,1028.0,64.217
2024,Female,1030.0,64.25
2024,Female,1042.0,64.35
2024,Female,1046.0,64.383
2024,Female,1048.0,64.4
2024,Female,1048.0,64.4
2024,Female,1052.0,64.417
2024,Female,1052.0,64.417
2024,Female,1056.0,64.5
2024,Female,1060.0,64.55
2024,Female,1063.0,64.567
2024,Female,1067.0,64.6
2024,Female,1067.0,64.6
2024,Female,1086.0,64.683
2024,Female,1090.0,64.7
2024,Female,1092.0,64.717
2024,Female,1092.0,64.717
2024,Female,1095.0,64.733
2024,Female,1095.0,64.733
2024,Female,1102.0,64.783
2024,Female,1102.0,64.783
2024,Female,1107.0,64.8
2024,Female,1113.0,64.833
2024,Female,1113.0,64.833
2024,Female,1117.0,64.85
2024,Female,1119.0,64.867
2024,Female,1119.0,64.867
2024,Female,1119.0,64.867
2024,Female,1122.0,64.883
2024,Female,1126.0,64.917
2024,Female,1128.0,64.95
2024,Female,1128.0,64.95
2024,Female,1142.0,65.0
2024,Female,1142.0,65.0
2024,Female,1142.0,65.0
2024,Female,1156.0,65.05
2024,Female,1157.0,65.067
2024,Female,1159.0,65.083
2024,Female,1159.0,65.083
2024,Female,1159.0,65.083
2024,Female,1159.0,65.083
2024,Female,1169.0,65.1
2024,Female,1177.0,65.15
2024,Female,1179.0,65.167
2024,Female,1182.0,65.183
2024,Female,1182.0,65.183
2024,Female,1187.0,65.2
2024,Female,1189.0,65.217
2024,Female,1196.0,65.25
2024,Female,1196.0,65.25
2024,Female,1206.0,65.3
2024,Female,1206.0,65.3
2024,Female,1213.0,65.35
2024,Female,1216.0,65.367
2024,Female,1223.0,65.4
2024,Female,1227.0,65.433
2024,Female,1232.0,65.45
2024,Female,1245.0,65.517
2024,Female,1250.0,65.583
2024,Female,1250.0,65.583
2024,Female,1257.0,65.617
2024,Female,1257.0,65.617
2024,Female,1261.0,65.65
2024,Female,1261.0,65.65
2024,Female,1265.0,65.667
2024,Female,1267.0,65.683
2024,Female,1271.0,65.7
2024,Female,1271.0,65.7
2024,Female,1273.0,65.733
2024,Female,1273.0,65.733
2024,Female,1276.0,65.75
2024,Female,1278.0,65.767
2024,Female,1283.0,65.783
2024,Female,1283.0,65.783
2024,Female,1288.0,65.8
2024,Female,1288.0,65.8
2024,Female,1292.0,65.85
2024,Female,1292.0,65.85
2024,Female,1298.0,65.883
2024,Female,1301.0,65.9
2024,Female,1301.0,65.9
2024,Female,1308.0,65.933
2024,Female,1310.0,65.967
2024,Female,1310.0,65.967
2024,Female,1314.0,65.983
2024,Female,1320.0,66.05
2024,Female,1331.0,66.183
2024,Female,1334.0,66.217
2024,Female,1334.0,66.217
2024,Female,1339.0,66.25
2024,Female,1339.0,66.25
2024,Female,1344.0,66.317
2024,Female,1347.0,66.333
2024,Female,1349.0,66.35
2024,Female,1351.0,66.367
2024,Female,1351.0,66.367
2024,Female,1357.0,66.4
2024,Female,1364.0,66.467
2024,Female,1368.0,66.5
2024,Female,1370.0,66.517
2024,Female,1375.0,66.583
2024,Female,1375.0,66.583
2024,Female,1379.0,66.6
2024,Female,1379.0,66.6
2024,Female,1381.0,66.617
2024,Female,1387.0,66.683
2024,Female,1387.0,66.683
2024,Female,1387.0,66.683
2024,Female,1391.0,66.7
2024,Female,1391.0,66.7
2024,Female,1404.0,66.767
2024,Female,1410.0,66.817
2024,Female,1412.0,66.833
2024,Female,1412.0,66.833
2024,Female,1414.0,66.867
2024,Female,1418.0,66.917
2024,Female,1418.0,66.917
2024,Female,1420.0,66.933
2024,Female,1423.0,66.967
2024,Female,1423.0,66.967
2024,Female,1430.0,67.033
2024,Female,1437.0,67.117
2024,Female,1439.0,67.133
2024,Female,1442.0,67.167
2024,Female,1442.0,67.167
2024,Female,1447.0,67.217
2024,Female,1451.0,67.25
2024,Female,1452.0,67.267
2024,Female,1452.0,67.267
2024,Female,1462.0,67.333
2024,Female,1465.0,67.4
2024,Female,1465.0,67.4
2024,Female,1467.0,67.417
2024,Female,1469.0,67.433
2024,Female,1481.0,67.483
2024,Female,1483.0,67.533
2024,Female,1489.0,67.55
2024,Female,1495.0,67.6
2024,Female,1495.0,67.6
2024,Female,1503.0,67.633
2024,Female,1503.0,67.633
2024,Female,1503.0,67.633
2024,Female,1507.0,67.65
2024,Female,1517.0,67.767
2024,Female,1517.0,67.767
2024,Female,1517.0,67.767
2024,Female,1520.0,67.783
2024,Female,1523.0,67.8
2024,Female,1523.0,67.8
2024,Female,1523.0,67.8
2024,Female,1527.0,67.833
2024,Female,1529.0,67.85
2024,Female,1535.0,67.883
2024,Female,1535.0,67.883
2024,Female,1535.0,67.883
2024,Female,1538.0,67.9
2024,Female,1538.0,67.9
2024,Female,1540.0,67.917
2024,Female,1540.0,67.917
2024,Female,1546.0,67.967
2024,Female,1547.0,67.983
2024,Female,1549.0,68.0
2024,Female,1549.0,68.0
2024,Female,1553.0,68.033
2024,Female,1553.0,68.033
2024,Female,1558.0,68.067
2024,Female,1559.0,68.083
2024,Female,1559.0,68.083
2024,Female,1565.0,68.133
2024,Female,1574.0,68.167
2024,Female,1574.0,68.167
2024,Female,1578.0,68.183
2024,Female,1582.0,68.217
2024,Female,1582.0,68.217
2024,Female,1586.0,68.267
2024,Female,1587.0,68.283
2024,Female,1589.0,68.317
2024,Female,1595.0,68.367
2024,Female,1598.0,68.4
2024,Female,1598.0,68.4
2024,Female,1600.0,68.417
2024,Female,1601.0,68.433
2024,Female,1601.0,68.433
2024,Female,1603.0,68.45
2024,Female,1610.0,68.533
2024,Female,1611.0,68.55
2024,Female,1613.0,68.567
2024,Female,1615.0,68.583
2024,Female,1617.0,68.6
2024,Female,1617.0,68.6
2024,Female,1621.0,68.633
2024,Female,1627.0,68.65
2024,Female,1627.0,68.65
2024,Female,1632.0,68.717
2024,Female,1635.0,68.75
2024,Female,1635.0,68.75
2024,Female,1637.0,68.767
2024,Female,1637.0,68.767
2024,Female,1640.0,68.783
2024,Female,1644.0,68.8
2024,Female,1646.0,68.817
2024,Female,1646.0,68.817
2024,Female,1649.0,68.833
2024,Female,1657.0,68.917
2024,Female,1657.0,68.917
2024,Female,1662.0,68.933
2024,Female,1663.0,68.95
2024,Female,1664.0,68.967
2024,Female,1676.0,69.067
2024,Female,1676.0,69.067
2024,Female,1678.0,69.083
2024,Female,1681.0,69.1
2024,Female,1686.0,69.167
2024,Female,1689.0,69.2
2024,Female,1691.0,69.217
2024,Female,1692.0,69.25
2024,Female,1698.0,69.283
2024,Female,1705.0,69.4
2024,Female,1705.0,69.4
2024,Female,1707.0,69.417
2024,Female,1710.0,69.45
2024,Female,1714.0,69.467
2024,Female,1717.0,69.483
2024,Female,1717.0,69.483
2024,Female,1722.0,69.517
2024,Female,1724.0,69.533
2024,Female,1728.0,69.567
2024,Female,1732.0,69.6
2024,Female,1735.0,69.617
2024,Female,1737.0,69.65
2024,Female,1737.0,69.65
2024,Female,1739.0,69.667
2024,Female,1739.0,69.667
2024,Female,1747.0,69.767
2024,Female,1749.0,69.783
2024,Female,1752.0,69.817
2024,Female,1755.0,69.867
2024,Female,1757.0,69.9
2024,Female,1758.0,69.917
2024,Female,1760.0,69.95
2024,Female,1762.0,69.983
2024,Female,1766.0,70.033
2024,Female,1768.0,70.05
2024,Female,1769.0,70.083
2024,Female,1769.0,70.083
2024,Female,1772.0,70.133
2024,Female,1774.0,70.183
2024,Female,1777.0,70.2
2024,Female,1778.0,70.217
2024,Female,1778.0,70.217
2024,Female,1780.0,70.233
2024,Female,1783.0,70.317
2024,Female,1786.0,70.367
2024,Female,1789.0,70.4
2024,Female,1792.0,70.433
2024,Female,1796.0,70.483
2024,Female,1800.0,70.517
2024,Female,1800.0,70.517
2024,Female,1802.0,70.533
2024,Female,1807.0,70.6
2024,Female,1809.0,70.617
2024,Female,1816.0,70.683
2024,Female,1818.0,70.7
2024,Female,1821.0,70.75
2024,Female,1821.0,70.75
2024,Female,1827.0,70.8
2024,Female,1827.0,70.8
2024,Female,1836.0,70.883
2024,Female,1837.0,70.9
2024,Female,1837.0,70.9
2024,Female,1843.0,70.983
2024,Female,1843.0,70.983
2024,Female,1847.0,71.0
2024,Female,1861.0,71.15
2024,Female,1864.0,71.183
2024,Female,1866.0,71.2
2024,Female,1870.0,71.25
2024,Female,1872.0,71.267
2024,Female,1875.0,71.333
2024,Female,1877.0,71.35
2024,Female,1878.0,71.367
2024,Female,1878.0,71.367
2024,Female,1883.0,71.4
2024,Female,1889.0,71.433
2024,Female,1889.0,71.433
2024,Female,1892.0,71.45
2024,Female,1893.0,71.467
2024,Female,1895.0,71.517
2024,Female,1895.0,71.517
2024,Female,1897.0,71.533
2024,Female,1897.0,71.533
2024,Female,1900.0,71.6
2024,Female,1904.0,71.667
2024,Female,1904.0,71.667
2024,Female,1907.0,71.7
2024,Female,1909.0,71.717
2024,Female,1911.0,71.733
2024,Female,1915.0,71.783
2024,Female,1923.0,71.883
2024,Female,1923.0,71.883
2024,Female,1923.0,71.883
2024,Female,1926.0,71.917
2024,Female,1931.0,72.0
2024,Female,1933.0,72.033
2024,Female,1940.0,72.083
2024,Female,1944.0,72.117
2024,Female,1947.0,72.167
2024,Female,1948.0,72.217
2024,Female,1949.0,72.233
2024,Female,1950.0,72.25
2024,Female,1950.0,72.25
2024,Female,1952.0,72.283
2024,Female,1960.0,72.433
2024,Female,1961.0,72.45
2024,Female,1965.0,72.517
2024,Female,1965.0,72.517
2024,Female,1970.0,72.55
2024,Female,1972.0,72.617
2024,Female,1976.0,72.65
2024,Female,1976.0,72.65
2024,Female,1979.0,72.667
2024,Female,1980.0,72.717
2024,Female,1981.0,72.733
2024,Female,1981.0,72.733
2024,Female,1981.0,72.733
2024,Female,1984.0,72.75
2024,Female,1984.0,72.75
2024,Female,1988.0,72.783
2024,Female,1990.0,72.817
2024,Female,1992.0,72.867
2024,Female,1994.0,72.883
2024,Female,1996.0,72.917
2024,Female,1999.0,72.983
2024,Female,1999.0,72.983
2024,Female,2002.0,73.0
2024,Female,2005.0,73.083
2024,Female,2007.0,73.15
2024,Female,2010.0,73.183
2024,Female,2013.0,73.25
2024,Female,2014.0,73.283
2024,Female,2015.0,73.3
2024,Female,2017.0,73.317
2024,Female,2023.0,73.45
2024,Female,2027.0,73.533
2024,Female,2028.0,73.55
2024,Female,2030.0,73.633
2024,Female,2030.0,73.633
2024,Female,2032.0,73.7
2024,Female,2033.0,73.75
2024,Female,2033.0,73.75
2024,Female,2038.0,73.767
2024,Female,2040.0,73.883
2024,Female,2044.0,73.917
2024,Female,2047.0,74.033
2024,Female,2051.0,74.133
2024,Female,2053.0,74.15
2024,Female,2060.0,74.267
2024,Female,2061.0,74.283
2024,Female,2066.0,74.35
2024,Female,2069.0,74.367
2024,Female,2078.0,74.467
2024,Female,2079.0,74.517
2024,Female,2081.0,74.533
2024,Female,2082.0,74.55
2024,Female,2083.0,74.567
2024,Female,2084.0,74.583
2024,Female,2085.0,74.6
2024,Female,2090.0,74.683
2024,Female,2092.0,74.7
2024,Female,2092.0,74.7
2024,Female,2096.0,74.9
2024,Female,2096.0,74.9
2024,Female,2096.0,74.9
2024,Female,2100.0,74.917
2024,Female,2101.0,74.933
2024,Female,2105.0,75.033
2024,Female,2110.0,75.067
2024,Female,2117.0,75.167
2024,Female,2118.0,75.183
2024,Female,2121.0,75.233
2024,Female,2127.0,75.417
2024,Female,2132.0,75.533
2024,Female,2133.0,75.55
2024,Female,2134.0,75.567
2024,Female,2137.0,75.667
2024,Female,2137.0,75.667
2024,Female,2142.0,75.7
2024,Female,2147.0,75.783
2024,Female,2149.0,75.8
2024,Female,2155.0,76.0
2024,Female,2158.0,76.05
2024,Female,2160.0,76.083
2024,Female,2161.0,76.167
2024,Female,2165.0,76.283
2024,Female,2168.0,76.317
2024,Female,2173.0,76.417
2024,Female,2173.0,76.417
2024,Female,2178.0,76.483
2024,Female,2184.0,76.567
2024,Female,2186.0,76.583
2024,Female,2186.0,76.583
2024,Female,2196.0,76.85
2024,Female,2200.0,76.9
2024,Female,2204.0,76.95
2024,Female,2210.0,77.017
2024,Female,2212.0,77.1
2024,Female,2214.0,77.133
2024,Female,2218.0,77.183
2024,Female,2220.0,77.25
2024,Female,2224.0,77.3
2024,Female,2228.0,77.367
2024,Female,2229.0,77.4
2024,Female,2230.0,77.433
2024,Female,2231.0,77.5
2024,Female,2233.0,77.517
2024,Female,2238.0,77.633
2024,Female,2240.0,77.733
2024,Female,2243.0,77.767
2024,Female,2245.0,77.817
2024,Female,2248.0,77.917
2024,Female,2249.0,77.933
2024,Female,2256.0,78.067
2024,Female,2256.0,78.067
2024,Female,2260.0,78.1
2024,Female,2264.0,78.233
2024,Female,2266.0,78.333
2024,Female,2272.0,78.55
2024,Female,2276.0,78.617
2024,Female,2278.0,78.733
2024,Female,2279.0,78.75
2024,Female,2280.0,78.8
2024,Female,2284.0,78.933
2024,Female,2286.0,78.967
2024,Female,2288.0,79.05
2024,Female,2292.0,79.1
2024,Female,2293.0,79.15
2024,Female,2294.0,79.217
2024,Female,2295.0,79.233
2024,Female,2295.0,79.233
2024,Female,2298.0,79.25
2024,Female,2300.0,79.283
2024,Female,2301.0,79.383
2024,Female,2305.0,79.533
2024,Female,2309.0,79.617
2024,Female,2310.0,79.733
2024,Female,2315.0,80.067
2024,Female,2316.0,80.167
2024,Female,2319.0,80.25
2024,Female,2321.0,80.333
2024,Female,2327.0,80.5
2024,Female,2328.0,80.517
2024,Female,2330.0,80.633
2024,Female,2335.0,80.833
2024,Female,2338.0,80.917
2024,Female,2340.0,81.0
2024,Female,2344.0,81.083
2024,Female,2345.0,81.1
2024,Female,2348.0,81.267
2024,Female,2350.0,81.35
2024,Female,2351.0,81.567
2024,Female,2353.0,81.683
2024,Female,2355.0,81.917
2024,Female,2356.0,82.0
2024,Female,2358.0,82.067
2024,Female,2359.0,82.1
2024,Female,2360.0,82.283
2024,Female,2361.0,82.333
2024,Female,2364.0,82.483
2024,Female,2367.0,82.6
2024,Female,2368.0,82.65
2024,Female,2370.0,82.783
2024,Female,2376.0,83.05
2024,Female,2378.0,83.067
2024,Female,2378.0,83.067
2024,Female,2383.0,83.6
2024,Female,2384.0,83.633
2024,Female,2385.0,83.733
2024,Female,2387.0,83.833
2024,Female,2390.0,83.933
2024,Female,2391.0,84.133
2024,Female,2393.0,84.317
2024,Female,2395.0,84.483
2024,Female,2396.0,84.55
2024,Female,2398.0,84.567
2024,Female,2400.0,84.8
2024,Female,2401.0,84.883
2024,Female,2410.0,85.5
2024,Female,2410.0,85.5
2024,Female,2412.0,85.533
2024,Female,2413.0,85.617
2024,Female,2414.0,85.65
2024,Female,2418.0,85.967
2024,Female,2420.0,86.067
2024,Female,2421.0,86.117
2024,Female,2423.0,86.4
2024,Female,2424.0,86.417
2024,Female,2426.0,86.65
2024,Female,2428.0,86.817
2024,Female,2430.0,87.1
2024,Female,2431.0,87.2
2024,Female,2431.0,87.2
2024,Female,2433.0,87.267
2024,Female,2436.0,87.55
2024,Female,2437.0,87.717
2024,Female,2438.0,87.733
2024,Female,2439.0,87.833
2024,Female,2440.0,87.883
2024,Female,2441.0,88.0
2024,Female,2441.0,88.0
2024,Female,2444.0,88.167
2024,Female,2445.0,88.183
2024,Female,2446.0,88.317
2024,Female,2449.0,88.583
2024,Female,2450.0,88.683
2024,Female,2452.0,88.733
2024,Female,2453.0,88.783
2024,Female,2453.0,88.783
2024,Female,2457.0,89.0
2024,Female,2458.0,89.017
2024,Female,2461.0,89.45
2024,Female,2462.0,89.5
2024,Female,2465.0,89.8
2024,Female,2466.0,89.883
2024,Female,2467.0,89.917
2024,Female,2469.0,90.1
2024,Female,2470.0,90.233
2024,Female,2473.0,90.833
2024,Female,2477.0,91.517
2024,Female,2478.0,91.833
2024,Female,2480.0,91.95
2024,Female,2485.0,93.233
2024,Female,2486.0,93.25
2024,Female,2490.0,94.167
2024,Female,2491.0,94.183
2024,Female,2492.0,94.567
2024,Female,2493.0,94.767
2024,Female,2494.0,95.3
2024,Female,2496.0,95.5
2024,Female,2497.0,95.733
2024,Female,2498.0,95.767
2024,Female,2500.0,96.383
2024,Female,2503.0,98.733
2024,Female,2510.0,102.35
2024,Female,2512.0,104.417
2024,Female,2514.0,106.15
2024,Female,2517.0,109.483
2024,Female,2519.0,111.55
2024,Female,2521.0,112.383
2024,Female,2523.0,116.017
2024,Female,2526.0,117.3
2024,Female,2527.0,118.167
2024,Female,2528.0,118.817
2024,Female,2529.0,119.267
2024,Female,2530.0,127.867
2024,Female,2532.0,133.417
2024,Female,2533.0,133.567
2025,Male,1.0,56.817
2025,Male,2.0,56.833
2025,Male,3.0,58.3
2025,Male,4.0,58.75
2025,Male,5.0,58.767
2025,Female,6.0,58.9
2025,Male,7.0,59.05
2025,Male,8.0,59.067
2025,Male,9.0,59.35
2025,Male,10.0,59.683
2025,Male,11.0,59.867
2025,Male,12.0,60.167
2025,Male,13.0,60.95
2025,Male,14.0,60.967
2025,Male,15.0,61.1
2025,Male,15.0,61.1
2025,Male,17.0,61.167
2025,Female,18.0,61.183
2025,Male,19.0,61.383
2025,Male,20.0,61.417
2025,Male,21.0,61.467
2025,Male,22.0,61.533
2025,Male,23.0,61.583
2025,Male,24.0,61.633
2025,Male,24.0,61.633
2025,Male,26.0,61.767
2025,Male,27.0,61.833
2025,Male,28.0,61.867
2025,Male,29.0,62.017
2025,Male,30.0,62.183
2025,Female,31.0,62.35
2025,Male,32.0,62.717
2025,Male,33.0,62.733
2025,Male,33.0,62.733
2025,Male,35.0,63.117
2025,Male,36.0,63.133
2025,Male,37.0,63.2
2025,Male,38.0,63.267
2025,Male,39.0,63.483
2025,Male,40.0,63.5
2025,Male,41.0,63.8
2025,Male,42.0,63.85
2025,Male,42.0,63.85
2025,Male,44.0,64.017
2025,Male,45.0,64.033
2025,Male,46.0,64.083
2025,Male,47.0,64.117
2025,Male,48.0,64.133
2025,Male,49.0,64.25
2025,Male,50.0,64.283
2025,Male,51.0,64.4
2025,Male,52.0,64.6
2025,Male,53.0,64.65
2025,Male,54.0,64.75
2025,Male,54.0,64.75
2025,Male,54.0,64.75
2025,Female,57.0,64.85
2025,Male,58.0,65.05
2025,Male,59.0,65.15
2025,Male,59.0,65.15
2025,Male,61.0,65.267
2025,Female,62.0,65.3
2025,Male,63.0,65.367
2025,Female,64.0,65.533
2025,Female,65.0,65.8
2025,Male,66.0,65.85
2025,Female,67.0,65.883
2025,Male,68.0,65.9
2025,Male,69.0,66.15
2025,Female,70.0,66.417
2025,Male,71.0,66.483
2025,Female,72.0,66.683
2025,Female,73.0,66.733
2025,Female,74.0,66.8
2025,Female,75.0,66.917
2025,Male,76.0,66.967
2025,Male,77.0,67.05
2025,Female,78.0,67.067
2025,Male,78.0,67.067
2025,Male,80.0,67.233
2025,Male,81.0,67.317
2025,Male,82.0,67.383
2025,Male,83.0,67.45
2025,Male,84.0,67.467
2025,Male,85.0,67.483
2025,Male,86.0,67.533
2025,Male,87.0,67.6
2025,Female,87.0,67.6
2025,Male,89.0,67.617
2025,Male,90.0,67.65
2025,Female,91.0,67.733
2025,Male,92.0,67.75
2025,Male,93.0,67.767
2025,Female,93.0,67.767
2025,Male,95.0,67.783
2025,Male,96.0,67.917
2025,Male,97.0,68.133
2025,Female,98.0,68.217
2025,Female,99.0,68.233
2025,Female,99.0,68.233
2025,Male,101.0,68.3
2025,Male,101.0,68.3
2025,Female,103.0,68.383
2025,Male,104.0,68.4
2025,Female,105.0,68.417
2025,Male,106.0,68.617
2025,Male,107.0,68.7
2025,Male,108.0,68.767
2025,Male,108.0,68.767
2025,Male,110.0,68.817
2025,Male,110.0,68.817
2025,Male,112.0,68.833
2025,Female,112.0,68.833
2025,Male,114.0,69.0
2025,Male,115.0,69.2
2025,Male,116.0,69.233
2025,Male,117.0,69.317
2025,Male,118.0,69.333
2025,Male,119.0,69.367
2025,Male,120.0,69.4
2025,Male,121.0,69.417
2025,Male,122.0,69.733
2025,Male,123.0,69.8
2025,Female,124.0,69.85
2025,Male,125.0,69.883
2025,Male,126.0,69.95
2025,Male,127.0,69.983
2025,Male,128.0,70.067
2025,Male,129.0,70.233
2025,Male,130.0,70.267
2025,Female,131.0,70.3
2025,Male,132.0,70.333
2025,Female,133.0,70.35
2025,Male,134.0,70.367
2025,Female,135.0,70.4
2025,Male,136.0,70.483
2025,Male,136.0,70.483
2025,Female,136.0,70.483
2025,Male,139.0,70.5
2025,Female,139.0,70.5
2025,Male,141.0,70.55
2025,Male,142.0,70.733
2025,Male,143.0,70.833
2025,Female,144.0,70.883
2025,Male,145.0,70.983
2025,Male,146.0,71.05
2025,Female,147.0,71.083
2025,Female,147.0,71.083
2025,Male,149.0,71.1
2025,Female,150.0,71.117
2025,Male,151.0,71.15
2025,Male,152.0,71.217
2025,Male,153.0,71.267
2025,Female,154.0,71.3
2025,Female,154.0,71.3
2025,Female,156.0,71.383
2025,Male,157.0,71.5
2025,Female,158.0,71.533
2025,Male,159.0,71.55
2025,Male,159.0,71.55
2025,Male,159.0,71.55
2025,Male,162.0,71.6
2025,Male,163.0,71.65
2025,Male,164.0,71.717
2025,Male,164.0,71.717
2025,Female,164.0,71.717
2025,Male,167.0,71.867
2025,Male,168.0,71.917
2025,Male,169.0,72.033
2025,Male,169.0,72.033
2025,Male,169.0,72.033
2025,Female,172.0,72.05
2025,Female,172.0,72.05
2025,Male,174.0,72.1
2025,Female,174.0,72.1
2025,Male,176.0,72.117
2025,Female,177.0,72.15
2025,Male,178.0,72.167
2025,Female,179.0,72.2
2025,Female,180.0,72.25
2025,Male,181.0,72.3
2025,Male,181.0,72.3
2025,Male,183.0,72.317
2025,Male,184.0,72.333
2025,Male,185.0,72.417
2025,Male,186.0,72.433
2025,Female,187.0,72.467
2025,Male,188.0,72.483
2025,Male,189.0,72.5
2025,Male,189.0,72.5
2025,Male,191.0,72.667
2025,Male,192.0,72.717
2025,Male,193.0,72.75
2025,Male,193.0,72.75
2025,Male,195.0,72.767
2025,Male,196.0,72.85
2025,Female,196.0,72.85
2025,Male,198.0,72.867
2025,Male,198.0,72.867
2025,Female,200.0,72.917
2025,Male,201.0,72.95
2025,Male,202.0,72.983
2025,Female,203.0,73.0
2025,Male,203.0,73.0
2025,Male,205.0,73.017
2025,Female,206.0,73.05
2025,Male,207.0,73.067
2025,Male,208.0,73.15
2025,Female,209.0,73.183
2025,Female,210.0,73.233
2025,Male,211.0,73.283
2025,Male,212.0,73.3
2025,Male,213.0,73.383
2025,Male,213.0,73.383
2025,Male,215.0,73.433
2025,Male,216.0,73.5
2025,Female,217.0,73.517
2025,Male,218.0,73.533
2025,Male,219.0,73.567
2025,Female,220.0,73.6
2025,Male,221.0,73.617
2025,Female,221.0,73.617
2025,Female,223.0,73.683
2025,Male,223.0,73.683
2025,Female,225.0,73.75
2025,Male,226.0,73.767
2025,Male,226.0,73.767
2025,Male,228.0,73.8
2025,Male,228.0,73.8
2025,Male,228.0,73.8
2025,Male,231.0,73.933
2025,Male,231.0,73.933
2025,Female,233.0,73.95
2025,Male,234.0,73.967
2025,Male,235.0,74.017
2025,Male,236.0,74.033
2025,Male,237.0,74.05
2025,Male,238.0,74.067
2025,Female,238.0,74.067
2025,Male,240.0,74.183
2025,Female,241.0,74.233
2025,Male,242.0,74.25
2025,Male,243.0,74.267
2025,Male,244.0,74.283
2025,Male,244.0,74.283
2025,Male,246.0,74.317
2025,Male,246.0,74.317
2025,Female,246.0,74.317
2025,Male,249.0,74.333
2025,Male,250.0,74.367
2025,Female,251.0,74.4
2025,Male,251.0,74.4
2025,Male,253.0,74.417
2025,Male,253.0,74.417
2025,Male,255.0,74.45
2025,Male,256.0,74.483
2025,Male,256.0,74.483
2025,Male,258.0,74.533
2025,Male,258.0,74.533
2025,Female,260.0,74.667
2025,Male,261.0,74.683
2025,Male,262.0,74.7
2025,Male,263.0,74.733
2025,Male,264.0,74.767
2025,Male,265.0,74.783
2025,Male,266.0,74.817
2025,Male,267.0,74.833
2025,Male,268.0,74.867
2025,Female,269.0,74.983
2025,Male,270.0,75.0
2025,Male,271.0,75.017
2025,Male,272.0,75.033
2025,Female,273.0,75.05
2025,Male,274.0,75.1
2025,Male,275.0,75.133
2025,Male,276.0,75.167
2025,Male,277.0,75.2
2025,Male,278.0,75.233
2025,Male,278.0,75.233
2025,Male,280.0,75.25
2025,Male,281.0,75.317
2025,Male,282.0,75.4
2025,Male,283.0,75.433
2025,Male,284.0,75.45
2025,Male,285.0,75.467
2025,Male,286.0,75.533
2025,Male,287.0,75.567
2025,Female,287.0,75.567
2025,Male,289.0,75.633
2025,Female,290.0,75.683
2025,Male,291.0,75.717
2025,Male,292.0,75.733
2025,Male,293.0,75.817
2025,Male,293.0,75.817
2025,Male,295.0,75.9
2025,Male,296.0,75.917
2025,Female,297.0,75.933
2025,Male,298.0,75.967
2025,Male,299.0,75.983
2025,Female,300.0,76.0
2025,Male,301.0,76.017
2025,Male,302.0,76.033
2025,Male,303.0,76.05
2025,Female,304.0,76.117
2025,Female,305.0,76.15
2025,Male,305.0,76.15
2025,Male,305.0,76.15
2025,Male,308.0,76.167
2025,Male,309.0,76.217
2025,Male,310.0,76.25
2025,Male,310.0,76.25
2025,Female,310.0,76.25
2025,Male,313.0,76.317
2025,Male,313.0,76.317
2025,Male,315.0,76.333
2025,Male,316.0,76.35
2025,Male,317.0,76.4
2025,Male,317.0,76.4
2025,Male,319.0,76.483
2025,Male,319.0,76.483
2025,Male,321.0,76.517
2025,Male,322.0,76.533
2025,Male,322.0,76.533
2025,Female,324.0,76.567
2025,Female,325.0,76.583
2025,Male,326.0,76.617
2025,Male,327.0,76.633
2025,Male,328.0,76.667
2025,Male,328.0,76.667
2025,Male,330.0,76.683
2025,Male,330.0,76.683
2025,Male,332.0,76.717
2025,Male,333.0,76.767
2025,Female,334.0,76.833
2025,Male,335.0,76.867
2025,Female,336.0,76.9
2025,Male,337.0,76.933
2025,Male,337.0,76.933
2025,Male,339.0,76.967
2025,Male,340.0,76.983
2025,Male,341.0,77.05
2025,Female,342.0,77.083
2025,Male,343.0,77.117
2025,Female,344.0,77.15
2025,Female,345.0,77.167
2025,Male,346.0,77.183
2025,Male,347.0,77.2
2025,Male,347.0,77.2
2025,Female,349.0,77.233
2025,Female,350.0,77.267
2025,Female,351.0,77.3
2025,Male,351.0,77.3
2025,Male,351.0,77.3
2025,Male,354.0,77.35
2025,Male,354.0,77.35
2025,Male,354.0,77.35
2025,Female,357.0,77.367
2025,Female,358.0,77.433
2025,Male,358.0,77.433
2025,Male,360.0,77.467
2025,Male,360.0,77.467
2025,Male,362.0,77.55
2025,Female,363.0,77.583
2025,Male,364.0,77.6
2025,Female,365.0,77.633
2025,Male,365.0,77.633
2025,Male,367.0,77.667
2025,Female,368.0,77.75
2025,Male,369.0,77.767
2025,Male,369.0,77.767
2025,Male,369.0,77.767
2025,Male,372.0,77.783
2025,Male,373.0,77.8
2025,Male,374.0,77.85
2025,Male,374.0,77.85
2025,Female,374.0,77.85
2025,Male,377.0,77.917
2025,Male,378.0,77.933
2025,Male,379.0,78.017
2025,Male,379.0,78.017
2025,Female,381.0,78.083
2025,Male,382.0,78.1
2025,Male,383.0,78.133
2025,Male,384.0,78.15
2025,Male,384.0,78.15
2025,Female,386.0,78.167
2025,Male,387.0,78.217
2025,Male,388.0,78.25
2025,Male,389.0,78.283
2025,Female,390.0,78.3
2025,Female,391.0,78.317
2025,Male,392.0,78.333
2025,Male,392.0,78.333
2025,Male,394.0,78.35
2025,Male,395.0,78.383
2025,Female,396.0,78.467
2025,Male,396.0,78.467
2025,Female,398.0,78.483
2025,Male,399.0,78.5
2025,Male,399.0,78.5
2025,Female,401.0,78.583
2025,Male,401.0,78.583
2025,Male,403.0,78.6
2025,Male,404.0,78.617
2025,Male,404.0,78.617
2025,Male,406.0,78.633
2025,Male,406.0,78.633
2025,Male,408.0,78.65
2025,Male,408.0,78.65
2025,Male,408.0,78.65
2025,Female,411.0,78.667
2025,Male,411.0,78.667
2025,Male,413.0,78.683
2025,Male,414.0,78.717
2025,Male,414.0,78.717
2025,Male,414.0,78.717
2025,Male,417.0,78.733
2025,Male,417.0,78.733
2025,Male,419.0,78.767
2025,Male,420.0,78.783
2025,Female,421.0,78.817
2025,Male,421.0,78.817
2025,Male,423.0,78.833
2025,Male,423.0,78.833
2025,Male,425.0,78.85
2025,Male,426.0,78.867
2025,Male,427.0,78.883
2025,Male,428.0,78.917
2025,Female,428.0,78.917
2025,Female,430.0,78.95
2025,Male,430.0,78.95
2025,Male,432.0,78.967
2025,Male,433.0,79.0
2025,Male,433.0,79.0
2025,Male,435.0,79.017
2025,Male,436.0,79.05
2025,Male,437.0,79.067
2025,Male,438.0,79.083
2025,Male,438.0,79.083
2025,Female,440.0,79.1
2025,Male,440.0,79.1
2025,Female,442.0,79.2
2025,Male,443.0,79.233
2025,Female,443.0,79.233
2025,Male,445.0,79.283
2025,Female,446.0,79.3
2025,Male,447.0,79.317
2025,Female,448.0,79.35
2025,Female,449.0,79.367
2025,Male,450.0,79.383
2025,Male,450.0,79.383
2025,Male,452.0,79.433
2025,Male,452.0,79.433
2025,Male,454.0,79.45
2025,Male,455.0,79.483
2025,Male,456.0,79.5
2025,Male,456.0,79.5
2025,Female,456.0,79.5
2025,Female,459.0,79.55
2025,Male,460.0,79.567
2025,Male,461.0,79.583
2025,Male,462.0,79.6
2025,Male,463.0,79.633
2025,Female,463.0,79.633
2025,Male,465.0,79.65
2025,Male,466.0,79.683
2025,Male,466.0,79.683
2025,Female,468.0,79.7
2025,Male,469.0,79.783
2025,Male,470.0,79.8
2025,Female,470.0,79.8
2025,Male,472.0,79.817
2025,Male,472.0,79.817
2025,Male,474.0,79.833
2025,Male,475.0,79.85
2025,Male,476.0,79.867
2025,Male,477.0,79.883
2025,Male,478.0,79.9
2025,Male,479.0,79.917
2025,Male,479.0,79.917
2025,Male,481.0,79.933
2025,Male,481.0,79.933
2025,Male,483.0,79.983
2025,Male,484.0,80.017
2025,Male,485.0,80.033
2025,Male,486.0,80.067
2025,Female,486.0,80.067
2025,Female,486.0,80.067
2025,Male,486.0,80.067
2025,Male,490.0,80.083
2025,Female,490.0,80.083
2025,Male,490.0,80.083
2025,Male,493.0,80.1
2025,Female,493.0,80.1
2025,Male,495.0,80.15
2025,Male,495.0,80.15
2025,Male,497.0,80.2
2025,Female,497.0,80.2
2025,Male,499.0,80.233
2025,Female,500.0,80.25
2025,Male,501.0,80.267
2025,Male,501.0,80.267
2025,Male,503.0,80.283
2025,Male,503.0,80.283
2025,Male,505.0,80.317
2025,Male,505.0,80.317
2025,Male,507.0,80.333
2025,Male,507.0,80.333
2025,Male,507.0,80.333
2025,Male,510.0,80.35
2025,Female,511.0,80.367
2025,Female,511.0,80.367
2025,Female,513.0,80.4
2025,Male,513.0,80.4
2025,Male,515.0,80.433
2025,Female,516.0,80.5
2025,Female,516.0,80.5
2025,Male,516.0,80.5
2025,Female,519.0,80.517
2025,Male,520.0,80.533
2025,Male,520.0,80.533
2025,Female,520.0,80.533
2025,Male,523.0,80.55
2025,Male,523.0,80.55
2025,Male,525.0,80.583
2025,Male,525.0,80.583
2025,Male,527.0,80.633
2025,Male,527.0,80.633
2025,Male,529.0,80.667
2025,Male,530.0,80.7
2025,Male,530.0,80.7
2025,Male,532.0,80.717
2025,Male,533.0,80.733
2025,Male,533.0,80.733
2025,Male,535.0,80.767
2025,Male,535.0,80.767
2025,Male,537.0,80.783
2025,Male,537.0,80.783
2025,Female,539.0,80.8
2025,Male,540.0,80.817
2025,Male,540.0,80.817
2025,Male,542.0,80.883
2025,Female,542.0,80.883
2025,Male,544.0,80.9
2025,Male,544.0,80.9
2025,Male,546.0,80.917
2025,Male,547.0,80.983
2025,Male,547.0,80.983
2025,Female,547.0,80.983
2025,Male,550.0,81.0
2025,Male,550.0,81.0
2025,Male,552.0,81.017
2025,Male,552.0,81.017
2025,Male,554.0,81.033
2025,Male,555.0,81.05
2025,Female,556.0,81.067
2025,Male,557.0,81.1
2025,Female,558.0,81.117
2025,Male,558.0,81.117
2025,Male,560.0,81.15
2025,Female,561.0,81.183
2025,Male,562.0,81.217
2025,Female,562.0,81.217
2025,Male,564.0,81.25
2025,Male,564.0,81.25
2025,Female,566.0,81.267
2025,Male,566.0,81.267
2025,Male,566.0,81.267
2025,Female,566.0,81.267
2025,Male,570.0,81.283
2025,Male,571.0,81.3
2025,Male,571.0,81.3
2025,Male,573.0,81.317
2025,Female,574.0,81.333
2025,Female,575.0,81.35
2025,Male,575.0,81.35
2025,Female,575.0,81.35
2025,Male,578.0,81.367
2025,Male,578.0,81.367
2025,Male,578.0,81.367
2025,Male,578.0,81.367
2025,Female,578.0,81.367
2025,Male,583.0,81.4
2025,Male,583.0,81.4
2025,Female,583.0,81.4
2025,Male,586.0,81.433
2025,Male,586.0,81.433
2025,Male,586.0,81.433
2025,Female,589.0,81.45
2025,Male,589.0,81.45
2025,Male,591.0,81.5
2025,Male,591.0,81.5
2025,Male,591.0,81.5
2025,Male,594.0,81.55
2025,Male,594.0,81.55
2025,Male,596.0,81.567
2025,Female,597.0,81.6
2025,Male,597.0,81.6
2025,Female,597.0,81.6
2025,Male,597.0,81.6
2025,Male,601.0,81.617
2025,Male,602.0,81.633
2025,Male,602.0,81.633
2025,Male,604.0,81.65
2025,Male,604.0,81.65
2025,Male,604.0,81.65
2025,Male,607.0,81.667
2025,Male,607.0,81.667
2025,Male,609.0,81.7
2025,Male,610.0,81.733
2025,Male,611.0,81.75
2025,Male,611.0,81.75
2025,Male,613.0,81.767
2025,Male,614.0,81.783
2025,Male,615.0,81.8
2025,Male,616.0,81.817
2025,Female,616.0,81.817
2025,Male,618.0,81.85
2025,Male,619.0,81.867
2025,Female,619.0,81.867
2025,Male,619.0,81.867
2025,Male,622.0,81.9
2025,Male,623.0,81.917
2025,Male,624.0,81.933
2025,Female,624.0,81.933
2025,Female,624.0,81.933
2025,Male,624.0,81.933
2025,Female,624.0,81.933
2025,Male,624.0,81.933
2025,Female,630.0,81.95
2025,Male,631.0,81.967
2025,Male,631.0,81.967
2025,Male,631.0,81.967
2025,Male,631.0,81.967
2025,Male,635.0,82.0
2025,Male,635.0,82.0
2025,Female,637.0,82.017
2025,Female,638.0,82.083
2025,Male,638.0,82.083
2025,Male,640.0,82.15
2025,Male,640.0,82.15
2025,Male,640.0,82.15
2025,Male,643.0,82.167
2025,Male,644.0,82.183
2025,Male,644.0,82.183
2025,Female,644.0,82.183
2025,Female,644.0,82.183
2025,Male,644.0,82.183
2025,Male,649.0,82.2
2025,Female,650.0,82.217
2025,Male,651.0,82.233
2025,Female,652.0,82.25
2025,Male,652.0,82.25
2025,Male,652.0,82.25
2025,Female,652.0,82.25
2025,Male,652.0,82.25
2025,Female,657.0,82.267
2025,Male,657.0,82.267
2025,Male,659.0,82.283
2025,Female,660.0,82.3
2025,Female,661.0,82.35
2025,Male,661.0,82.35
2025,Male,663.0,82.367
2025,Male,664.0,82.383
2025,Male,664.0,82.383
2025,Female,664.0,82.383
2025,Female,664.0,82.383
2025,Female,664.0,82.383
2025,Male,669.0,82.4
2025,Male,669.0,82.4
2025,Male,671.0,82.417
2025,Male,672.0,82.433
2025,Male,673.0,82.45
2025,Female,674.0,82.567
2025,Male,675.0,82.583
2025,Male,676.0,82.6
2025,Male,677.0,82.617
2025,Male,678.0,82.633
2025,Male,679.0,82.65
2025,Female,679.0,82.65
2025,Male,681.0,82.683
2025,Male,681.0,82.683
2025,Male,683.0,82.7
2025,Male,683.0,82.7
2025,Female,683.0,82.7
2025,Male,683.0,82.7
2025,Female,687.0,82.717
2025,Male,687.0,82.717
2025,Male,687.0,82.717
2025,Male,690.0,82.733
2025,Female,691.0,82.75
2025,Male,692.0,82.767
2025,Male,692.0,82.767
2025,Male,694.0,82.783
2025,Male,695.0,82.833
2025,Male,696.0,82.85
2025,Male,697.0,82.867
2025,Male,697.0,82.867
2025,Male,699.0,82.883
2025,Male,700.0,82.9
2025,Male,701.0,82.917
2025,Male,701.0,82.917
2025,Male,701.0,82.917
2025,Male,704.0,82.95
2025,Female,705.0,82.967
2025,Male,705.0,82.967
2025,Female,707.0,82.983
2025,Male,708.0,83.017
2025,Male,709.0,83.05
2025,Male,709.0,83.05
2025,Male,711.0,83.067
2025,Male,712.0,83.1
2025,Female,712.0,83.1
2025,Male,712.0,83.1
2025,Female,715.0,83.117
2025,Male,716.0,83.167
2025,Male,716.0,83.167
2025,Male,716.0,83.167
2025,Male,716.0,83.167
2025,Male,720.0,83.2
2025,Male,721.0,83.233
2025,Male,721.0,83.233
2025,Male,721.0,83.233
2025,Male,724.0,83.267
2025,Female,724.0,83.267
2025,Male,724.0,83.267
2025,Male,724.0,83.267
2025,Male,728.0,83.283
2025,Male,728.0,83.283
2025,Male,728.0,83.283
2025,Male,731.0,83.3
2025,Male,732.0,83.317
2025,Female,732.0,83.317
2025,Male,734.0,83.333
2025,Male,735.0,83.35
2025,Male,736.0,83.367
2025,Female,737.0,83.383
2025,Female,737.0,83.383
2025,Male,737.0,83.383
2025,Male,740.0,83.4
2025,Male,740.0,83.4
2025,Male,742.0,83.417
2025,Male,743.0,83.433
2025,Male,743.0,83.433
2025,Male,745.0,83.467
2025,Male,745.0,83.467
2025,Male,747.0,83.483
2025,Male,747.0,83.483
2025,Male,749.0,83.517
2025,Male,749.0,83.517
2025,Male,749.0,83.517
2025,Male,752.0,83.533
2025,Male,753.0,83.55
2025,Male,754.0,83.6
2025,Male,755.0,83.617
2025,Male,755.0,83.617
2025,Male,755.0,83.617
2025,Male,758.0,83.65
2025,Male,758.0,83.65
2025,Female,760.0,83.667
2025,Male,761.0,83.683
2025,Female,761.0,83.683
2025,Male,761.0,83.683
2025,Male,764.0,83.717
2025,Male,765.0,83.75
2025,Male,765.0,83.75
2025,Male,765.0,83.75
2025,Female,768.0,83.767
2025,Female,768.0,83.767
2025,Male,768.0,83.767
2025,Male,771.0,83.783
2025,Male,771.0,83.783
2025,Male,771.0,83.783
2025,Male,774.0,83.8
2025,Male,774.0,83.8
2025,Male,774.0,83.8
2025,Male,777.0,83.817
2025,Male,777.0,83.817
2025,Male,779.0,83.833
2025,Female,780.0,83.867
2025,Male,781.0,83.883
2025,Female,782.0,83.9
2025,Male,783.0,83.917
2025,Male,783.0,83.917
2025,Female,783.0,83.917
2025,Male,786.0,83.933
2025,Male,787.0,83.95
2025,Male,787.0,83.95
2025,Male,787.0,83.95
2025,Male,790.0,84.0
2025,Female,790.0,84.0
2025,Male,792.0,84.017
2025,Male,793.0,84.033
2025,Male,793.0,84.033
2025,Male,793.0,84.033
2025,Female,793.0,84.033
2025,Male,797.0,84.05
2025,Female,798.0,84.067
2025,Female,799.0,84.083
2025,Male,800.0,84.1
2025,Female,800.0,84.1
2025,Female,802.0,84.117
2025,Male,803.0,84.15
2025,Female,803.0,84.15
2025,Male,803.0,84.15
2025,Male,806.0,84.183
2025,Male,806.0,84.183
2025,Female,808.0,84.2
2025,Male,809.0,84.233
2025,Male,809.0,84.233
2025,Male,811.0,84.25
2025,Male,812.0,84.267
2025,Male,813.0,84.283
2025,Male,814.0,84.317
2025,Male,814.0,84.317
2025,Female,816.0,84.383
2025,Male,817.0,84.433
2025,Male,817.0,84.433
2025,Female,817.0,84.433
2025,Male,820.0,84.5
2025,Female,821.0,84.517
2025,Male,822.0,84.533
2025,Male,822.0,84.533
2025,Male,822.0,84.533
2025,Male,825.0,84.55
2025,Male,825.0,84.55
2025,Male,825.0,84.55
2025,Male,828.0,84.567
2025,Female,828.0,84.567
2025,Male,830.0,84.583
2025,Female,830.0,84.583
2025,Male,832.0,84.617
2025,Male,833.0,84.633
2025,Female,833.0,84.633
2025,Male,833.0,84.633
2025,Male,836.0,84.65
2025,Male,836.0,84.65
2025,Male,838.0,84.683
2025,Male,839.0,84.717
2025,Male,840.0,84.733
2025,Male,841.0,84.75
2025,Male,842.0,84.767
2025,Male,843.0,84.8
2025,Male,844.0,84.817
2025,Male,845.0,84.833
2025,Male,845.0,84.833
2025,Male,847.0,84.867
2025,Male,847.0,84.867
2025,Male,849.0,84.883
2025,Female,850.0,84.9
2025,Female,850.0,84.9
2025,Male,850.0,84.9
2025,Male,853.0,84.933
2025,Female,853.0,84.933
2025,Male,855.0,84.95
2025,Male,856.0,84.967
2025,Male,856.0,84.967
2025,Male,858.0,85.0
2025,Male,858.0,85.0
2025,Male,860.0,85.017
2025,Male,861.0,85.033
2025,Male,861.0,85.033
2025,Female,861.0,85.033
2025,Male,864.0,85.05
2025,Male,865.0,85.067
2025,Male,866.0,85.1
2025,Male,866.0,85.1
2025,Male,868.0,85.117
2025,Male,868.0,85.117
2025,Female,870.0,85.133
2025,Female,871.0,85.167
2025,Male,872.0,85.183
2025,Male,872.0,85.183
2025,Male,874.0,85.2
2025,Female,874.0,85.2
2025,Male,876.0,85.217
2025,Male,876.0,85.217
2025,Male,876.0,85.217
2025,Male,879.0,85.233
2025,Male,880.0,85.25
2025,Male,881.0,85.267
2025,Male,882.0,85.283
2025,Male,883.0,85.3
2025,Female,884.0,85.317
2025,Male,884.0,85.317
2025,Male,884.0,85.317
2025,Male,887.0,85.333
2025,Female,888.0,85.35
2025,Male,888.0,85.35
2025,Male,888.0,85.35
2025,Male,891.0,85.367
2025,Male,891.0,85.367
2025,Male,891.0,85.367
2025,Female,891.0,85.367
2025,Male,895.0,85.383
2025,Male,896.0,85.417
2025,Female,896.0,85.417
2025,Male,896.0,85.417
2025,Male,896.0,85.417
2025,Male,900.0,85.433
2025,Female,900.0,85.433
2025,Male,902.0,85.467
2025,Male,903.0,85.483
2025,Male,904.0,85.5
2025,Female,905.0,85.517
2025,Male,905.0,85.517
2025,Male,907.0,85.533
2025,Male,908.0,85.55
2025,Male,908.0,85.55
2025,Male,908.0,85.55
2025,Male,911.0,85.583
2025,Male,912.0,85.6
2025,Male,912.0,85.6
2025,Male,912.0,85.6
2025,Male,915.0,85.65
2025,Male,916.0,85.667
2025,Male,916.0,85.667
2025,Male,918.0,85.683
2025,Male,918.0,85.683
2025,Male,920.0,85.7
2025,Male,921.0,85.717
2025,Male,921.0,85.717
2025,Male,923.0,85.733
2025,Male,924.0,85.75
2025,Male,924.0,85.75
2025,Female,926.0,85.767
2025,Male,926.0,85.767
2025,Male,926.0,85.767
2025,Male,926.0,85.767
2025,Male,930.0,85.783
2025,Male,931.0,85.8
2025,Male,931.0,85.8
2025,Male,931.0,85.8
2025,Male,931.0,85.8
2025,Male,931.0,85.8
2025,Male,936.0,85.817
2025,Male,937.0,85.833
2025,Female,937.0,85.833
2025,Male,939.0,85.85
2025,Male,940.0,85.883
2025,Male,940.0,85.883
2025,Male,942.0,85.9
2025,Male,942.0,85.9
2025,Male,942.0,85.9
2025,Male,942.0,85.9
2025,Male,946.0,85.917
2025,Male,946.0,85.917
2025,Male,948.0,85.933
2025,Male,949.0,85.95
2025,Female,950.0,85.983
2025,Male,951.0,86.0
2025,Female,952.0,86.017
2025,Female,953.0,86.033
2025,Male,953.0,86.033
2025,Female,953.0,86.033
2025,Female,956.0,86.05
2025,Male,956.0,86.05
2025,Male,956.0,86.05
2025,Female,956.0,86.05
2025,Male,960.0,86.067
2025,Male,961.0,86.083
2025,Female,962.0,86.1
2025,Male,963.0,86.15
2025,Male,963.0,86.15
2025,Male,963.0,86.15
2025,Female,963.0,86.15
2025,Female,967.0,86.167
2025,Female,968.0,86.183
2025,Male,968.0,86.183
2025,Male,968.0,86.183
2025,Male,968.0,86.183
2025,Male,972.0,86.2
2025,Male,972.0,86.2
2025,Male,974.0,86.233
2025,Male,975.0,86.25
2025,Male,975.0,86.25
2025,Male,975.0,86.25
2025,Male,975.0,86.25
2025,Female,979.0,86.267
2025,Male,979.0,86.267
2025,Male,979.0,86.267
2025,Male,979.0,86.267
2025,Male,983.0,86.283
2025,Male,983.0,86.283
2025,Male,983.0,86.283
2025,Male,986.0,86.3
2025,Male,986.0,86.3
2025,Female,988.0,86.317
2025,Male,988.0,86.317
2025,Male,990.0,86.35
2025,Male,990.0,86.35
2025,Male,992.0,86.367
2025,Male,992.0,86.367
2025,Male,994.0,86.383
2025,Male,994.0,86.383
2025,Male,994.0,86.383
2025,Male,997.0,86.4
2025,Male,997.0,86.4
2025,Male,997.0,86.4
2025,Female,997.0,86.4
2025,Male,1001.0,86.45
2025,Male,1002.0,86.467
2025,Male,1002.0,86.467
2025,Male,1002.0,86.467
2025,Male,1002.0,86.467
2025,Male,1002.0,86.467
2025,Male,1002.0,86.467
2025,Male,1008.0,86.483
2025,Male,1008.0,86.483
2025,Female,1010.0,86.5
2025,Male,1010.0,86.5
2025,Male,1010.0,86.5
2025,Male,1010.0,86.5
2025,Female,1010.0,86.5
2025,Male,1010.0,86.5
2025,Female,1016.0,86.517
2025,Male,1017.0,86.533
2025,Male,1017.0,86.533
2025,Female,1017.0,86.533
2025,Male,1017.0,86.533
2025,Male,1021.0,86.55
2025,Male,1021.0,86.55
2025,Female,1021.0,86.55
2025,Male,1024.0,86.567
2025,Male,1025.0,86.583
2025,Male,1025.0,86.583
2025,Male,1027.0,86.6
2025,Male,1027.0,86.6
2025,Male,1027.0,86.6
2025,Male,1030.0,86.617
2025,Male,1030.0,86.617
2025,Male,1032.0,86.633
2025,Male,1032.0,86.633
2025,Male,1034.0,86.65
2025,Male,1035.0,86.667
2025,Male,1036.0,86.7
2025,Male,1036.0,86.7
2025,Female,1038.0,86.717
2025,Female,1039.0,86.733
2025,Male,1039.0,86.733
2025,Male,1039.0,86.733
2025,Male,1042.0,86.75
2025,Male,1043.0,86.767
2025,Male,1044.0,86.783
2025,Male,1045.0,86.8
2025,Male,1045.0,86.8
2025,Female,1045.0,86.8
2025,Male,1048.0,86.817
2025,Male,1049.0,86.833
2025,Female,1049.0,86.833
2025,Male,1049.0,86.833
2025,Male,1052.0,86.85
2025,Male,1052.0,86.85
2025,Male,1052.0,86.85
2025,Male,1055.0,86.9
2025,Female,1056.0,86.983
2025,Male,1056.0,86.983
2025,Female,1056.0,86.983
2025,Male,1059.0,87.0
2025,Male,1060.0,87.017
2025,Male,1061.0,87.05
2025,Male,1061.0,87.05
2025,Male,1063.0,87.067
2025,Male,1063.0,87.067
2025,Male,1065.0,87.083
2025,Male,1066.0,87.1
2025,Male,1066.0,87.1
2025,Male,1066.0,87.1
2025,Female,1069.0,87.117
2025,Male,1069.0,87.117
2025,Male,1071.0,87.133
2025,Male,1071.0,87.133
2025,Male,1071.0,87.133
2025,Male,1071.0,87.133
2025,Female,1075.0,87.15
2025,Female,1076.0,87.183
2025,Male,1076.0,87.183
2025,Female,1076.0,87.183
2025,Male,1076.0,87.183
2025,Female,1076.0,87.183
2025,Male,1081.0,87.2
2025,Male,1081.0,87.2
2025,Male,1081.0,87.2
2025,Male,1081.0,87.2
2025,Female,1085.0,87.217
2025,Male,1085.0,87.217
2025,Male,1087.0,87.233
2025,Male,1087.0,87.233
2025,Male,1089.0,87.25
2025,Male,1089.0,87.25
2025,Male,1091.0,87.267
2025,Female,1091.0,87.267
2025,Male,1093.0,87.283
2025,Male,1094.0,87.3
2025,Male,1094.0,87.3
2025,Male,1094.0,87.3
2025,Female,1097.0,87.317
2025,Male,1098.0,87.333
2025,Female,1098.0,87.333
2025,Female,1100.0,87.35
2025,Male,1100.0,87.35
2025,Male,1102.0,87.383
2025,Female,1103.0,87.4
2025,Male,1104.0,87.417
2025,Male,1105.0,87.433
2025,Male,1105.0,87.433
2025,Male,1105.0,87.433
2025,Male,1105.0,87.433
2025,Female,1105.0,87.433
2025,Male,1110.0,87.45
2025,Male,1110.0,87.45
2025,Male,1110.0,87.45
2025,Male,1110.0,87.45
2025,Male,1114.0,87.483
2025,Male,1115.0,87.517
2025,Male,1115.0,87.517
2025,Male,1117.0,87.533
2025,Female,1118.0,87.55
2025,Female,1118.0,87.55
2025,Male,1120.0,87.567
2025,Male,1121.0,87.6
2025,Male,1121.0,87.6
2025,Male,1121.0,87.6
2025,Female,1121.0,87.6
2025,Male,1125.0,87.633
2025,Female,1125.0,87.633
2025,Female,1125.0,87.633
2025,Male,1125.0,87.633
2025,Male,1129.0,87.65
2025,Female,1129.0,87.65
2025,Male,1131.0,87.667
2025,Male,1131.0,87.667
2025,Male,1131.0,87.667
2025,Male,1131.0,87.667
2025,Male,1131.0,87.667
2025,Male,1136.0,87.683
2025,Male,1137.0,87.7
2025,Female,1137.0,87.7
2025,Male,1137.0,87.7
2025,Male,1140.0,87.717
2025,Male,1141.0,87.733
2025,Male,1141.0,87.733
2025,Male,1143.0,87.75
2025,Male,1144.0,87.767
2025,Male,1144.0,87.767
2025,Male,1146.0,87.783
2025,Male,1146.0,87.783
2025,Male,1148.0,87.8
2025,Male,1148.0,87.8
2025,Male,1148.0,87.8
2025,Male,1151.0,87.817
2025,Male,1151.0,87.817
2025,Male,1153.0,87.833
2025,Male,1153.0,87.833
2025,Male,1153.0,87.833
2025,Male,1156.0,87.85
2025,Female,1156.0,87.85
2025,Male,1158.0,87.867
2025,Male,1159.0,87.883
2025,Male,1159.0,87.883
2025,Male,1161.0,87.9
2025,Male,1162.0,87.917
2025,Male,1162.0,87.917
2025,Male,1162.0,87.917
2025,Male,1165.0,87.933
2025,Male,1165.0,87.933
2025,Male,1165.0,87.933
2025,Male,1168.0,87.95
2025,Male,1169.0,87.967
2025,Female,1170.0,87.983
2025,Male,1171.0,88.0
2025,Male,1172.0,88.017
2025,Male,1173.0,88.033
2025,Male,1174.0,88.05
2025,Male,1174.0,88.05
2025,Male,1174.0,88.05
2025,Male,1174.0,88.05
2025,Female,1178.0,88.067
2025,Male,1178.0,88.067
2025,Male,1180.0,88.1
2025,Male,1180.0,88.1
2025,Male,1180.0,88.1
2025,Female,1180.0,88.1
2025,Male,1184.0,88.117
2025,Male,1185.0,88.133
2025,Male,1185.0,88.133
2025,Female,1185.0,88.133
2025,Male,1188.0,88.15
2025,Male,1189.0,88.167
2025,Male,1190.0,88.183
2025,Female,1191.0,88.217
2025,Male,1192.0,88.233
2025,Male,1192.0,88.233
2025,Male,1194.0,88.25
2025,Female,1195.0,88.267
2025,Female,1195.0,88.267
2025,Male,1197.0,88.283
2025,Male,1197.0,88.283
2025,Male,1199.0,88.3
2025,Male,1200.0,88.35
2025,Male,1200.0,88.35
2025,Male,1202.0,88.367
2025,Male,1203.0,88.383
2025,Male,1203.0,88.383
2025,Female,1203.0,88.383
2025,Female,1206.0,88.4
2025,Male,1207.0,88.417
2025,Female,1208.0,88.433
2025,Male,1208.0,88.433
2025,Female,1208.0,88.433
2025,Male,1211.0,88.467
2025,Female,1211.0,88.467
2025,Female,1213.0,88.483
2025,Male,1213.0,88.483
2025,Male,1213.0,88.483
2025,Male,1216.0,88.5
2025,Female,1216.0,88.5
2025,Male,1218.0,88.533
2025,Male,1218.0,88.533
2025,Male,1218.0,88.533
2025,Male,1221.0,88.55
2025,Male,1222.0,88.567
2025,Female,1223.0,88.583
2025,Male,1223.0,88.583
2025,Male,1223.0,88.583
2025,Male,1226.0,88.6
2025,Male,1227.0,88.617
2025,Male,1227.0,88.617
2025,Male,1227.0,88.617
2025,Male,1230.0,88.633
2025,Female,1230.0,88.633
2025,Male,1230.0,88.633
2025,Male,1233.0,88.65
2025,Male,1233.0,88.65
2025,Male,1235.0,88.7
2025,Male,1236.0,88.733
2025,Male,1237.0,88.75
2025,Male,1238.0,88.783
2025,Male,1238.0,88.783
2025,Male,1240.0,88.8
2025,Male,1241.0,88.817
2025,Male,1242.0,88.833
2025,Male,1243.0,88.867
2025,Male,1243.0,88.867
2025,Male,1243.0,88.867
2025,Male,1246.0,88.883
2025,Female,1246.0,88.883
2025,Male,1248.0,88.917
2025,Male,1248.0,88.917
2025,Male,1248.0,88.917
2025,Female,1248.0,88.917
2025,Female,1248.0,88.917
2025,Male,1253.0,88.933
2025,Male,1253.0,88.933
2025,Male,1253.0,88.933
2025,Male,1256.0,88.95
2025,Male,1257.0,89.0
2025,Male,1257.0,89.0
2025,Male,1259.0,89.017
2025,Male,1259.0,89.017
2025,Male,1261.0,89.033
2025,Female,1261.0,89.033
2025,Male,1263.0,89.05
2025,Male,1263.0,89.05
2025,Male,1263.0,89.05
2025,Male,1263.0,89.05
2025,Male,1263.0,89.05
2025,Male,1263.0,89.05
2025,Male,1269.0,89.067
2025,Female,1269.0,89.067
2025,Male,1269.0,89.067
2025,Male,1272.0,89.083
2025,Male,1273.0,89.1
2025,Male,1274.0,89.117
2025,Female,1275.0,89.15
2025,Male,1275.0,89.15
2025,Male,1277.0,89.167
2025,Male,1277.0,89.167
2025,Male,1279.0,89.183
2025,Male,1280.0,89.2
2025,Female,1281.0,89.233
2025,Male,1281.0,89.233
2025,Female,1281.0,89.233
2025,Male,1281.0,89.233
2025,Male,1281.0,89.233
2025,Female,1281.0,89.233
2025,Male,1281.0,89.233
2025,Male,1288.0,89.3
2025,Male,1288.0,89.3
2025,Male,1290.0,89.317
2025,Male,1291.0,89.333
2025,Male,1291.0,89.333
2025,Male,1293.0,89.35
2025,Male,1293.0,89.35
2025,Female,1293.0,89.35
2025,Male,1296.0,89.367
2025,Male,1297.0,89.383
2025,Male,1298.0,89.4
2025,Male,1298.0,89.4
2025,Male,1300.0,89.417
2025,Male,1301.0,89.433
2025,Female,1301.0,89.433
2025,Male,1303.0,89.45
2025,Male,1304.0,89.467
2025,Female,1305.0,89.483
2025,Female,1305.0,89.483
2025,Male,1307.0,89.5
2025,Female,1307.0,89.5
2025,Male,1309.0,89.533
2025,Female,1309.0,89.533
2025,Male,1309.0,89.533
2025,Male,1312.0,89.55
2025,Female,1313.0,89.617
2025,Female,1313.0,89.617
2025,Male,1315.0,89.633
2025,Female,1316.0,89.65
2025,Female,1316.0,89.65
2025,Female,1318.0,89.7
2025,Female,1318.0,89.7
2025,Female,1320.0,89.733
2025,Female,1320.0,89.733
2025,Male,1320.0,89.733
2025,Male,1320.0,89.733
2025,Male,1324.0,89.75
2025,Male,1325.0,89.767
2025,Female,1326.0,89.783
2025,Male,1326.0,89.783
2025,Male,1328.0,89.817
2025,Female,1328.0,89.817
2025,Female,1330.0,89.833
2025,Male,1331.0,89.85
2025,Female,1331.0,89.85
2025,Male,1331.0,89.85
2025,Male,1331.0,89.85
2025,Female,1335.0,89.883
2025,Male,1335.0,89.883
2025,Male,1337.0,89.9
2025,Male,1337.0,89.9
2025,Male,1339.0,89.933
2025,Female,1340.0,90.0
2025,Male,1341.0,90.017
2025,Male,1342.0,90.033
2025,Male,1342.0,90.033
2025,Male,1342.0,90.033
2025,Male,1342.0,90.033
2025,Female,1346.0,90.05
2025,Male,1346.0,90.05
2025,Male,1346.0,90.05
2025,Male,1349.0,90.083
2025,Female,1349.0,90.083
2025,Male,1349.0,90.083
2025,Female,1352.0,90.1
2025,Male,1352.0,90.1
2025,Female,1354.0,90.117
2025,Male,1354.0,90.117
2025,Male,1356.0,90.133
2025,Female,1356.0,90.133
2025,Male,1358.0,90.15
2025,Male,1358.0,90.15
2025,Male,1360.0,90.167
2025,Male,1360.0,90.167
2025,Male,1362.0,90.183
2025,Female,1362.0,90.183
2025,Female,1364.0,90.2
2025,Male,1364.0,90.2
2025,Male,1366.0,90.217
2025,Male,1366.0,90.217
2025,Male,1366.0,90.217
2025,Male,1369.0,90.233
2025,Male,1370.0,90.25
2025,Female,1370.0,90.25
2025,Female,1370.0,90.25
2025,Male,1373.0,90.283
2025,Female,1373.0,90.283
2025,Male,1373.0,90.283
2025,Female,1373.0,90.283
2025,Female,1377.0,90.3
2025,Female,1377.0,90.3
2025,Male,1377.0,90.3
2025,Male,1380.0,90.317
2025,Female,1380.0,90.317
2025,Female,1382.0,90.35
2025,Male,1383.0,90.367
2025,Male,1384.0,90.383
2025,Male,1384.0,90.383
2025,Male,1384.0,90.383
2025,Female,1384.0,90.383
2025,Male,1384.0,90.383
2025,Male,1389.0,90.4
2025,Male,1389.0,90.4
2025,Male,1391.0,90.433
2025,Male,1392.0,90.467
2025,Male,1392.0,90.467
2025,Male,1394.0,90.483
2025,Female,1395.0,90.5
2025,Female,1395.0,90.5
2025,Male,1395.0,90.5
2025,Male,1398.0,90.517
2025,Male,1398.0,90.517
2025,Male,1400.0,90.533
2025,Female,1401.0,90.55
2025,Male,1401.0,90.55
2025,Female,1403.0,90.567
2025,Female,1403.0,90.567
2025,Female,1405.0,90.583
2025,Male,1406.0,90.6
2025,Male,1406.0,90.6
2025,Male,1408.0,90.617
2025,Male,1409.0,90.633
2025,Female,1409.0,90.633
2025,Male,1409.0,90.633
2025,Male,1409.0,90.633
2025,Male,1413.0,90.65
2025,Male,1414.0,90.667
2025,Male,1414.0,90.667
2025,Male,1416.0,90.7
2025,Male,1416.0,90.7
2025,Male,1418.0,90.717
2025,Male,1418.0,90.717
2025,Female,1418.0,90.717
2025,Male,1421.0,90.733
2025,Male,1421.0,90.733
2025,Female,1423.0,90.75
2025,Male,1423.0,90.75
2025,Male,1425.0,90.767
2025,Male,1426.0,90.8
2025,Male,1427.0,90.817
2025,Female,1427.0,90.817
2025,Female,1427.0,90.817
2025,Female,1427.0,90.817
2025,Male,1431.0,90.833
2025,Male,1432.0,90.85
2025,Male,1433.0,90.867
2025,Male,1434.0,90.883
2025,Male,1434.0,90.883
2025,Male,1436.0,90.9
2025,Male,1437.0,90.917
2025,Male,1438.0,90.933
2025,Female,1439.0,90.95
2025,Male,1440.0,90.967
2025,Male,1440.0,90.967
2025,Female,1440.0,90.967
2025,Male,1440.0,90.967
2025,Male,1444.0,91.0
2025,Male,1444.0,91.0
2025,Female,1446.0,91.05
2025,Female,1446.0,91.05
2025,Male,1446.0,91.05
2025,Male,1449.0,91.067
2025,Female,1450.0,91.083
2025,Male,1451.0,91.1
2025,Male,1452.0,91.117
2025,Male,1452.0,91.117
2025,Female,1452.0,91.117
2025,Male,1455.0,91.133
2025,Male,1456.0,91.15
2025,Male,1456.0,91.15
2025,Male,1458.0,91.167
2025,Male,1458.0,91.167
2025,Female,1458.0,91.167
2025,Male,1461.0,91.183
2025,Female,1461.0,91.183
2025,Male,1461.0,91.183
2025,Male,1464.0,91.2
2025,Male,1464.0,91.2
2025,Female,1466.0,91.217
2025,Male,1466.0,91.217
2025,Male,1466.0,91.217
2025,Male,1469.0,91.25
2025,Male,1470.0,91.267
2025,Male,1470.0,91.267
2025,Male,1472.0,91.283
2025,Male,1472.0,91.283
2025,Male,1474.0,91.317
2025,Female,1475.0,91.333
2025,Female,1475.0,91.333
2025,Male,1477.0,91.35
2025,Male,1478.0,91.367
2025,Female,1478.0,91.367
2025,Male,1478.0,91.367
2025,Male,1481.0,91.383
2025,Male,1482.0,91.4
2025,Female,1482.0,91.4
2025,Female,1482.0,91.4
2025,Male,1485.0,91.417
2025,Male,1485.0,91.417
2025,Male,1485.0,91.417
2025,Male,1488.0,91.433
2025,Female,1488.0,91.433
2025,Male,1490.0,91.483
2025,Male,1490.0,91.483
2025,Male,1492.0,91.517
2025,Male,1492.0,91.517
2025,Male,1492.0,91.517
2025,Female,1495.0,91.533
2025,Female,1495.0,91.533
2025,Male,1497.0,91.55
2025,Male,1498.0,91.567
2025,Male,1498.0,91.567
2025,Male,1500.0,91.583
2025,Male,1500.0,91.583
2025,Male,1500.0,91.583
2025,Male,1503.0,91.617
2025,Male,1504.0,91.633
2025,Female,1505.0,91.65
2025,Female,1505.0,91.65
2025,Male,1507.0,91.667
2025,Male,1508.0,91.683
2025,Male,1509.0,91.7
2025,Female,1510.0,91.717
2025,Male,1511.0,91.733
2025,Female,1511.0,91.733
2025,Male,1511.0,91.733
2025,Male,1514.0,91.75
2025,Male,1514.0,91.75
2025,Male,1514.0,91.75
2025,Female,1517.0,91.767
2025,Male,1518.0,91.8
2025,Male,1518.0,91.8
2025,Male,1520.0,91.817
2025,Male,1521.0,91.833
2025,Female,1521.0,91.833
2025,Male,1523.0,91.85
2025,Female,1523.0,91.85
2025,Male,1523.0,91.85
2025,Female,1526.0,91.867
2025,Male,1526.0,91.867
2025,Male,1528.0,91.883
2025,Male,1528.0,91.883
2025,Male,1530.0,91.9
2025,Male,1530.0,91.9
2025,Male,1532.0,91.917
2025,Female,1533.0,91.933
2025,Female,1534.0,91.95
2025,Male,1534.0,91.95
2025,Male,1536.0,91.967
2025,Male,1537.0,91.983
2025,Male,1538.0,92.017
2025,Male,1538.0,92.017
2025,Male,1540.0,92.05
2025,Male,1540.0,92.05
2025,Male,1542.0,92.067
2025,Male,1543.0,92.083
2025,Female,1543.0,92.083
2025,Male,1545.0,92.1
2025,Male,1545.0,92.1
2025,Male,1547.0,92.117
2025,Male,1548.0,92.133
2025,Male,1548.0,92.133
2025,Male,1548.0,92.133
2025,Female,1551.0,92.15
2025,Male,1552.0,92.167
2025,Male,1552.0,92.167
2025,Male,1554.0,92.183
2025,Female,1554.0,92.183
2025,Male,1554.0,92.183
2025,Male,1557.0,92.2
2025,Male,1557.0,92.2
2025,Female,1559.0,92.217
2025,Male,1559.0,92.217
2025,Female,1559.0,92.217
2025,Male,1562.0,92.233
2025,Male,1563.0,92.267
2025,Male,1563.0,92.267
2025,Male,1565.0,92.283
2025,Male,1566.0,92.3
2025,Male,1567.0,92.317
2025,Male,1568.0,92.333
2025,Male,1568.0,92.333
2025,Male,1568.0,92.333
2025,Female,1571.0,92.367
2025,Male,1571.0,92.367
2025,Female,1573.0,92.383
2025,Male,1573.0,92.383
2025,Female,1575.0,92.417
2025,Male,1575.0,92.417
2025,Male,1575.0,92.417
2025,Male,1578.0,92.433
2025,Male,1578.0,92.433
2025,Male,1580.0,92.45
2025,Male,1580.0,92.45
2025,Male,1582.0,92.467
2025,Male,1582.0,92.467
2025,Male,1584.0,92.483
2025,Male,1584.0,92.483
2025,Male,1586.0,92.5
2025,Male,1587.0,92.517
2025,Male,1587.0,92.517
2025,Male,1587.0,92.517
2025,Female,1587.0,92.517
2025,Male,1591.0,92.533
2025,Male,1592.0,92.55
2025,Male,1592.0,92.55
2025,Male,1594.0,92.583
2025,Male,1594.0,92.583
2025,Male,1596.0,92.6
2025,Male,1597.0,92.617
2025,Male,1598.0,92.633
2025,Male,1598.0,92.633
2025,Male,1600.0,92.65
2025,Male,1601.0,92.667
2025,Female,1602.0,92.683
2025,Male,1602.0,92.683
2025,Male,1602.0,92.683
2025,Female,1605.0,92.7
2025,Male,1606.0,92.717
2025,Female,1606.0,92.717
2025,Male,1606.0,92.717
2025,Male,1606.0,92.717
2025,Male,1610.0,92.733
2025,Male,1611.0,92.767
2025,Male,1612.0,92.783
2025,Male,1612.0,92.783
2025,Male,1614.0,92.8
2025,Female,1615.0,92.817
2025,Male,1616.0,92.833
2025,Male,1617.0,92.85
2025,Male,1617.0,92.85
2025,Male,1617.0,92.85
2025,Female,1617.0,92.85
2025,Male,1621.0,92.867
2025,Female,1621.0,92.867
2025,Male,1623.0,92.883
2025,Female,1623.0,92.883
2025,Male,1625.0,92.9
2025,Female,1625.0,92.9
2025,Male,1627.0,92.933
2025,Female,1628.0,92.95
2025,Male,1629.0,92.967
2025,Male,1630.0,93.0
2025,Male,1630.0,93.0
2025,Male,1632.0,93.033
2025,Male,1632.0,93.033
2025,Male,1632.0,93.033
2025,Male,1635.0,93.05
2025,Male,1635.0,93.05
2025,Male,1635.0,93.05
2025,Female,1635.0,93.05
2025,Male,1635.0,93.05
2025,Male,1640.0,93.067
2025,Female,1640.0,93.067
2025,Male,1640.0,93.067
2025,Male,1643.0,93.083
2025,Male,1643.0,93.083
2025,Male,1643.0,93.083
2025,Male,1646.0,93.1
2025,Male,1646.0,93.1
2025,Female,1646.0,93.1
2025,Male,1649.0,93.133
2025,Male,1649.0,93.133
2025,Male,1651.0,93.15
2025,Male,1652.0,93.167
2025,Female,1652.0,93.167
2025,Male,1652.0,93.167
2025,Male,1655.0,93.183
2025,Male,1655.0,93.183
2025,Male,1655.0,93.183
2025,Female,1658.0,93.2
2025,Male,1658.0,93.2
2025,Male,1660.0,93.217
2025,Male,1660.0,93.217
2025,Female,1662.0,93.233
2025,Male,1662.0,93.233
2025,Female,1662.0,93.233
2025,Male,1662.0,93.233
2025,Female,1666.0,93.25
2025,Male,1666.0,93.25
2025,Male,1666.0,93.25
2025,Female,1666.0,93.25
2025,Male,1670.0,93.267
2025,Male,1671.0,93.3
2025,Male,1671.0,93.3
2025,Male,1673.0,93.317
2025,Male,1674.0,93.333
2025,Male,1674.0,93.333
2025,Male,1674.0,93.333
2025,Male,1674.0,93.333
2025,Male,1678.0,93.35
2025,Male,1678.0,93.35
2025,Male,1678.0,93.35
2025,Male,1681.0,93.367
2025,Male,1682.0,93.383
2025,Male,1682.0,93.383
2025,Male,1684.0,93.4
2025,Male,1684.0,93.4
2025,Male,1686.0,93.417
2025,Male,1687.0,93.433
2025,Male,1687.0,93.433
2025,Male,1689.0,93.45
2025,Male,1690.0,93.483
2025,Male,1691.0,93.5
2025,Female,1692.0,93.517
2025,Male,1692.0,93.517
2025,Male,1694.0,93.55
2025,Male,1694.0,93.55
2025,Male,1694.0,93.55
2025,Male,1694.0,93.55
2025,Male,1694.0,93.55
2025,Male,1699.0,93.567
2025,Male,1699.0,93.567
2025,Male,1699.0,93.567
2025,Male,1702.0,93.583
2025,Female,1702.0,93.583
2025,Female,1704.0,93.6
2025,Male,1704.0,93.6
2025,Male,1706.0,93.633
2025,Female,1706.0,93.633
2025,Male,1708.0,93.65
2025,Male,1708.0,93.65
2025,Male,1708.0,93.65
2025,Male,1708.0,93.65
2025,Female,1708.0,93.65
2025,Female,1713.0,93.667
2025,Female,1713.0,93.667
2025,Female,1713.0,93.667
2025,Male,1716.0,93.7
2025,Female,1716.0,93.7
2025,Male,1716.0,93.7
2025,Female,1716.0,93.7
2025,Male,1720.0,93.717
2025,Female,1720.0,93.717
2025,Male,1722.0,93.733
2025,Female,1722.0,93.733
2025,Male,1722.0,93.733
2025,Male,1725.0,93.767
2025,Male,1726.0,93.783
2025,Female,1726.0,93.783
2025,Male,1728.0,93.8
2025,Female,1728.0,93.8
2025,Male,1730.0,93.833
2025,Male,1731.0,93.85
2025,Male,1731.0,93.85
2025,Female,1731.0,93.85
2025,Male,1734.0,93.867
2025,Male,1734.0,93.867
2025,Male,1734.0,93.867
2025,Male,1734.0,93.867
2025,Female,1738.0,93.883
2025,Female,1738.0,93.883
2025,Female,1740.0,93.9
2025,Male,1740.0,93.9
2025,Male,1742.0,93.917
2025,Male,1743.0,93.933
2025,Female,1744.0,93.95
2025,Male,1744.0,93.95
2025,Female,1746.0,93.967
2025,Female,1746.0,93.967
2025,Male,1748.0,93.983
2025,Male,1749.0,94.017
2025,Female,1749.0,94.017
2025,Female,1751.0,94.067
2025,Male,1752.0,94.083
2025,Female,1753.0,94.15
2025,Female,1754.0,94.183
2025,Male,1754.0,94.183
2025,Male,1754.0,94.183
2025,Female,1757.0,94.2
2025,Male,1757.0,94.2
2025,Male,1757.0,94.2
2025,Female,1760.0,94.233
2025,Male,1760.0,94.233
2025,Male,1760.0,94.233
2025,Female,1763.0,94.25
2025,Female,1763.0,94.25
2025,Male,1765.0,94.267
2025,Female,1766.0,94.283
2025,Male,1766.0,94.283
2025,Female,1768.0,94.3
2025,Female,1769.0,94.333
2025,Male,1770.0,94.35
2025,Male,1771.0,94.383
2025,Male,1772.0,94.417
2025,Female,1772.0,94.417
2025,Male,1774.0,94.433
2025,Female,1774.0,94.433
2025,Male,1776.0,94.45
2025,Female,1777.0,94.467
2025,Male,1777.0,94.467
2025,Male,1779.0,94.483
2025,Female,1779.0,94.483
2025,Male,1781.0,94.5
2025,Male,1782.0,94.517
2025,Male,1783.0,94.533
2025,Female,1784.0,94.55
2025,Female,1784.0,94.55
2025,Male,1786.0,94.567
2025,Female,1786.0,94.567
2025,Female,1788.0,94.583
2025,Male,1789.0,94.6
2025,Male,1789.0,94.6
2025,Female,1789.0,94.6
2025,Male,1789.0,94.6
2025,Female,1793.0,94.617
2025,Male,1794.0,94.633
2025,Female,1794.0,94.633
2025,Male,1796.0,94.65
2025,Male,1797.0,94.683
2025,Female,1797.0,94.683
2025,Male,1799.0,94.733
2025,Female,1800.0,94.75
2025,Male,1801.0,94.767
2025,Female,1802.0,94.8
2025,Female,1802.0,94.8
2025,Male,1802.0,94.8
2025,Male,1805.0,94.817
2025,Male,1805.0,94.817
2025,Male,1805.0,94.817
2025,Male,1808.0,94.833
2025,Female,1809.0,94.85
2025,Male,1810.0,94.867
2025,Male,1810.0,94.867
2025,Male,1812.0,94.883
2025,Male,1812.0,94.883
2025,Male,1814.0,94.9
2025,Male,1814.0,94.9
2025,Female,1814.0,94.9
2025,Male,1814.0,94.9
2025,Male,1818.0,94.933
2025,Female,1818.0,94.933
2025,Male,1820.0,94.95
2025,Male,1821.0,94.967
2025,Male,1821.0,94.967
2025,Male,1821.0,94.967
2025,Male,1821.0,94.967
2025,Male,1825.0,94.983
2025,Female,1825.0,94.983
2025,Male,1827.0,95.0
2025,Female,1828.0,95.033
2025,Male,1829.0,95.05
2025,Female,1830.0,95.083
2025,Male,1831.0,95.1
2025,Female,1832.0,95.117
2025,Male,1832.0,95.117
2025,Male,1834.0,95.15
2025,Male,1834.0,95.15
2025,Male,1836.0,95.167
2025,Male,1837.0,95.183
2025,Male,1837.0,95.183
2025,Male,1837.0,95.183
2025,Male,1840.0,95.2
2025,Male,1841.0,95.217
2025,Male,1842.0,95.233
2025,Male,1842.0,95.233
2025,Male,1844.0,95.25
2025,Female,1844.0,95.25
2025,Male,1846.0,95.283
2025,Female,1846.0,95.283
2025,Female,1846.0,95.283
2025,Male,1849.0,95.3
2025,Male,1849.0,95.3
2025,Female,1849.0,95.3
2025,Male,1852.0,95.317
2025,Male,1852.0,95.317
2025,Male,1852.0,95.317
2025,Male,1852.0,95.317
2025,Male,1856.0,95.35
2025,Male,1857.0,95.383
2025,Female,1858.0,95.4
2025,Female,1859.0,95.433
2025,Male,1859.0,95.433
2025,Female,1861.0,95.45
2025,Male,1862.0,95.467
2025,Male,1862.0,95.467
2025,Male,1864.0,95.5
2025,Female,1865.0,95.533
2025,Male,1866.0,95.55
2025,Female,1866.0,95.55
2025,Female,1868.0,95.567
2025,Female,1868.0,95.567
2025,Male,1870.0,95.583
2025,Male,1871.0,95.6
2025,Male,1871.0,95.6
2025,Male,1873.0,95.617
2025,Female,1873.0,95.617
2025,Female,1873.0,95.617
2025,Male,1876.0,95.633
2025,Male,1877.0,95.65
2025,Male,1878.0,95.683
2025,Female,1879.0,95.7
2025,Male,1880.0,95.717
2025,Male,1880.0,95.717
2025,Female,1880.0,95.717
2025,Male,1880.0,95.717
2025,Male,1880.0,95.717
2025,Male,1885.0,95.733
2025,Male,1886.0,95.767
2025,Male,1887.0,95.783
2025,Female,1888.0,95.8
2025,Female,1889.0,95.817
2025,Male,1889.0,95.817
2025,Male,1889.0,95.817
2025,Male,1889.0,95.817
2025,Male,1893.0,95.833
2025,Male,1893.0,95.833
2025,Female,1895.0,95.85
2025,Male,1896.0,95.867
2025,Male,1897.0,95.9
2025,Female,1897.0,95.9
2025,Female,1897.0,95.9
2025,Female,1897.0,95.9
2025,Female,1901.0,95.917
2025,Male,1901.0,95.917
2025,Female,1903.0,95.933
2025,Male,1903.0,95.933
2025,Male,1903.0,95.933
2025,Female,1906.0,95.967
2025,Male,1907.0,95.983
2025,Female,1908.0,96.0
2025,Female,1908.0,96.0
2025,Male,1910.0,96.033
2025,Female,1910.0,96.033
2025,Male,1912.0,96.05
2025,Male,1912.0,96.05
2025,Male,1914.0,96.083
2025,Male,1915.0,96.1
2025,Male,1915.0,96.1
2025,Male,1917.0,96.117
2025,Female,1917.0,96.117
2025,Male,1919.0,96.133
2025,Male,1920.0,96.15
2025,Male,1921.0,96.167
2025,Female,1922.0,96.183
2025,Male,1922.0,96.183
2025,Male,1922.0,96.183
2025,Male,1925.0,96.2
2025,Male,1925.0,96.2
2025,Female,1925.0,96.2
2025,Female,1928.0,96.217
2025,Male,1928.0,96.217
2025,Female,1930.0,96.233
2025,Female,1931.0,96.267
2025,Male,1932.0,96.283
2025,Female,1933.0,96.3
2025,Male,1934.0,96.317
2025,Male,1935.0,96.333
2025,Male,1935.0,96.333
2025,Female,1937.0,96.35
2025,Male,1937.0,96.35
2025,Female,1937.0,96.35
2025,Male,1940.0,96.367
2025,Male,1941.0,96.383
2025,Female,1941.0,96.383
2025,Female,1943.0,96.4
2025,Female,1943.0,96.4
2025,Male,1945.0,96.417
2025,Male,1945.0,96.417
2025,Male,1947.0,96.433
2025,Male,1948.0,96.45
2025,Male,1949.0,96.467
2025,Female,1950.0,96.483
2025,Male,1951.0,96.5
2025,Male,1951.0,96.5
2025,Male,1951.0,96.5
2025,Male,1954.0,96.517
2025,Female,1954.0,96.517
2025,Male,1956.0,96.583
2025,Female,1956.0,96.583
2025,Female,1958.0,96.6
2025,Female,1959.0,96.617
2025,Male,1960.0,96.65
2025,Female,1960.0,96.65
2025,Male,1962.0,96.667
2025,Female,1962.0,96.667
2025,Male,1964.0,96.717
2025,Male,1965.0,96.783
2025,Female,1966.0,96.817
2025,Male,1966.0,96.817
2025,Female,1966.0,96.817
2025,Male,1969.0,96.833
2025,Male,1969.0,96.833
2025,Male,1969.0,96.833
2025,Male,1972.0,96.85
2025,Male,1972.0,96.85
2025,Female,1974.0,96.867
2025,Male,1975.0,96.883
2025,Female,1976.0,96.9
2025,Male,1977.0,96.917
2025,Male,1978.0,96.933
2025,Female,1979.0,96.95
2025,Female,1980.0,96.967
2025,Male,1981.0,96.983
2025,Male,1982.0,97.0
2025,Female,1982.0,97.0
2025,Male,1984.0,97.05
2025,Male,1985.0,97.067
2025,Female,1986.0,97.083
2025,Female,1986.0,97.083
2025,Male,1986.0,97.083
2025,Male,1986.0,97.083
2025,Female,1990.0,97.1
2025,Female,1991.0,97.117
2025,Male,1992.0,97.133
2025,Female,1993.0,97.15
2025,Female,1994.0,97.217
2025,Male,1995.0,97.25
2025,Male,1995.0,97.25
2025,Male,1995.0,97.25
2025,Female,1995.0,97.25
2025,Female,1995.0,97.25
2025,Female,2000.0,97.267
2025,Female,2001.0,97.283
2025,Male,2002.0,97.3
2025,Female,2002.0,97.3
2025,Male,2004.0,97.35
2025,Female,2004.0,97.35
2025,Male,2006.0,97.367
2025,Male,2006.0,97.367
2025,Female,2008.0,97.383
2025,Female,2008.0,97.383
2025,Male,2010.0,97.417
2025,Female,2010.0,97.417
2025,Female,2012.0,97.433
2025,Female,2013.0,97.45
2025,Male,2013.0,97.45
2025,Female,2015.0,97.467
2025,Male,2016.0,97.483
2025,Male,2016.0,97.483
2025,Male,2018.0,97.5
2025,Male,2018.0,97.5
2025,Female,2020.0,97.533
2025,Male,2021.0,97.55
2025,Male,2022.0,97.567
2025,Female,2023.0,97.633
2025,Male,2024.0,97.65
2025,Female,2024.0,97.65
2025,Male,2024.0,97.65
2025,Male,2027.0,97.667
2025,Male,2028.0,97.683
2025,Male,2028.0,97.683
2025,Male,2030.0,97.7
2025,Female,2030.0,97.7
2025,Female,2030.0,97.7
2025,Male,2033.0,97.717
2025,Male,2033.0,97.717
2025,Female,2035.0,97.733
2025,Female,2035.0,97.733
2025,Female,2037.0,97.75
2025,Male,2037.0,97.75
2025,Male,2039.0,97.767
2025,Female,2040.0,97.8
2025,Female,2041.0,97.833
2025,Male,2041.0,97.833
2025,Female,2043.0,97.85
2025,Female,2043.0,97.85
2025,Female,2043.0,97.85
2025,Female,2046.0,97.867
2025,Female,2047.0,97.95
2025,Male,2047.0,97.95
2025,Female,2049.0,97.967
2025,Female,2049.0,97.967
2025,Female,2051.0,97.983
2025,Male,2052.0,98.017
2025,Female,2053.0,98.033
2025,Male,2054.0,98.05
2025,Male,2055.0,98.083
2025,Male,2056.0,98.1
2025,Female,2057.0,98.117
2025,Male,2057.0,98.117
2025,Female,2057.0,98.117
2025,Male,2060.0,98.133
2025,Female,2060.0,98.133
2025,Male,2062.0,98.15
2025,Female,2063.0,98.167
2025,Female,2063.0,98.167
2025,Female,2063.0,98.167
2025,Male,2066.0,98.183
2025,Female,2066.0,98.183
2025,Male,2068.0,98.217
2025,Male,2069.0,98.233
2025,Female,2069.0,98.233
2025,Male,2069.0,98.233
2025,Male,2072.0,98.25
2025,Male,2072.0,98.25
2025,Female,2074.0,98.267
2025,Female,2075.0,98.283
2025,Male,2075.0,98.283
2025,Male,2077.0,98.317
2025,Male,2078.0,98.333
2025,Male,2078.0,98.333
2025,Male,2080.0,98.367
2025,Male,2081.0,98.383
2025,Female,2082.0,98.4
2025,Male,2083.0,98.417
2025,Female,2083.0,98.417
2025,Female,2085.0,98.45
2025,Female,2085.0,98.45
2025,Female,2087.0,98.467
2025,Female,2087.0,98.467
2025,Female,2089.0,98.5
2025,Male,2090.0,98.517
2025,Female,2090.0,98.517
2025,Male,2092.0,98.55
2025,Female,2092.0,98.55
2025,Male,2094.0,98.583
2025,Male,2095.0,98.6
2025,Male,2095.0,98.6
2025,Female,2097.0,98.617
2025,Male,2097.0,98.617
2025,Male,2099.0,98.633
2025,Female,2099.0,98.633
2025,Female,2101.0,98.667
2025,Male,2102.0,98.683
2025,Male,2102.0,98.683
2025,Male,2104.0,98.733
2025,Female,2105.0,98.75
2025,Female,2106.0,98.767
2025,Female,2106.0,98.767
2025,Male,2106.0,98.767
2025,Female,2109.0,98.783
2025,Female,2109.0,98.783
2025,Female,2111.0,98.8
2025,Male,2112.0,98.817
2025,Male,2112.0,98.817
2025,Male,2112.0,98.817
2025,Female,2115.0,98.833
2025,Male,2116.0,98.85
2025,Male,2117.0,98.917
2025,Female,2118.0,98.933
2025,Female,2119.0,98.967
2025,Female,2120.0,99.033
2025,Female,2120.0,99.033
2025,Female,2120.0,99.033
2025,Male,2120.0,99.033
2025,Male,2124.0,99.05
2025,Female,2125.0,99.067
2025,Male,2126.0,99.1
2025,Male,2127.0,99.117
2025,Female,2127.0,99.117
2025,Male,2127.0,99.117
2025,Female,2130.0,99.133
2025,Male,2130.0,99.133
2025,Male,2132.0,99.15
2025,Male,2132.0,99.15
2025,Female,2134.0,99.167
2025,Female,2134.0,99.167
2025,Male,2136.0,99.183
2025,Male,2136.0,99.183
2025,Male,2136.0,99.183
2025,Female,2139.0,99.2
2025,Male,2140.0,99.217
2025,Female,2140.0,99.217
2025,Male,2142.0,99.233
2025,Female,2142.0,99.233
2025,Female,2144.0,99.267
2025,Female,2145.0,99.283
2025,Female,2146.0,99.317
2025,Male,2146.0,99.317
2025,Female,2146.0,99.317
2025,Male,2149.0,99.35
2025,Male,2150.0,99.4
2025,Female,2151.0,99.433
2025,Female,2151.0,99.433
2025,Female,2153.0,99.467
2025,Male,2154.0,99.483
2025,Female,2155.0,99.5
2025,Female,2156.0,99.517
2025,Female,2156.0,99.517
2025,Male,2158.0,99.55
2025,Male,2158.0,99.55
2025,Female,2158.0,99.55
2025,Female,2161.0,99.6
2025,Female,2161.0,99.6
2025,Male,2163.0,99.617
2025,Female,2164.0,99.633
2025,Female,2165.0,99.65
2025,Female,2165.0,99.65
2025,Male,2167.0,99.667
2025,Female,2167.0,99.667
2025,Male,2169.0,99.683
2025,Male,2170.0,99.7
2025,Male,2171.0,99.733
2025,Male,2172.0,99.767
2025,Female,2172.0,99.767
2025,Female,2174.0,99.783
2025,Female,2175.0,99.8
2025,Male,2176.0,99.817
2025,Male,2177.0,99.833
2025,Female,2178.0,99.867
2025,Male,2179.0,99.883
2025,Male,2180.0,99.9
2025,Male,2180.0,99.9
2025,Male,2180.0,99.9
2025,Female,2183.0,99.967
2025,Male,2183.0,99.967
2025,Male,2185.0,99.983
2025,Male,2185.0,99.983
2025,Female,2185.0,99.983
2025,Male,2185.0,99.983
2025,Male,2189.0,100.017
2025,Male,2189.0,100.017
2025,Male,2191.0,100.033
2025,Female,2191.0,100.033
2025,Female,2191.0,100.033
2025,Male,2194.0,100.05
2025,Female,2195.0,100.083
2025,Female,2196.0,100.1
2025,Male,2197.0,100.117
2025,Male,2197.0,100.117
2025,Female,2197.0,100.117
2025,Female,2200.0,100.133
2025,Female,2200.0,100.133
2025,Female,2202.0,100.15
2025,Male,2203.0,100.167
2025,Male,2204.0,100.183
2025,Male,2204.0,100.183
2025,Male,2206.0,100.2
2025,Male,2207.0,100.25
2025,Male,2207.0,100.25
2025,Male,2209.0,100.283
2025,Female,2210.0,100.3
2025,Male,2211.0,100.317
2025,Female,2211.0,100.317
2025,Female,2211.0,100.317
2025,Male,2214.0,100.333
2025,Male,2215.0,100.35
2025,Male,2215.0,100.35
2025,Female,2217.0,100.367
2025,Female,2218.0,100.383
2025,Male,2219.0,100.4
2025,Male,2219.0,100.4
2025,Female,2221.0,100.433
2025,Male,2222.0,100.467
2025,Male,2222.0,100.467
2025,Female,2224.0,100.5
2025,Male,2224.0,100.5
2025,Female,2224.0,100.5
2025,Female,2227.0,100.55
2025,Female,2227.0,100.55
2025,Male,2227.0,100.55
2025,Male,2230.0,100.567
2025,Male,2231.0,100.583
2025,Male,2231.0,100.583
2025,Male,2231.0,100.583
2025,Male,2234.0,100.6
2025,Female,2235.0,100.633
2025,Female,2236.0,100.667
2025,Female,2237.0,100.7
2025,Female,2238.0,100.717
2025,Male,2239.0,100.733
2025,Male,2239.0,100.733
2025,Male,2239.0,100.733
2025,Male,2242.0,100.75
2025,Male,2242.0,100.75
2025,Male,2242.0,100.75
2025,Female,2245.0,100.767
2025,Female,2245.0,100.767
2025,Male,2247.0,100.783
2025,Female,2248.0,100.817
2025,Female,2249.0,100.85
2025,Male,2250.0,100.9
2025,Male,2251.0,100.933
2025,Male,2252.0,100.95
2025,Male,2253.0,100.967
2025,Male,2253.0,100.967
2025,Female,2255.0,100.983
2025,Female,2255.0,100.983
2025,Female,2257.0,101.0
2025,Female,2258.0,101.033
2025,Male,2258.0,101.033
2025,Male,2260.0,101.067
2025,Male,2261.0,101.1
2025,Male,2262.0,101.117
2025,Male,2263.0,101.15
2025,Female,2264.0,101.183
2025,Male,2264.0,101.183
2025,Female,2266.0,101.217
2025,Female,2267.0,101.233
2025,Female,2268.0,101.3
2025,Female,2269.0,101.35
2025,Female,2269.0,101.35
2025,Female,2269.0,101.35
2025,Male,2272.0,101.367
2025,Male,2273.0,101.467
2025,Female,2274.0,101.533
2025,Male,2275.0,101.55
2025,Male,2276.0,101.583
2025,Male,2277.0,101.633
2025,Female,2277.0,101.633
2025,Male,2279.0,101.667
2025,Male,2279.0,101.667
2025,Female,2281.0,101.7
2025,Female,2281.0,101.7
2025,Female,2283.0,101.733
2025,Male,2284.0,101.75
2025,Female,2284.0,101.75
2025,Male,2284.0,101.75
2025,Female,2287.0,101.783
2025,Male,2288.0,101.817
2025,Male,2289.0,101.883
2025,Male,2290.0,101.9
2025,Female,2291.0,101.917
2025,Female,2292.0,101.967
2025,Female,2292.0,101.967
2025,Female,2292.0,101.967
2025,Male,2292.0,101.967
2025,Female,2296.0,101.983
2025,Male,2297.0,102.0
2025,Female,2298.0,102.017
2025,Female,2299.0,102.05
2025,Male,2299.0,102.05
2025,Female,2301.0,102.067
2025,Female,2301.0,102.067
2025,Male,2301.0,102.067
2025,Male,2301.0,102.067
2025,Male,2305.0,102.133
2025,Female,2306.0,102.15
2025,Female,2307.0,102.217
2025,Male,2308.0,102.233
2025,Male,2309.0,102.267
2025,Male,2310.0,102.283
2025,Female,2311.0,102.3
2025,Male,2312.0,102.333
2025,Male,2313.0,102.367
2025,Male,2314.0,102.417
2025,Female,2315.0,102.433
2025,Female,2316.0,102.45
2025,Female,2317.0,102.567
2025,Male,2318.0,102.6
2025,Female,2318.0,102.6
2025,Male,2320.0,102.65
2025,Male,2321.0,102.667
2025,Female,2322.0,102.7
2025,Male,2323.0,102.717
2025,Male,2324.0,102.733
2025,Male,2324.0,102.733
2025,Female,2326.0,102.75
2025,Female,2327.0,102.783
2025,Female,2328.0,102.8
2025,Male,2329.0,102.833
2025,Female,2329.0,102.833
2025,Female,2329.0,102.833
2025,Male,2332.0,102.85
2025,Male,2333.0,102.883
2025,Female,2333.0,102.883
2025,Female,2335.0,102.9
2025,Female,2336.0,102.917
2025,Male,2337.0,102.983
2025,Male,2338.0,103.05
2025,Female,2339.0,103.1
2025,Female,2339.0,103.1
2025,Male,2341.0,103.117
2025,Male,2342.0,103.133
2025,Female,2342.0,103.133
2025,Male,2344.0,103.267
2025,Female,2344.0,103.267
2025,Female,2344.0,103.267
2025,Male,2347.0,103.283
2025,Female,2347.0,103.283
2025,Male,2349.0,103.317
2025,Male,2350.0,103.367
2025,Female,2351.0,103.383
2025,Female,2352.0,103.4
2025,Female,2353.0,103.417
2025,Female,2354.0,103.433
2025,Female,2354.0,103.433
2025,Male,2356.0,103.5
2025,Female,2357.0,103.533
2025,Female,2358.0,103.55
2025,Female,2358.0,103.55
2025,Female,2358.0,103.55
2025,Male,2361.0,103.6
2025,Female,2361.0,103.6
2025,Male,2363.0,103.617
2025,Male,2364.0,103.633
2025,Female,2365.0,103.667
2025,Male,2366.0,103.733
2025,Female,2367.0,103.75
2025,Female,2367.0,103.75
2025,Male,2367.0,103.75
2025,Male,2370.0,103.767
2025,Female,2371.0,103.8
2025,Male,2372.0,103.85
2025,Female,2373.0,103.883
2025,Female,2374.0,103.983
2025,Male,2374.0,103.983
2025,Female,2376.0,104.017
2025,Female,2377.0,104.033
2025,Female,2377.0,104.033
2025,Male,2379.0,104.05
2025,Male,2380.0,104.067
2025,Female,2380.0,104.067
2025,Male,2382.0,104.167
2025,Female,2383.0,104.217
2025,Male,2383.0,104.217
2025,Female,2385.0,104.283
2025,Female,2386.0,104.35
2025,Female,2387.0,104.383
2025,Male,2387.0,104.383
2025,Male,2389.0,104.417
2025,Female,2390.0,104.433
2025,Female,2391.0,104.483
2025,Female,2392.0,104.55
2025,Male,2392.0,104.55
2025,Male,2394.0,104.567
2025,Female,2395.0,104.6
2025,Male,2396.0,104.783
2025,Female,2396.0,104.783
2025,Male,2398.0,104.8
2025,Male,2398.0,104.8
2025,Male,2400.0,104.833
2025,Male,2400.0,104.833
2025,Male,2402.0,104.85
2025,Male,2403.0,104.867
2025,Male,2404.0,104.9
2025,Female,2405.0,104.933
2025,Female,2406.0,104.95
2025,Female,2407.0,105.033
2025,Female,2407.0,105.033
2025,Female,2409.0,105.05
2025,Male,2410.0,105.117
2025,Male,2411.0,105.133
2025,Male,2411.0,105.133
2025,Male,2413.0,105.15
2025,Female,2414.0,105.25
2025,Female,2415.0,105.3
2025,Female,2416.0,105.317
2025,Female,2417.0,105.367
2025,Male,2417.0,105.367
2025,Female,2417.0,105.367
2025,Male,2420.0,105.483
2025,Male,2421.0,105.517
2025,Male,2422.0,105.55
2025,Male,2423.0,105.567
2025,Male,2423.0,105.567
2025,Female,2425.0,105.717
2025,Male,2426.0,105.75
2025,Male,2427.0,105.767
2025,Female,2428.0,105.783
2025,Female,2429.0,105.867
2025,Male,2430.0,105.883
2025,Female,2431.0,105.9
2025,Female,2431.0,105.9
2025,Male,2433.0,105.933
2025,Female,2434.0,105.95
2025,Male,2435.0,105.983
2025,Male,2436.0,106.083
2025,Female,2437.0,106.117
2025,Female,2437.0,106.117
2025,Male,2439.0,106.267
2025,Female,2440.0,106.283
2025,Male,2440.0,106.283
2025,Male,2442.0,106.3
2025,Female,2443.0,106.367
2025,Female,2444.0,106.383
2025,Male,2445.0,106.417
2025,Male,2446.0,106.45
2025,Female,2447.0,106.5
2025,Male,2448.0,106.533
2025,Male,2449.0,106.633
2025,Female,2450.0,106.683
2025,Male,2451.0,106.717
2025,Female,2452.0,106.75
2025,Male,2453.0,106.85
2025,Female,2454.0,106.917
2025,Female,2454.0,106.917
2025,Female,2456.0,106.95
2025,Male,2457.0,107.033
2025,Female,2458.0,107.067
2025,Female,2459.0,107.083
2025,Female,2460.0,107.15
2025,Female,2461.0,107.183
2025,Female,2462.0,107.267
2025,Female,2463.0,107.283
2025,Female,2464.0,107.3
2025,Female,2465.0,107.333
2025,Male,2466.0,107.383
2025,Male,2467.0,107.433
2025,Female,2468.0,107.467
2025,Male,2469.0,107.5
2025,Male,2469.0,107.5
2025,Male,2469.0,107.5
2025,Male,2472.0,107.517
2025,Male,2472.0,107.517
2025,Female,2472.0,107.517
2025,Male,2475.0,107.567
2025,Male,2476.0,107.583
2025,Female,2477.0,107.617
2025,Female,2478.0,107.633
2025,Female,2478.0,107.633
2025,Female,2480.0,107.65
2025,Male,2481.0,107.683
2025,Female,2482.0,107.7
2025,Female,2483.0,107.933
2025,Female,2484.0,107.95
2025,Female,2485.0,107.983
2025,Female,2485.0,107.983
2025,Female,2487.0,108.0
2025,Female,2488.0,108.033
2025,Male,2489.0,108.067
2025,Female,2490.0,108.083
2025,Male,2491.0,108.1
2025,Male,2492.0,108.183
2025,Female,2492.0,108.183
2025,Male,2494.0,108.217
2025,Male,2495.0,108.267
2025,Female,2496.0,108.3
2025,Male,2497.0,108.317
2025,Female,2498.0,108.35
2025,Male,2499.0,108.367
2025,Female,2500.0,108.383
2025,Male,2501.0,108.45
2025,Female,2502.0,108.483
2025,Female,2503.0,108.517
2025,Female,2504.0,108.633
2025,Female,2504.0,108.633
2025,Male,2506.0,108.667
2025,Female,2507.0,108.717
2025,Male,2508.0,108.8
2025,Male,2509.0,109.017
2025,Male,2510.0,109.05
2025,Male,2511.0,109.117
2025,Male,2512.0,109.2
2025,Male,2513.0,109.217
2025,Male,2514.0,109.233
2025,Female,2514.0,109.233
2025,Male,2516.0,109.25
2025,Female,2517.0,109.317
2025,Male,2518.0,109.333
2025,Female,2519.0,109.45
2025,Male,2520.0,109.467
2025,Male,2521.0,109.55
2025,Female,2521.0,109.55
2025,Male,2523.0,109.583
2025,Female,2524.0,109.617
2025,Male,2525.0,109.633
2025,Male,2525.0,109.633
2025,Female,2527.0,109.667
2025,Female,2528.0,109.75
2025,Male,2529.0,109.767
2025,Female,2529.0,109.767
2025,Male,2531.0,109.8
2025,Female,2532.0,109.833
2025,Male,2533.0,109.883
2025,Female,2534.0,109.933
2025,Female,2535.0,109.95
2025,Male,2536.0,110.067
2025,Female,2537.0,110.15
2025,Female,2538.0,110.183
2025,Male,2539.0,110.3
2025,Male,2539.0,110.3
2025,Male,2541.0,110.367
2025,Male,2542.0,110.533
2025,Male,2543.0,110.633
2025,Male,2544.0,110.7
2025,Male,2545.0,110.8
2025,Female,2546.0,110.833
2025,Female,2546.0,110.833
2025,Male,2548.0,110.933
2025,Male,2549.0,111.183
2025,Male,2550.0,111.3
2025,Female,2551.0,111.45
2025,Male,2552.0,111.467
2025,Male,2553.0,111.5
2025,Female,2553.0,111.5
2025,Male,2553.0,111.5
2025,Male,2556.0,111.567
2025,Male,2557.0,111.583
2025,Female,2558.0,111.6
2025,Female,2558.0,111.6
2025,Male,2560.0,111.65
2025,Male,2560.0,111.65
2025,Female,2562.0,111.667
2025,Female,2563.0,111.683
2025,Female,2564.0,111.7
2025,Female,2564.0,111.7
2025,Female,2566.0,111.717
2025,Male,2567.0,111.75
2025,Female,2568.0,111.8
2025,Male,2569.0,111.967
2025,Female,2570.0,112.083
2025,Male,2571.0,112.1
2025,Female,2571.0,112.1
2025,Female,2573.0,112.15
2025,Female,2574.0,112.233
2025,Female,2575.0,112.283
2025,Male,2576.0,112.65
2025,Female,2577.0,112.683
2025,Female,2578.0,112.767
2025,Male,2578.0,112.767
2025,Male,2580.0,113.0
2025,Female,2581.0,113.017
2025,Male,2582.0,113.133
2025,Male,2583.0,113.183
2025,Male,2584.0,113.2
2025,Male,2585.0,113.25
2025,Male,2586.0,113.383
2025,Male,2587.0,113.4
2025,Male,2587.0,113.4
2025,Male,2589.0,113.533
2025,Male,2590.0,113.717
2025,Male,2591.0,113.733
2025,Male,2592.0,113.85
2025,Male,2593.0,113.967
2025,Male,2594.0,114.083
2025,Male,2595.0,114.15
2025,Female,2595.0,114.15
2025,Male,2597.0,114.2
2025,Female,2598.0,114.283
2025,Male,2599.0,114.367
2025,Female,2600.0,114.55
2025,Male,2601.0,114.633
2025,Male,2602.0,114.933
2025,Female,2603.0,115.033
2025,Female,2604.0,115.05
2025,Female,2605.0,115.117
2025,Male,2606.0,115.2
2025,Male,2607.0,115.217
2025,Male,2608.0,115.25
2025,Male,2609.0,115.533
2025,Female,2610.0,115.667
2025,Female,2611.0,115.967
2025,Male,2611.0,115.967
2025,Male,2613.0,116.167
2025,Male,2614.0,116.383
2025,Male,2615.0,116.4
2025,Male,2615.0,116.4
2025,Male,2617.0,116.717
2025,Female,2618.0,116.75
2025,Female,2619.0,116.867
2025,Male,2620.0,117.217
2025,Male,2621.0,117.533
2025,Female,2622.0,117.55
2025,Female,2623.0,117.617
2025,Female,2624.0,117.667
2025,Female,2625.0,117.7
2025,Female,2626.0,118.067
2025,Male,2627.0,118.267
2025,Male,2628.0,118.4
2025,Male,2629.0,119.55
2025,Male,2630.0,119.85
2025,Male,2631.0,119.917
2025,Female,2632.0,120.133
2025,Female,2633.0,120.15
2025,Male,2634.0,120.2
2025,Male,2635.0,120.533
2025,Male,2636.0,120.717
2025,Female,2637.0,120.883
2025,Male,2638.0,120.917
2025,Male,2639.0,120.983
2025,Male,2639.0,120.983
2025,Male,2641.0,121.017
2025,Male,2642.0,121.3
2025,Male,2643.0,121.683
2025,Female,2644.0,121.8
2025,Female,2645.0,121.817
2025,Female,2646.0,121.95
2025,Male,2647.0,122.633
2025,Male,2648.0,123.067
2025,Female,2649.0,125.3
2025,Female,2650.0,125.883
2025,Female,2651.0,126.133
2025,Male,2652.0,126.2
2025,Male,2653.0,126.233
2025,Female,2654.0,127.4
2025,Male,2655.0,128.35
2025,Male,2656.0,129.7
2025,Male,2657.0,132.617
2025,Male,2658.0,133.033
2025,Male,2659.0,133.15
2025,Female,2660.0,133.467
2025,Female,2661.0,133.983
2025,Female,2662.0,135.35
2025,Male,2663.0,139.483
2025,Female,2664.0,140.3
2025,Male,2665.0,142.383
2025,Male,2666.0,147.017
2026,Male,1.0,51.21666666666667
2026,Male,2.0,52.05
2026,Male,3.0,52.65
2026,Male,4.0,53.2
2026,Male,5.0,54.53333333333333
2026,Male,6.0,54.55
2026,Male,7.0,54.75
2026,Male,8.0,54.78333333333333
2026,Female,9.0,54.9
2026,Male,10.0,54.95
2026,Male,11.0,55.31666666666667
2026,Female,12.0,55.5
2026,Male,13.0,55.61666666666667
2026,Male,14.0,55.666666666666664
2026,Male,15.0,55.68333333333333
2026,Male,16.0,55.71666666666667
2026,Male,17.0,55.8
2026,Female,18.0,56.35
2026,Male,19.0,56.4
2026,Male,20.0,56.68333333333333
2026,Male,21.0,56.9
2026,Male,22.0,56.93333333333333
2026,Male,23.0,56.96666666666667
2026,Male,24.0,57.03333333333333
2026,Male,25.0,57.06666666666667
2026,Male,26.0,57.166666666666664
2026,Male,27.0,57.583333333333336
2026,Male,28.0,57.6
2026,Male,29.0,57.65
2026,Male,30.0,57.88333333333333
2026,Female,31.0,57.95
2026,Male,32.0,57.983333333333334
2026,Female,33.0,58.0
2026,Male,34.0,58.016666666666666
2026,Male,35.0,58.03333333333333
2026,Female,36.0,58.1
2026,Male,37.0,58.18333333333333
2026,Male,38.0,58.233333333333334
2026,Male,39.0,58.25
2026,Male,40.0,58.28333333333333
2026,Male,41.0,58.56666666666667
2026,Male,42.0,58.61666666666667
2026,Male,43.0,58.68333333333333
2026,Male,44.0,58.7
2026,Male,45.0,58.75
2026,Male,46.0,58.766666666666666
2026,Male,47.0,58.88333333333333
2026,Male,48.0,59.25
2026,Male,49.0,59.3
2026,Male,50.0,59.31666666666667
2026,Male,51.0,59.36666666666667
2026,Male,52.0,59.6
2026,Male,53.0,60.016666666666666
2026,Male,54.0,60.28333333333333
2026,Male,54.0,60.28333333333333
2026,Female,56.0,60.3
2026,Male,57.0,60.43333333333333
2026,Male,58.0,60.46666666666667
2026,Male,59.0,60.516666666666666
2026,Female,60.0,60.53333333333333
2026,Male,61.0,60.55
2026,Female,62.0,60.666666666666664
2026,Male,62.0,60.666666666666664
2026,Female,64.0,60.7
2026,Male,65.0,60.733333333333334
2026,Male,65.0,60.733333333333334
2026,Female,67.0,60.8
2026,Male,68.0,60.81666666666667
2026,Male,68.0,60.81666666666667
2026,Female,70.0,60.93333333333333
2026,Male,71.0,60.96666666666667
2026,Male,72.0,61.016666666666666
2026,Male,73.0,61.05
2026,Male,74.0,61.13333333333333
2026,Male,75.0,61.25
2026,Male,76.0,61.333333333333336
2026,Male,77.0,61.36666666666667
2026,Female,78.0,61.416666666666664
2026,Female,78.0,61.416666666666664
2026,Female,80.0,61.45
2026,Female,81.0,61.55
2026,Male,82.0,61.6
2026,Male,83.0,61.61666666666667
2026,Male,84.0,61.666666666666664
2026,Female,85.0,61.733333333333334
2026,Male,86.0,61.78333333333333
2026,Male,87.0,61.983333333333334
2026,Male,88.0,62.1
2026,Male,89.0,62.11666666666667
2026,Male,90.0,62.2
2026,Male,91.0,62.333333333333336
2026,Male,92.0,62.35
2026,Female,93.0,62.4
2026,Male,94.0,62.45
2026,Female,95.0,62.583333333333336
2026,Male,96.0,62.65
2026,Female,97.0,62.666666666666664
2026,Male,98.0,62.733333333333334
2026,Male,99.0,62.8
2026,Male,100.0,62.85
2026,Female,101.0,62.86666666666667
2026,Male,102.0,62.9
2026,Female,103.0,62.983333333333334
2026,Female,104.0,63.11666666666667
2026,Male,105.0,63.13333333333333
2026,Female,106.0,63.166666666666664
2026,Female,106.0,63.166666666666664
2026,Female,108.0,63.18333333333333
2026,Male,109.0,63.21666666666667
2026,Female,109.0,63.21666666666667
2026,Male,111.0,63.233333333333334
2026,Male,112.0,63.36666666666667
2026,Male,112.0,63.36666666666667
2026,Male,114.0,63.38333333333333
2026,Female,115.0,63.416666666666664
2026,Male,116.0,63.43333333333333
2026,Female,117.0,63.483333333333334
2026,Female,118.0,63.53333333333333
2026,Male,119.0,63.6
2026,Male,119.0,63.6
2026,Male,121.0,63.61666666666667
2026,Male,122.0,63.63333333333333
2026,Male,123.0,63.666666666666664
2026,Male,124.0,63.68333333333333
2026,Male,125.0,63.7
2026,Male,126.0,63.71666666666667
2026,Male,127.0,63.766666666666666
2026,Male,128.0,63.8
2026,Male,129.0,63.81666666666667
2026,Male,130.0,63.916666666666664
2026,Male,131.0,64.01666666666667
2026,Male,131.0,64.01666666666667
2026,Male,131.0,64.01666666666667
2026,Male,134.0,64.08333333333333
2026,Male,135.0,64.13333333333334
2026,Male,135.0,64.13333333333334
2026,Male,137.0,64.15
2026,Male,138.0,64.18333333333334
2026,Female,139.0,64.23333333333333
2026,Male,140.0,64.26666666666667
2026,Male,141.0,64.3
2026,Male,142.0,64.38333333333334
2026,Male,143.0,64.43333333333334
2026,Male,144.0,64.45
2026,Male,145.0,64.46666666666667
2026,Male,146.0,64.55
2026,Male,146.0,64.55
2026,Female,148.0,64.66666666666667
2026,Male,149.0,64.71666666666667
2026,Female,149.0,64.71666666666667
2026,Female,151.0,64.73333333333333
2026,Male,152.0,64.76666666666667
2026,Male,153.0,64.86666666666666
2026,Male,154.0,64.88333333333334
2026,Female,155.0,64.91666666666667
2026,Male,156.0,64.95
2026,Female,157.0,64.96666666666667
2026,Male,157.0,64.96666666666667
2026,Male,159.0,65.08333333333333
2026,Male,159.0,65.08333333333333
2026,Male,161.0,65.1
2026,Male,162.0,65.15
2026,Male,163.0,65.18333333333334
2026,Male,163.0,65.18333333333334
2026,Male,165.0,65.21666666666667
2026,Male,166.0,65.23333333333333
2026,Female,166.0,65.23333333333333
2026,Male,166.0,65.23333333333333
2026,Male,169.0,65.25
2026,Female,170.0,65.26666666666667
2026,Female,171.0,65.28333333333333
2026,Male,172.0,65.31666666666666
2026,Male,173.0,65.33333333333333
2026,Male,174.0,65.35
2026,Male,175.0,65.36666666666666
2026,Male,176.0,65.41666666666667
2026,Male,177.0,65.43333333333334
2026,Female,178.0,65.46666666666667
2026,Male,179.0,65.51666666666667
2026,Female,180.0,65.53333333333333
2026,Male,180.0,65.53333333333333
2026,Male,182.0,65.65
2026,Male,183.0,65.75
2026,Female,184.0,65.76666666666667
2026,Male,185.0,65.78333333333333
2026,Male,186.0,65.8
2026,Male,186.0,65.8
2026,Female,188.0,65.83333333333333
2026,Male,188.0,65.83333333333333
2026,Male,190.0,65.85
2026,Female,191.0,65.95
2026,Male,192.0,65.96666666666667
2026,Female,193.0,66.05
2026,Female,194.0,66.06666666666666
2026,Male,195.0,66.08333333333333
2026,Male,196.0,66.1
2026,Male,197.0,66.2
2026,Female,198.0,66.23333333333333
2026,Male,199.0,66.28333333333333
2026,Male,200.0,66.3
2026,Male,201.0,66.33333333333333
2026,Male,202.0,66.36666666666666
2026,Male,203.0,66.46666666666667
2026,Male,204.0,66.5
2026,Male,204.0,66.5
2026,Male,206.0,66.51666666666667
2026,Male,207.0,66.58333333333333
2026,Male,208.0,66.6
2026,Male,209.0,66.7
2026,Male,210.0,66.8
2026,Male,211.0,66.85
2026,Male,211.0,66.85
2026,Male,211.0,66.85
2026,Male,214.0,66.88333333333334
2026,Male,215.0,66.91666666666667
2026,Male,216.0,66.95
2026,Male,217.0,66.98333333333333
2026,Male,218.0,67.0
2026,Male,218.0,67.0
2026,Male,218.0,67.0
2026,Female,221.0,67.03333333333333
2026,Male,222.0,67.06666666666666
2026,Male,222.0,67.06666666666666
2026,Male,224.0,67.08333333333333
2026,Male,225.0,67.1
2026,Male,226.0,67.11666666666666
2026,Male,226.0,67.11666666666666
2026,Female,228.0,67.13333333333334
2026,Male,229.0,67.15
2026,Male,230.0,67.18333333333334
2026,Female,230.0,67.18333333333334
2026,Male,230.0,67.18333333333334
2026,Male,230.0,67.18333333333334
2026,Male,230.0,67.18333333333334
2026,Male,235.0,67.2
2026,Male,235.0,67.2
2026,Male,237.0,67.21666666666667
2026,Male,238.0,67.28333333333333
2026,Male,239.0,67.31666666666666
2026,Female,240.0,67.36666666666666
2026,Female,241.0,67.46666666666667
2026,Male,242.0,67.48333333333333
2026,Male,243.0,67.5
2026,Male,244.0,67.51666666666667
2026,Female,245.0,67.53333333333333
2026,Female,246.0,67.58333333333333
2026,Female,246.0,67.58333333333333
2026,Male,248.0,67.63333333333334
2026,Male,249.0,67.68333333333334
2026,Male,250.0,67.7
2026,Female,251.0,67.81666666666666
2026,Male,251.0,67.81666666666666
2026,Female,253.0,67.83333333333333
2026,Female,254.0,67.86666666666666
2026,Male,255.0,67.88333333333334
2026,Male,255.0,67.88333333333334
2026,Male,257.0,67.9
2026,Male,257.0,67.9
2026,Female,259.0,67.91666666666667
2026,Male,260.0,67.93333333333334
2026,Male,261.0,67.95
2026,Male,262.0,67.98333333333333
2026,Male,263.0,68.0
2026,Male,264.0,68.01666666666667
2026,Male,264.0,68.01666666666667
2026,Male,266.0,68.06666666666666
2026,Female,267.0,68.1
2026,Male,267.0,68.1
2026,Male,269.0,68.13333333333334
2026,Female,270.0,68.18333333333334
2026,Male,270.0,68.18333333333334
2026,Female,270.0,68.18333333333334
2026,Male,273.0,68.2
2026,Male,274.0,68.21666666666667
2026,Male,274.0,68.21666666666667
2026,Male,276.0,68.23333333333333
2026,Female,277.0,68.3
2026,Female,278.0,68.35
2026,Male,279.0,68.36666666666666
2026,Male,280.0,68.46666666666667
2026,Male,281.0,68.55
2026,Male,282.0,68.56666666666666
2026,Female,283.0,68.61666666666666
2026,Male,284.0,68.65
2026,Male,284.0,68.65
2026,Male,286.0,68.66666666666667
2026,Female,287.0,68.68333333333334
2026,Male,287.0,68.68333333333334
2026,Male,289.0,68.7
2026,Male,289.0,68.7
2026,Male,291.0,68.81666666666666
2026,Male,292.0,68.83333333333333
2026,Male,293.0,68.9
2026,Male,293.0,68.9
2026,Male,295.0,68.93333333333334
2026,Male,296.0,68.95
2026,Male,297.0,68.96666666666667
2026,Male,298.0,68.98333333333333
2026,Male,299.0,69.01666666666667
2026,Female,299.0,69.01666666666667
2026,Male,301.0,69.05
2026,Male,301.0,69.05
2026,Male,303.0,69.08333333333333
2026,Female,304.0,69.1
2026,Male,305.0,69.11666666666666
2026,Male,306.0,69.13333333333334
2026,Female,307.0,69.16666666666667
2026,Male,308.0,69.25
2026,Male,309.0,69.26666666666667
2026,Male,309.0,69.26666666666667
2026,Female,309.0,69.26666666666667
2026,Male,309.0,69.26666666666667
2026,Male,313.0,69.28333333333333
2026,Female,313.0,69.28333333333333
2026,Male,313.0,69.28333333333333
2026,Female,316.0,69.33333333333333
2026,Male,317.0,69.36666666666666
2026,Male,317.0,69.36666666666666
2026,Female,319.0,69.45
2026,Male,319.0,69.45
2026,Male,321.0,69.46666666666667
2026,Female,322.0,69.5
2026,Male,323.0,69.51666666666667
2026,Male,324.0,69.65
2026,Male,324.0,69.65
2026,Female,324.0,69.65
2026,Male,327.0,69.68333333333334
2026,Male,328.0,69.7
2026,Female,329.0,69.71666666666667
2026,Male,330.0,69.73333333333333
2026,Male,330.0,69.73333333333333
2026,Male,332.0,69.76666666666667
2026,Male,332.0,69.76666666666667
2026,Male,334.0,69.78333333333333
2026,Male,334.0,69.78333333333333
2026,Male,336.0,69.8
2026,Male,336.0,69.8
2026,Male,338.0,69.81666666666666
2026,Male,339.0,69.83333333333333
2026,Female,340.0,69.86666666666666
2026,Male,340.0,69.86666666666666
2026,Male,342.0,69.88333333333334
2026,Male,343.0,69.93333333333334
2026,Male,343.0,69.93333333333334
2026,Male,343.0,69.93333333333334
2026,Male,343.0,69.93333333333334
2026,Male,347.0,69.95
2026,Male,347.0,69.95
2026,Male,349.0,69.96666666666667
2026,Male,350.0,69.98333333333333
2026,Male,351.0,70.01666666666667
2026,Male,352.0,70.03333333333333
2026,Male,353.0,70.05
2026,Male,354.0,70.06666666666666
2026,Male,354.0,70.06666666666666
2026,Male,356.0,70.13333333333334
2026,Female,356.0,70.13333333333334
2026,Male,358.0,70.15
2026,Female,359.0,70.16666666666667
2026,Male,360.0,70.2
2026,Female,360.0,70.2
2026,Female,360.0,70.2
2026,Male,363.0,70.25
2026,Male,363.0,70.25
2026,Male,363.0,70.25
2026,Male,363.0,70.25
2026,Male,363.0,70.25
2026,Male,368.0,70.26666666666667
2026,Male,368.0,70.26666666666667
2026,Female,370.0,70.28333333333333
2026,Male,371.0,70.3
2026,Male,372.0,70.31666666666666
2026,Male,373.0,70.35
2026,Male,374.0,70.38333333333334
2026,Female,375.0,70.4
2026,Male,376.0,70.41666666666667
2026,Male,376.0,70.41666666666667
2026,Male,378.0,70.43333333333334
2026,Male,379.0,70.45
2026,Female,380.0,70.46666666666667
2026,Male,381.0,70.5
2026,Male,382.0,70.53333333333333
2026,Male,383.0,70.55
2026,Male,384.0,70.58333333333333
2026,Female,385.0,70.65
2026,Male,385.0,70.65
2026,Female,387.0,70.66666666666667
2026,Female,388.0,70.68333333333334
2026,Male,389.0,70.71666666666667
2026,Male,389.0,70.71666666666667
2026,Male,389.0,70.71666666666667
2026,Male,392.0,70.75
2026,Male,392.0,70.75
2026,Male,392.0,70.75
2026,Male,395.0,70.81666666666666
2026,Male,395.0,70.81666666666666
2026,Male,397.0,70.85
2026,Female,397.0,70.85
2026,Male,399.0,70.86666666666666
2026,Male,399.0,70.86666666666666
2026,Female,399.0,70.86666666666666
2026,Male,402.0,70.9
2026,Male,402.0,70.9
2026,Male,404.0,70.91666666666667
2026,Female,405.0,70.95
2026,Male,406.0,70.96666666666667
2026,Male,407.0,70.98333333333333
2026,Male,407.0,70.98333333333333
2026,Male,409.0,71.0
2026,Male,410.0,71.01666666666667
2026,Female,411.0,71.03333333333333
2026,Male,412.0,71.06666666666666
2026,Male,413.0,71.11666666666666
2026,Male,414.0,71.13333333333334
2026,Male,415.0,71.15
2026,Male,416.0,71.16666666666667
2026,Male,416.0,71.16666666666667
2026,Female,418.0,71.18333333333334
2026,Male,419.0,71.21666666666667
2026,Male,419.0,71.21666666666667
2026,Female,421.0,71.23333333333333
2026,Male,421.0,71.23333333333333
2026,Male,421.0,71.23333333333333
2026,Male,424.0,71.25
2026,Male,425.0,71.28333333333333
2026,Male,426.0,71.3
2026,Male,427.0,71.31666666666666
2026,Male,428.0,71.35
2026,Female,428.0,71.35
2026,Female,430.0,71.36666666666666
2026,Male,431.0,71.38333333333334
2026,Female,432.0,71.41666666666667
2026,Male,433.0,71.43333333333334
2026,Female,434.0,71.45
2026,Male,435.0,71.48333333333333
2026,Male,436.0,71.51666666666667
2026,Male,436.0,71.51666666666667
2026,Female,438.0,71.53333333333333
2026,Female,438.0,71.53333333333333
2026,Male,440.0,71.55
2026,Male,440.0,71.55
2026,Male,442.0,71.56666666666666
2026,Male,442.0,71.56666666666666
2026,Male,442.0,71.56666666666666
2026,Male,445.0,71.6
2026,Male,446.0,71.61666666666666
2026,Male,447.0,71.63333333333334
2026,Female,448.0,71.66666666666667
2026,Male,448.0,71.66666666666667
2026,Male,448.0,71.66666666666667
2026,Male,451.0,71.68333333333334
2026,Male,451.0,71.68333333333334
2026,Male,451.0,71.68333333333334
2026,Male,454.0,71.7
2026,Male,455.0,71.71666666666667
2026,Male,455.0,71.71666666666667
2026,Male,457.0,71.73333333333333
2026,Male,458.0,71.75
2026,Male,459.0,71.76666666666667
2026,Male,459.0,71.76666666666667
2026,Male,461.0,71.8
2026,Male,461.0,71.8
2026,Male,463.0,71.81666666666666
2026,Male,464.0,71.83333333333333
2026,Male,465.0,71.85
2026,Female,465.0,71.85
2026,Male,467.0,71.88333333333334
2026,Male,467.0,71.88333333333334
2026,Female,469.0,71.9
2026,Female,469.0,71.9
2026,Male,471.0,71.93333333333334
2026,Male,472.0,71.95
2026,Male,473.0,71.96666666666667
2026,Male,473.0,71.96666666666667
2026,Male,473.0,71.96666666666667
2026,Male,476.0,71.98333333333333
2026,Female,477.0,72.0
2026,Male,478.0,72.01666666666667
2026,Male,478.0,72.01666666666667
2026,Female,480.0,72.03333333333333
2026,Male,480.0,72.03333333333333
2026,Male,480.0,72.03333333333333
2026,Female,480.0,72.03333333333333
2026,Male,484.0,72.05
2026,Male,484.0,72.05
2026,Male,484.0,72.05
2026,Male,484.0,72.05
2026,Male,488.0,72.06666666666666
2026,Female,489.0,72.08333333333333
2026,Male,489.0,72.08333333333333
2026,Male,489.0,72.08333333333333
2026,Male,489.0,72.08333333333333
2026,Male,493.0,72.1
2026,Female,494.0,72.11666666666666
2026,Male,494.0,72.11666666666666
2026,Female,494.0,72.11666666666666
2026,Female,497.0,72.13333333333334
2026,Male,497.0,72.13333333333334
2026,Female,499.0,72.15
2026,Male,500.0,72.18333333333334
2026,Male,500.0,72.18333333333334
2026,Male,502.0,72.2
2026,Male,503.0,72.21666666666667
2026,Male,503.0,72.21666666666667
2026,Female,505.0,72.25
2026,Female,505.0,72.25
2026,Male,507.0,72.26666666666667
2026,Male,508.0,72.28333333333333
2026,Male,509.0,72.3
2026,Male,510.0,72.31666666666666
2026,Male,511.0,72.33333333333333
2026,Female,511.0,72.33333333333333
2026,Male,513.0,72.35
2026,Male,513.0,72.35
2026,Male,515.0,72.38333333333334
2026,Male,516.0,72.43333333333334
2026,Male,517.0,72.46666666666667
2026,Male,517.0,72.46666666666667
2026,Male,517.0,72.46666666666667
2026,Male,520.0,72.48333333333333
2026,Male,521.0,72.5
2026,Female,522.0,72.51666666666667
2026,Male,522.0,72.51666666666667
2026,Male,524.0,72.53333333333333
2026,Male,525.0,72.55
2026,Male,525.0,72.55
2026,Male,527.0,72.56666666666666
2026,Male,528.0,72.58333333333333
2026,Male,529.0,72.6
2026,Male,530.0,72.61666666666666
2026,Male,531.0,72.65
2026,Male,531.0,72.65
2026,Male,533.0,72.68333333333334
2026,Male,534.0,72.7
2026,Male,534.0,72.7
2026,Male,536.0,72.71666666666667
2026,Male,537.0,72.73333333333333
2026,Male,537.0,72.73333333333333
2026,Male,539.0,72.75
2026,Male,540.0,72.76666666666667
2026,Male,540.0,72.76666666666667
2026,Male,540.0,72.76666666666667
2026,Male,543.0,72.78333333333333
2026,Female,544.0,72.8
2026,Male,545.0,72.81666666666666
2026,Male,546.0,72.85
2026,Female,546.0,72.85
2026,Male,546.0,72.85
2026,Male,549.0,72.86666666666666
2026,Male,549.0,72.86666666666666
2026,Male,551.0,72.88333333333334
2026,Male,551.0,72.88333333333334
2026,Male,553.0,72.9
2026,Male,554.0,72.91666666666667
2026,Male,554.0,72.91666666666667
2026,Male,554.0,72.91666666666667
2026,Female,557.0,72.93333333333334
2026,Male,558.0,72.95
2026,Male,558.0,72.95
2026,Male,560.0,72.96666666666667
2026,Female,561.0,72.98333333333333
2026,Male,562.0,73.0
2026,Male,562.0,73.0
2026,Male,564.0,73.01666666666667
2026,Female,565.0,73.03333333333333
2026,Male,566.0,73.05
2026,Female,566.0,73.05
2026,Male,566.0,73.05
2026,Male,566.0,73.05
2026,Male,566.0,73.05
2026,Male,571.0,73.1
2026,Male,571.0,73.1
2026,Male,571.0,73.1
2026,Female,574.0,73.13333333333334
2026,Male,575.0,73.15
2026,Male,575.0,73.15
2026,Male,577.0,73.18333333333334
2026,Male,578.0,73.2
2026,Male,579.0,73.21666666666667
2026,Female,580.0,73.23333333333333
2026,Male,580.0,73.23333333333333
2026,Female,580.0,73.23333333333333
2026,Male,580.0,73.23333333333333
2026,Male,584.0,73.25
2026,Male,585.0,73.26666666666667
2026,Male,586.0,73.28333333333333
2026,Male,586.0,73.28333333333333
2026,Male,586.0,73.28333333333333
2026,Male,589.0,73.3
2026,Male,590.0,73.31666666666666
2026,Male,590.0,73.31666666666666
2026,Male,590.0,73.31666666666666
2026,Male,593.0,73.33333333333333
2026,Male,594.0,73.35
2026,Male,595.0,73.36666666666666
2026,Male,595.0,73.36666666666666
2026,Male,597.0,73.4
2026,Male,598.0,73.41666666666667
2026,Male,599.0,73.45
2026,Male,600.0,73.48333333333333
2026,Male,600.0,73.48333333333333
2026,Male,600.0,73.48333333333333
2026,Male,603.0,73.5
2026,Male,603.0,73.5
2026,Male,605.0,73.51666666666667
2026,Male,606.0,73.53333333333333
2026,Male,606.0,73.53333333333333
2026,Male,608.0,73.55
2026,Male,608.0,73.55
2026,Male,610.0,73.6
2026,Male,611.0,73.63333333333334
2026,Male,611.0,73.63333333333334
2026,Male,613.0,73.65
2026,Male,613.0,73.65
2026,Male,615.0,73.66666666666667
2026,Male,615.0,73.66666666666667
2026,Male,617.0,73.7
2026,Male,617.0,73.7
2026,Male,617.0,73.7
2026,Female,620.0,73.71666666666667
2026,Male,621.0,73.73333333333333
2026,Male,622.0,73.76666666666667
2026,Male,622.0,73.76666666666667
2026,Male,624.0,73.78333333333333
2026,Male,624.0,73.78333333333333
2026,Male,626.0,73.8
2026,Male,626.0,73.8
2026,Male,626.0,73.8
2026,Female,629.0,73.81666666666666
2026,Male,630.0,73.83333333333333
2026,Male,631.0,73.85
2026,Male,631.0,73.85
2026,Male,631.0,73.85
2026,Male,634.0,73.86666666666666
2026,Male,635.0,73.88333333333334
2026,Male,635.0,73.88333333333334
2026,Male,637.0,73.9
2026,Male,637.0,73.9
2026,Male,637.0,73.9
2026,Male,640.0,73.91666666666667
2026,Male,640.0,73.91666666666667
2026,Male,640.0,73.91666666666667
2026,Female,640.0,73.91666666666667
2026,Male,640.0,73.91666666666667
2026,Male,640.0,73.91666666666667
2026,Male,646.0,73.93333333333334
2026,Male,646.0,73.93333333333334
2026,Male,646.0,73.93333333333334
2026,Male,649.0,73.96666666666667
2026,Male,649.0,73.96666666666667
2026,Male,651.0,73.98333333333333
2026,Male,652.0,74.01666666666667
2026,Male,652.0,74.01666666666667
2026,Male,652.0,74.01666666666667
2026,Male,655.0,74.03333333333333
2026,Male,655.0,74.03333333333333
2026,Male,657.0,74.05
2026,Male,657.0,74.05
2026,Female,657.0,74.05
2026,Male,657.0,74.05
2026,Male,661.0,74.08333333333333
2026,Male,661.0,74.08333333333333
2026,Female,663.0,74.11666666666666
2026,Male,663.0,74.11666666666666
2026,Male,663.0,74.11666666666666
2026,Female,666.0,74.13333333333334
2026,Male,666.0,74.13333333333334
2026,Female,668.0,74.15
2026,Female,669.0,74.16666666666667
2026,Male,670.0,74.18333333333334
2026,Male,670.0,74.18333333333334
2026,Male,670.0,74.18333333333334
2026,Male,673.0,74.2
2026,Female,673.0,74.2
2026,Male,675.0,74.23333333333333
2026,Female,676.0,74.25
2026,Male,676.0,74.25
2026,Male,676.0,74.25
2026,Male,679.0,74.28333333333333
2026,Male,680.0,74.3
2026,Male,681.0,74.31666666666666
2026,Male,681.0,74.31666666666666
2026,Male,683.0,74.33333333333333
2026,Male,683.0,74.33333333333333
2026,Male,685.0,74.35
2026,Male,685.0,74.35
2026,Male,685.0,74.35
2026,Female,685.0,74.35
2026,Male,689.0,74.36666666666666
2026,Female,690.0,74.38333333333334
2026,Male,691.0,74.4
2026,Male,692.0,74.41666666666667
2026,Male,692.0,74.41666666666667
2026,Female,694.0,74.43333333333334
2026,Male,695.0,74.45
2026,Male,695.0,74.45
2026,Male,695.0,74.45
2026,Male,698.0,74.48333333333333
2026,Male,698.0,74.48333333333333
2026,Male,700.0,74.5
2026,Male,700.0,74.5
2026,Female,700.0,74.5
2026,Male,700.0,74.5
2026,Male,700.0,74.5
2026,Female,705.0,74.55
2026,Female,705.0,74.55
2026,Male,707.0,74.56666666666666
2026,Male,708.0,74.58333333333333
2026,Male,709.0,74.6
2026,Male,709.0,74.6
2026,Male,709.0,74.6
2026,Male,712.0,74.61666666666666
2026,Male,712.0,74.61666666666666
2026,Male,714.0,74.63333333333334
2026,Male,714.0,74.63333333333334
2026,Male,716.0,74.65
2026,Male,716.0,74.65
2026,Male,718.0,74.68333333333334
2026,Female,719.0,74.7
2026,Male,720.0,74.75
2026,Male,721.0,74.78333333333333
2026,Female,721.0,74.78333333333333
2026,Male,721.0,74.78333333333333
2026,Male,724.0,74.8
2026,Male,725.0,74.85
2026,Male,725.0,74.85
2026,Male,727.0,74.86666666666666
2026,Male,727.0,74.86666666666666
2026,Male,727.0,74.86666666666666
2026,Male,730.0,74.88333333333334
2026,Male,730.0,74.88333333333334
2026,Male,730.0,74.88333333333334
2026,Male,730.0,74.88333333333334
2026,Male,734.0,74.9
2026,Male,734.0,74.9
2026,Male,736.0,74.91666666666667
2026,Male,736.0,74.91666666666667
2026,Male,738.0,74.93333333333334
2026,Male,739.0,74.95
2026,Male,740.0,74.96666666666667
2026,Male,740.0,74.96666666666667
2026,Male,742.0,74.98333333333333
2026,Male,742.0,74.98333333333333
2026,Male,744.0,75.0
2026,Male,745.0,75.01666666666667
2026,Male,746.0,75.03333333333333
2026,Female,746.0,75.03333333333333
2026,Male,746.0,75.03333333333333
2026,Female,746.0,75.03333333333333
2026,Male,750.0,75.06666666666666
2026,Male,750.0,75.06666666666666
2026,Male,750.0,75.06666666666666
2026,Male,753.0,75.1
2026,Female,753.0,75.1
2026,Male,755.0,75.11666666666666
2026,Male,756.0,75.13333333333334
2026,Female,756.0,75.13333333333334
2026,Male,758.0,75.15
2026,Male,758.0,75.15
2026,Male,760.0,75.16666666666667
2026,Female,760.0,75.16666666666667
2026,Male,762.0,75.18333333333334
2026,Female,762.0,75.18333333333334
2026,Male,762.0,75.18333333333334
2026,Female,765.0,75.2
2026,Male,766.0,75.21666666666667
2026,Male,766.0,75.21666666666667
2026,Male,768.0,75.25
2026,Male,768.0,75.25
2026,Male,770.0,75.3
2026,Male,771.0,75.31666666666666
2026,Male,771.0,75.31666666666666
2026,Male,771.0,75.31666666666666
2026,Male,774.0,75.36666666666666
2026,Male,774.0,75.36666666666666
2026,Male,774.0,75.36666666666666
2026,Male,777.0,75.38333333333334
2026,Female,778.0,75.4
2026,Male,779.0,75.41666666666667
2026,Female,780.0,75.43333333333334
2026,Male,781.0,75.45
2026,Male,781.0,75.45
2026,Male,783.0,75.46666666666667
2026,Male,783.0,75.46666666666667
2026,Male,783.0,75.46666666666667
2026,Male,786.0,75.48333333333333
2026,Male,786.0,75.48333333333333
2026,Female,788.0,75.5
2026,Male,788.0,75.5
2026,Male,788.0,75.5
2026,Male,788.0,75.5
2026,Female,792.0,75.51666666666667
2026,Male,793.0,75.53333333333333
2026,Male,794.0,75.56666666666666
2026,Male,794.0,75.56666666666666
2026,Male,794.0,75.56666666666666
2026,Female,797.0,75.58333333333333
2026,Male,797.0,75.58333333333333
2026,Male,797.0,75.58333333333333
2026,Male,800.0,75.6
2026,Female,800.0,75.6
2026,Male,802.0,75.63333333333334
2026,Male,803.0,75.65
2026,Male,803.0,75.65
2026,Male,805.0,75.66666666666667
2026,Male,806.0,75.68333333333334
2026,Male,807.0,75.7
2026,Male,807.0,75.7
2026,Male,807.0,75.7
2026,Male,810.0,75.71666666666667
2026,Male,810.0,75.71666666666667
2026,Female,810.0,75.71666666666667
2026,Male,813.0,75.73333333333333
2026,Male,814.0,75.75
2026,Male,815.0,75.76666666666667
2026,Male,815.0,75.76666666666667
2026,Male,815.0,75.76666666666667
2026,Female,818.0,75.78333333333333
2026,Male,819.0,75.8
2026,Male,820.0,75.81666666666666
2026,Male,820.0,75.81666666666666
2026,Female,820.0,75.81666666666666
2026,Male,820.0,75.81666666666666
2026,Male,824.0,75.83333333333333
2026,Male,824.0,75.83333333333333
2026,Male,824.0,75.83333333333333
2026,Male,824.0,75.83333333333333
2026,Male,824.0,75.83333333333333
2026,Female,824.0,75.83333333333333
2026,Male,830.0,75.85
2026,Male,830.0,75.85
2026,Female,830.0,75.85
2026,Male,830.0,75.85
2026,Male,834.0,75.86666666666666
2026,Male,834.0,75.86666666666666
2026,Male,834.0,75.86666666666666
2026,Male,834.0,75.86666666666666
2026,Male,838.0,75.88333333333334
2026,Female,838.0,75.88333333333334
2026,Male,840.0,75.9
2026,Male,840.0,75.9
2026,Male,840.0,75.9
2026,Male,843.0,75.91666666666667
2026,Male,843.0,75.91666666666667
2026,Male,843.0,75.91666666666667
2026,Male,843.0,75.91666666666667
2026,Male,843.0,75.91666666666667
2026,Male,848.0,75.93333333333334
2026,Female,849.0,75.95
2026,Male,849.0,75.95
2026,Male,851.0,75.96666666666667
2026,Male,851.0,75.96666666666667
2026,Male,853.0,75.98333333333333
2026,Male,853.0,75.98333333333333
2026,Male,855.0,76.0
2026,Male,855.0,76.0
2026,Male,855.0,76.0
2026,Male,855.0,76.0
2026,Male,859.0,76.01666666666667
2026,Male,859.0,76.01666666666667
2026,Male,859.0,76.01666666666667
2026,Female,862.0,76.05
2026,Male,863.0,76.06666666666666
2026,Male,863.0,76.06666666666666
2026,Male,863.0,76.06666666666666
2026,Female,866.0,76.08333333333333
2026,Male,866.0,76.08333333333333
2026,Female,866.0,76.08333333333333
2026,Male,869.0,76.1
2026,Male,870.0,76.13333333333334
2026,Male,870.0,76.13333333333334
2026,Male,872.0,76.15
2026,Male,872.0,76.15
2026,Female,874.0,76.16666666666667
2026,Female,875.0,76.18333333333334
2026,Female,876.0,76.23333333333333
2026,Female,876.0,76.23333333333333
2026,Male,878.0,76.25
2026,Male,878.0,76.25
2026,Female,880.0,76.26666666666667
2026,Male,880.0,76.26666666666667
2026,Female,882.0,76.3
2026,Male,882.0,76.3
2026,Male,884.0,76.33333333333333
2026,Male,885.0,76.35
2026,Male,886.0,76.36666666666666
2026,Male,886.0,76.36666666666666
2026,Male,886.0,76.36666666666666
2026,Male,886.0,76.36666666666666
2026,Female,886.0,76.36666666666666
2026,Male,891.0,76.38333333333334
2026,Male,891.0,76.38333333333334
2026,Male,893.0,76.4
2026,Male,893.0,76.4
2026,Male,895.0,76.41666666666667
2026,Female,895.0,76.41666666666667
2026,Male,895.0,76.41666666666667
2026,Male,895.0,76.41666666666667
2026,Male,895.0,76.41666666666667
2026,Male,895.0,76.41666666666667
2026,Male,901.0,76.43333333333334
2026,Male,901.0,76.43333333333334
2026,Female,901.0,76.43333333333334
2026,Male,901.0,76.43333333333334
2026,Female,905.0,76.45
2026,Male,905.0,76.45
2026,Male,907.0,76.46666666666667
2026,Male,907.0,76.46666666666667
2026,Male,907.0,76.46666666666667
2026,Male,910.0,76.48333333333333
2026,Female,910.0,76.48333333333333
2026,Male,912.0,76.5
2026,Male,912.0,76.5
2026,Male,912.0,76.5
2026,Male,912.0,76.5
2026,Male,916.0,76.51666666666667
2026,Male,916.0,76.51666666666667
2026,Male,918.0,76.53333333333333
2026,Female,918.0,76.53333333333333
2026,Female,918.0,76.53333333333333
2026,Male,921.0,76.55
2026,Male,921.0,76.55
2026,Male,923.0,76.58333333333333
2026,Male,923.0,76.58333333333333
2026,Female,925.0,76.6
2026,Male,925.0,76.6
2026,Female,925.0,76.6
2026,Male,928.0,76.61666666666666
2026,Male,929.0,76.63333333333334
2026,Female,929.0,76.63333333333334
2026,Male,931.0,76.65
2026,Male,931.0,76.65
2026,Male,933.0,76.66666666666667
2026,Male,934.0,76.68333333333334
2026,Male,935.0,76.7
2026,Male,936.0,76.71666666666667
2026,Female,936.0,76.71666666666667
2026,Male,936.0,76.71666666666667
2026,Male,939.0,76.73333333333333
2026,Male,940.0,76.75
2026,Male,940.0,76.75
2026,Male,940.0,76.75
2026,Female,940.0,76.75
2026,Male,940.0,76.75
2026,Male,945.0,76.76666666666667
2026,Male,945.0,76.76666666666667
2026,Male,945.0,76.76666666666667
2026,Female,948.0,76.8
2026,Male,949.0,76.81666666666666
2026,Male,949.0,76.81666666666666
2026,Male,951.0,76.83333333333333
2026,Male,952.0,76.86666666666666
2026,Male,952.0,76.86666666666666
2026,Male,952.0,76.86666666666666
2026,Male,955.0,76.9
2026,Male,955.0,76.9
2026,Male,955.0,76.9
2026,Male,955.0,76.9
2026,Female,959.0,76.91666666666667
2026,Male,960.0,76.93333333333334
2026,Male,961.0,76.96666666666667
2026,Male,962.0,76.98333333333333
2026,Female,962.0,76.98333333333333
2026,Male,962.0,76.98333333333333
2026,Male,962.0,76.98333333333333
2026,Male,966.0,77.0
2026,Male,966.0,77.0
2026,Male,966.0,77.0
2026,Male,969.0,77.03333333333333
2026,Female,969.0,77.03333333333333
2026,Male,971.0,77.05
2026,Male,972.0,77.08333333333333
2026,Male,973.0,77.1
2026,Male,974.0,77.11666666666666
2026,Male,974.0,77.11666666666666
2026,Male,976.0,77.13333333333334
2026,Male,976.0,77.13333333333334
2026,Female,976.0,77.13333333333334
2026,Male,976.0,77.13333333333334
2026,Male,976.0,77.13333333333334
2026,Male,981.0,77.15
2026,Male,981.0,77.15
2026,Male,983.0,77.16666666666667
2026,Male,983.0,77.16666666666667
2026,Female,985.0,77.2
2026,Male,986.0,77.21666666666667
2026,Female,987.0,77.23333333333333
2026,Male,987.0,77.23333333333333
2026,Male,989.0,77.26666666666667
2026,Male,990.0,77.28333333333333
2026,Female,990.0,77.28333333333333
2026,Male,992.0,77.3
2026,Male,992.0,77.3
2026,Male,994.0,77.31666666666666
2026,Male,994.0,77.31666666666666
2026,Female,996.0,77.33333333333333
2026,Male,996.0,77.33333333333333
2026,Male,996.0,77.33333333333333
2026,Male,999.0,77.35
2026,Male,999.0,77.35
2026,Male,1001.0,77.36666666666666
2026,Male,1002.0,77.38333333333334
2026,Female,1002.0,77.38333333333334
2026,Male,1002.0,77.38333333333334
2026,Male,1005.0,77.4
2026,Female,1005.0,77.4
2026,Male,1007.0,77.41666666666667
2026,Female,1007.0,77.41666666666667
2026,Male,1009.0,77.43333333333334
2026,Male,1009.0,77.43333333333334
2026,Male,1009.0,77.43333333333334
2026,Male,1012.0,77.45
2026,Male,1012.0,77.45
2026,Male,1012.0,77.45
2026,Male,1015.0,77.46666666666667
2026,Male,1015.0,77.46666666666667
2026,Male,1017.0,77.48333333333333
2026,Female,1017.0,77.48333333333333
2026,Male,1019.0,77.55
2026,Male,1020.0,77.56666666666666
2026,Male,1021.0,77.58333333333333
2026,Male,1022.0,77.6
2026,Male,1022.0,77.6
2026,Male,1024.0,77.61666666666666
2026,Female,1025.0,77.65
2026,Male,1025.0,77.65
2026,Male,1025.0,77.65
2026,Male,1025.0,77.65
2026,Male,1029.0,77.66666666666667
2026,Female,1029.0,77.66666666666667
2026,Male,1031.0,77.68333333333334
2026,Female,1032.0,77.7
2026,Male,1033.0,77.73333333333333
2026,Female,1033.0,77.73333333333333
2026,Male,1035.0,77.75
2026,Male,1035.0,77.75
2026,Male,1037.0,77.78333333333333
2026,Male,1037.0,77.78333333333333
2026,Male,1037.0,77.78333333333333
2026,Female,1037.0,77.78333333333333
2026,Female,1041.0,77.8
2026,Male,1041.0,77.8
2026,Male,1043.0,77.81666666666666
2026,Male,1044.0,77.83333333333333
2026,Male,1044.0,77.83333333333333
2026,Male,1044.0,77.83333333333333
2026,Male,1044.0,77.83333333333333
2026,Male,1044.0,77.83333333333333
2026,Male,1049.0,77.85
2026,Male,1050.0,77.86666666666666
2026,Male,1050.0,77.86666666666666
2026,Female,1052.0,77.88333333333334
2026,Male,1053.0,77.91666666666667
2026,Female,1053.0,77.91666666666667
2026,Male,1055.0,77.93333333333334
2026,Male,1056.0,77.95
2026,Male,1056.0,77.95
2026,Male,1056.0,77.95
2026,Male,1056.0,77.95
2026,Male,1056.0,77.95
2026,Male,1061.0,77.96666666666667
2026,Male,1061.0,77.96666666666667
2026,Male,1063.0,77.98333333333333
2026,Male,1063.0,77.98333333333333
2026,Female,1063.0,77.98333333333333
2026,Male,1066.0,78.0
2026,Male,1067.0,78.01666666666667
2026,Male,1068.0,78.03333333333333
2026,Male,1068.0,78.03333333333333
2026,Male,1070.0,78.05
2026,Male,1070.0,78.05
2026,Male,1072.0,78.06666666666666
2026,Male,1072.0,78.06666666666666
2026,Male,1074.0,78.08333333333333
2026,Male,1075.0,78.1
2026,Male,1075.0,78.1
2026,Male,1075.0,78.1
2026,Female,1075.0,78.1
2026,Male,1079.0,78.13333333333334
2026,Male,1079.0,78.13333333333334
2026,Male,1079.0,78.13333333333334
2026,Male,1079.0,78.13333333333334
2026,Male,1079.0,78.13333333333334
2026,Male,1079.0,78.13333333333334
2026,Male,1085.0,78.15
2026,Male,1086.0,78.16666666666667
2026,Female,1086.0,78.16666666666667
2026,Male,1086.0,78.16666666666667
2026,Male,1089.0,78.18333333333334
2026,Male,1089.0,78.18333333333334
2026,Male,1091.0,78.2
2026,Male,1092.0,78.21666666666667
2026,Male,1092.0,78.21666666666667
2026,Female,1092.0,78.21666666666667
2026,Male,1092.0,78.21666666666667
2026,Male,1096.0,78.23333333333333
2026,Female,1097.0,78.25
2026,Male,1098.0,78.26666666666667
2026,Female,1098.0,78.26666666666667
2026,Male,1098.0,78.26666666666667
2026,Female,1101.0,78.28333333333333
2026,Male,1101.0,78.28333333333333
2026,Male,1103.0,78.3
2026,Male,1104.0,78.31666666666666
2026,Male,1105.0,78.33333333333333
2026,Male,1105.0,78.33333333333333
2026,Male,1105.0,78.33333333333333
2026,Male,1105.0,78.33333333333333
2026,Male,1105.0,78.33333333333333
2026,Male,1105.0,78.33333333333333
2026,Male,1111.0,78.35
2026,Male,1111.0,78.35
2026,Female,1113.0,78.38333333333334
2026,Male,1114.0,78.4
2026,Male,1114.0,78.4
2026,Male,1116.0,78.41666666666667
2026,Male,1116.0,78.41666666666667
2026,Male,1118.0,78.43333333333334
2026,Male,1119.0,78.45
2026,Male,1120.0,78.46666666666667
2026,Male,1120.0,78.46666666666667
2026,Female,1122.0,78.48333333333333
2026,Male,1122.0,78.48333333333333
2026,Male,1122.0,78.48333333333333
2026,Male,1122.0,78.48333333333333
2026,Male,1122.0,78.48333333333333
2026,Male,1122.0,78.48333333333333
2026,Male,1128.0,78.5
2026,Male,1129.0,78.51666666666667
2026,Male,1129.0,78.51666666666667
2026,Male,1129.0,78.51666666666667
2026,Male,1129.0,78.51666666666667
2026,Male,1133.0,78.55
2026,Male,1133.0,78.55
2026,Male,1133.0,78.55
2026,Male,1136.0,78.56666666666666
2026,Male,1137.0,78.6
2026,Male,1137.0,78.6
2026,Male,1139.0,78.61666666666666
2026,Male,1139.0,78.61666666666666
2026,Male,1141.0,78.63333333333334
2026,Male,1141.0,78.63333333333334
2026,Male,1141.0,78.63333333333334
2026,Male,1144.0,78.66666666666667
2026,Male,1144.0,78.66666666666667
2026,Male,1144.0,78.66666666666667
2026,Male,1144.0,78.66666666666667
2026,Male,1144.0,78.66666666666667
2026,Male,1144.0,78.66666666666667
2026,Male,1150.0,78.68333333333334
2026,Male,1150.0,78.68333333333334
2026,Male,1152.0,78.71666666666667
2026,Male,1152.0,78.71666666666667
2026,Male,1152.0,78.71666666666667
2026,Male,1152.0,78.71666666666667
2026,Female,1152.0,78.71666666666667
2026,Male,1157.0,78.73333333333333
2026,Female,1158.0,78.75
2026,Male,1159.0,78.76666666666667
2026,Male,1159.0,78.76666666666667
2026,Male,1159.0,78.76666666666667
2026,Male,1162.0,78.78333333333333
2026,Male,1162.0,78.78333333333333
2026,Male,1162.0,78.78333333333333
2026,Male,1165.0,78.8
2026,Male,1165.0,78.8
2026,Male,1165.0,78.8
2026,Male,1168.0,78.81666666666666
2026,Male,1168.0,78.81666666666666
2026,Female,1168.0,78.81666666666666
2026,Male,1168.0,78.81666666666666
2026,Male,1172.0,78.83333333333333
2026,Male,1173.0,78.85
2026,Male,1173.0,78.85
2026,Male,1173.0,78.85
2026,Male,1173.0,78.85
2026,Female,1177.0,78.86666666666666
2026,Male,1178.0,78.88333333333334
2026,Male,1179.0,78.9
2026,Female,1180.0,78.93333333333334
2026,Male,1180.0,78.93333333333334
2026,Female,1182.0,78.95
2026,Female,1182.0,78.95
2026,Female,1182.0,78.95
2026,Male,1185.0,78.96666666666667
2026,Female,1186.0,78.98333333333333
2026,Female,1187.0,79.0
2026,Male,1188.0,79.01666666666667
2026,Female,1189.0,79.03333333333333
2026,Male,1190.0,79.05
2026,Male,1191.0,79.08333333333333
2026,Male,1192.0,79.13333333333334
2026,Male,1192.0,79.13333333333334
2026,Male,1194.0,79.15
2026,Male,1195.0,79.21666666666667
2026,Male,1195.0,79.21666666666667
2026,Male,1197.0,79.23333333333333
2026,Male,1198.0,79.25
2026,Male,1198.0,79.25
2026,Male,1198.0,79.25
2026,Male,1201.0,79.26666666666667
2026,Male,1202.0,79.28333333333333
2026,Male,1202.0,79.28333333333333
2026,Female,1204.0,79.3
2026,Female,1204.0,79.3
2026,Male,1204.0,79.3
2026,Male,1204.0,79.3
2026,Female,1208.0,79.31666666666666
2026,Male,1209.0,79.33333333333333
2026,Male,1210.0,79.35
2026,Male,1211.0,79.36666666666666
2026,Female,1211.0,79.36666666666666
2026,Male,1213.0,79.38333333333334
2026,Male,1213.0,79.38333333333334
2026,Male,1215.0,79.41666666666667
2026,Male,1215.0,79.41666666666667
2026,Female,1215.0,79.41666666666667
2026,Male,1218.0,79.43333333333334
2026,Female,1219.0,79.45
2026,Female,1219.0,79.45
2026,Male,1219.0,79.45
2026,Male,1222.0,79.5
2026,Male,1223.0,79.51666666666667
2026,Female,1224.0,79.55
2026,Male,1224.0,79.55
2026,Female,1226.0,79.56666666666666
2026,Male,1227.0,79.58333333333333
2026,Male,1227.0,79.58333333333333
2026,Male,1229.0,79.6
2026,Male,1229.0,79.6
2026,Male,1229.0,79.6
2026,Male,1229.0,79.6
2026,Male,1229.0,79.6
2026,Male,1234.0,79.61666666666666
2026,Male,1234.0,79.61666666666666
2026,Male,1234.0,79.61666666666666
2026,Male,1237.0,79.63333333333334
2026,Male,1237.0,79.63333333333334
2026,Male,1237.0,79.63333333333334
2026,Male,1237.0,79.63333333333334
2026,Male,1237.0,79.63333333333334
2026,Male,1242.0,79.65
2026,Male,1243.0,79.66666666666667
2026,Male,1244.0,79.68333333333334
2026,Male,1245.0,79.7
2026,Female,1246.0,79.71666666666667
2026,Female,1246.0,79.71666666666667
2026,Male,1246.0,79.71666666666667
2026,Male,1249.0,79.73333333333333
2026,Male,1249.0,79.73333333333333
2026,Male,1251.0,79.76666666666667
2026,Male,1252.0,79.78333333333333
2026,Male,1252.0,79.78333333333333
2026,Male,1252.0,79.78333333333333
2026,Male,1252.0,79.78333333333333
2026,Male,1252.0,79.78333333333333
2026,Male,1257.0,79.8
2026,Male,1257.0,79.8
2026,Female,1259.0,79.81666666666666
2026,Female,1260.0,79.83333333333333
2026,Male,1261.0,79.85
2026,Male,1261.0,79.85
2026,Female,1263.0,79.86666666666666
2026,Male,1264.0,79.88333333333334
2026,Male,1264.0,79.88333333333334
2026,Female,1266.0,79.9
2026,Male,1266.0,79.9
2026,Male,1268.0,79.91666666666667
2026,Male,1268.0,79.91666666666667
2026,Female,1270.0,79.93333333333334
2026,Male,1271.0,79.95
2026,Female,1271.0,79.95
2026,Male,1273.0,79.96666666666667
2026,Female,1274.0,79.98333333333333
2026,Male,1274.0,79.98333333333333
2026,Female,1276.0,80.0
2026,Male,1277.0,80.03333333333333
2026,Female,1277.0,80.03333333333333
2026,Male,1277.0,80.03333333333333
2026,Male,1280.0,80.05
2026,Male,1280.0,80.05
2026,Male,1280.0,80.05
2026,Male,1283.0,80.06666666666666
2026,Male,1283.0,80.06666666666666
2026,Male,1285.0,80.08333333333333
2026,Female,1285.0,80.08333333333333
2026,Female,1287.0,80.1
2026,Female,1287.0,80.1
2026,Female,1287.0,80.1
2026,Female,1287.0,80.1
2026,Male,1287.0,80.1
2026,Female,1287.0,80.1
2026,Female,1293.0,80.11666666666666
2026,Male,1293.0,80.11666666666666
2026,Male,1293.0,80.11666666666666
2026,Male,1296.0,80.13333333333334
2026,Female,1296.0,80.13333333333334
2026,Male,1296.0,80.13333333333334
2026,Male,1296.0,80.13333333333334
2026,Male,1300.0,80.16666666666667
2026,Male,1300.0,80.16666666666667
2026,Male,1302.0,80.18333333333334
2026,Male,1303.0,80.2
2026,Male,1304.0,80.21666666666667
2026,Male,1304.0,80.21666666666667
2026,Male,1304.0,80.21666666666667
2026,Male,1304.0,80.21666666666667
2026,Male,1304.0,80.21666666666667
2026,Male,1304.0,80.21666666666667
2026,Male,1310.0,80.23333333333333
2026,Male,1311.0,80.25
2026,Male,1311.0,80.25
2026,Male,1313.0,80.28333333333333
2026,Male,1313.0,80.28333333333333
2026,Male,1315.0,80.3
2026,Male,1315.0,80.3
2026,Male,1317.0,80.33333333333333
2026,Male,1318.0,80.35
2026,Male,1319.0,80.4
2026,Male,1319.0,80.4
2026,Male,1321.0,80.41666666666667
2026,Female,1321.0,80.41666666666667
2026,Male,1323.0,80.43333333333334
2026,Female,1323.0,80.43333333333334
2026,Female,1323.0,80.43333333333334
2026,Male,1326.0,80.46666666666667
2026,Male,1326.0,80.46666666666667
2026,Female,1328.0,80.48333333333333
2026,Female,1328.0,80.48333333333333
2026,Female,1328.0,80.48333333333333
2026,Male,1331.0,80.5
2026,Male,1331.0,80.5
2026,Male,1331.0,80.5
2026,Male,1334.0,80.51666666666667
2026,Female,1334.0,80.51666666666667
2026,Male,1336.0,80.53333333333333
2026,Male,1337.0,80.55
2026,Male,1337.0,80.55
2026,Male,1337.0,80.55
2026,Female,1340.0,80.56666666666666
2026,Male,1340.0,80.56666666666666
2026,Female,1342.0,80.58333333333333
2026,Male,1342.0,80.58333333333333
2026,Male,1344.0,80.6
2026,Female,1345.0,80.61666666666666
2026,Male,1345.0,80.61666666666666
2026,Male,1347.0,80.63333333333334
2026,Male,1347.0,80.63333333333334
2026,Male,1347.0,80.63333333333334
2026,Male,1347.0,80.63333333333334
2026,Male,1351.0,80.65
2026,Female,1352.0,80.66666666666667
2026,Male,1353.0,80.68333333333334
2026,Female,1354.0,80.71666666666667
2026,Male,1355.0,80.73333333333333
2026,Male,1356.0,80.75
2026,Female,1356.0,80.75
2026,Male,1356.0,80.75
2026,Male,1359.0,80.76666666666667
2026,Female,1359.0,80.76666666666667
2026,Male,1361.0,80.78333333333333
2026,Male,1362.0,80.8
2026,Male,1362.0,80.8
2026,Male,1364.0,80.81666666666666
2026,Male,1365.0,80.83333333333333
2026,Male,1365.0,80.83333333333333
2026,Male,1367.0,80.85
2026,Female,1367.0,80.85
2026,Male,1367.0,80.85
2026,Female,1370.0,80.86666666666666
2026,Male,1370.0,80.86666666666666
2026,Male,1370.0,80.86666666666666
2026,Male,1373.0,80.88333333333334
2026,Female,1373.0,80.88333333333334
2026,Male,1375.0,80.9
2026,Male,1375.0,80.9
2026,Male,1377.0,80.91666666666667
2026,Male,1377.0,80.91666666666667
2026,Male,1379.0,80.93333333333334
2026,Female,1380.0,80.95
2026,Male,1380.0,80.95
2026,Male,1380.0,80.95
2026,Male,1383.0,80.96666666666667
2026,Female,1383.0,80.96666666666667
2026,Male,1385.0,80.98333333333333
2026,Male,1386.0,81.01666666666667
2026,Male,1387.0,81.03333333333333
2026,Female,1387.0,81.03333333333333
2026,Male,1387.0,81.03333333333333
2026,Male,1390.0,81.05
2026,Male,1390.0,81.05
2026,Male,1392.0,81.06666666666666
2026,Female,1393.0,81.08333333333333
2026,Male,1393.0,81.08333333333333
2026,Female,1395.0,81.1
2026,Male,1395.0,81.1
2026,Male,1395.0,81.1
2026,Male,1395.0,81.1
2026,Male,1395.0,81.1
2026,Male,1400.0,81.13333333333334
2026,Male,1401.0,81.15
2026,Male,1401.0,81.15
2026,Male,1403.0,81.16666666666667
2026,Female,1404.0,81.18333333333334
2026,Female,1404.0,81.18333333333334
2026,Male,1404.0,81.18333333333334
2026,Female,1407.0,81.2
2026,Male,1408.0,81.21666666666667
2026,Female,1409.0,81.23333333333333
2026,Male,1409.0,81.23333333333333
2026,Male,1411.0,81.25
2026,Female,1412.0,81.26666666666667
2026,Male,1413.0,81.31666666666666
2026,Male,1413.0,81.31666666666666
2026,Female,1413.0,81.31666666666666
2026,Female,1413.0,81.31666666666666
2026,Female,1417.0,81.33333333333333
2026,Male,1417.0,81.33333333333333
2026,Male,1417.0,81.33333333333333
2026,Male,1420.0,81.35
2026,Male,1420.0,81.35
2026,Female,1420.0,81.35
2026,Female,1423.0,81.36666666666666
2026,Female,1423.0,81.36666666666666
2026,Male,1425.0,81.38333333333334
2026,Male,1426.0,81.4
2026,Female,1426.0,81.4
2026,Male,1428.0,81.41666666666667
2026,Male,1428.0,81.41666666666667
2026,Male,1430.0,81.43333333333334
2026,Male,1430.0,81.43333333333334
2026,Male,1432.0,81.45
2026,Male,1432.0,81.45
2026,Male,1434.0,81.48333333333333
2026,Male,1435.0,81.5
2026,Female,1436.0,81.53333333333333
2026,Male,1437.0,81.56666666666666
2026,Male,1438.0,81.58333333333333
2026,Male,1438.0,81.58333333333333
2026,Male,1440.0,81.61666666666666
2026,Male,1440.0,81.61666666666666
2026,Male,1442.0,81.63333333333334
2026,Male,1443.0,81.68333333333334
2026,Male,1443.0,81.68333333333334
2026,Male,1445.0,81.75
2026,Male,1446.0,81.76666666666667
2026,Female,1447.0,81.78333333333333
2026,Male,1448.0,81.81666666666666
2026,Female,1448.0,81.81666666666666
2026,Male,1448.0,81.81666666666666
2026,Male,1451.0,81.83333333333333
2026,Female,1451.0,81.83333333333333
2026,Female,1451.0,81.83333333333333
2026,Male,1454.0,81.86666666666666
2026,Female,1455.0,81.88333333333334
2026,Male,1456.0,81.9
2026,Male,1457.0,81.91666666666667
2026,Male,1457.0,81.91666666666667
2026,Male,1457.0,81.91666666666667
2026,Female,1460.0,81.95
2026,Male,1460.0,81.95
2026,Female,1462.0,81.96666666666667
2026,Male,1462.0,81.96666666666667
2026,Female,1464.0,81.98333333333333
2026,Male,1464.0,81.98333333333333
2026,Male,1466.0,82.01666666666667
2026,Male,1466.0,82.01666666666667
2026,Female,1466.0,82.01666666666667
2026,Male,1466.0,82.01666666666667
2026,Male,1470.0,82.03333333333333
2026,Female,1470.0,82.03333333333333
2026,Male,1472.0,82.06666666666666
2026,Male,1472.0,82.06666666666666
2026,Male,1474.0,82.08333333333333
2026,Male,1475.0,82.1
2026,Male,1476.0,82.11666666666666
2026,Male,1477.0,82.13333333333334
2026,Male,1477.0,82.13333333333334
2026,Male,1477.0,82.13333333333334
2026,Male,1480.0,82.16666666666667
2026,Female,1480.0,82.16666666666667
2026,Male,1480.0,82.16666666666667
2026,Male,1483.0,82.18333333333334
2026,Male,1484.0,82.2
2026,Male,1485.0,82.23333333333333
2026,Male,1485.0,82.23333333333333
2026,Male,1487.0,82.25
2026,Female,1487.0,82.25
2026,Male,1489.0,82.3
2026,Male,1489.0,82.3
2026,Male,1491.0,82.31666666666666
2026,Female,1492.0,82.33333333333333
2026,Male,1493.0,82.35
2026,Male,1493.0,82.35
2026,Male,1495.0,82.36666666666666
2026,Male,1496.0,82.4
2026,Female,1496.0,82.4
2026,Male,1498.0,82.43333333333334
2026,Female,1499.0,82.45
2026,Female,1499.0,82.45
2026,Male,1499.0,82.45
2026,Male,1499.0,82.45
2026,Male,1503.0,82.46666666666667
2026,Male,1503.0,82.46666666666667
2026,Male,1505.0,82.48333333333333
2026,Male,1505.0,82.48333333333333
2026,Male,1507.0,82.51666666666667
2026,Male,1508.0,82.53333333333333
2026,Female,1508.0,82.53333333333333
2026,Male,1510.0,82.55
2026,Male,1511.0,82.56666666666666
2026,Male,1511.0,82.56666666666666
2026,Female,1511.0,82.56666666666666
2026,Male,1514.0,82.6
2026,Male,1514.0,82.6
2026,Male,1516.0,82.61666666666666
2026,Male,1516.0,82.61666666666666
2026,Female,1518.0,82.63333333333334
2026,Female,1519.0,82.65
2026,Female,1519.0,82.65
2026,Male,1519.0,82.65
2026,Male,1522.0,82.66666666666667
2026,Male,1522.0,82.66666666666667
2026,Female,1524.0,82.68333333333334
2026,Male,1524.0,82.68333333333334
2026,Male,1526.0,82.7
2026,Female,1526.0,82.7
2026,Male,1528.0,82.71666666666667
2026,Male,1528.0,82.71666666666667
2026,Male,1530.0,82.73333333333333
2026,Male,1530.0,82.73333333333333
2026,Female,1532.0,82.76666666666667
2026,Female,1532.0,82.76666666666667
2026,Male,1532.0,82.76666666666667
2026,Male,1535.0,82.78333333333333
2026,Male,1536.0,82.8
2026,Male,1537.0,82.83333333333333
2026,Male,1537.0,82.83333333333333
2026,Male,1537.0,82.83333333333333
2026,Male,1540.0,82.85
2026,Male,1541.0,82.86666666666666
2026,Male,1541.0,82.86666666666666
2026,Female,1541.0,82.86666666666666
2026,Male,1541.0,82.86666666666666
2026,Female,1541.0,82.86666666666666
2026,Male,1541.0,82.86666666666666
2026,Male,1541.0,82.86666666666666
2026,Male,1548.0,82.88333333333334
2026,Male,1548.0,82.88333333333334
2026,Female,1550.0,82.9
2026,Male,1550.0,82.9
2026,Male,1552.0,82.91666666666667
2026,Female,1553.0,82.95
2026,Male,1553.0,82.95
2026,Male,1553.0,82.95
2026,Male,1556.0,82.96666666666667
2026,Female,1556.0,82.96666666666667
2026,Male,1558.0,82.98333333333333
2026,Female,1558.0,82.98333333333333
2026,Female,1560.0,83.0
2026,Female,1561.0,83.06666666666666
2026,Female,1561.0,83.06666666666666
2026,Male,1561.0,83.06666666666666
2026,Male,1564.0,83.1
2026,Female,1565.0,83.11666666666666
2026,Male,1566.0,83.16666666666667
2026,Male,1566.0,83.16666666666667
2026,Male,1568.0,83.21666666666667
2026,Male,1569.0,83.23333333333333
2026,Male,1569.0,83.23333333333333
2026,Male,1571.0,83.25
2026,Male,1571.0,83.25
2026,Male,1573.0,83.26666666666667
2026,Female,1573.0,83.26666666666667
2026,Female,1575.0,83.3
2026,Female,1575.0,83.3
2026,Male,1575.0,83.3
2026,Male,1575.0,83.3
2026,Male,1575.0,83.3
2026,Female,1580.0,83.35
2026,Male,1580.0,83.35
2026,Female,1582.0,83.38333333333334
2026,Male,1582.0,83.38333333333334
2026,Male,1582.0,83.38333333333334
2026,Male,1582.0,83.38333333333334
2026,Male,1586.0,83.41666666666667
2026,Male,1587.0,83.43333333333334
2026,Male,1587.0,83.43333333333334
2026,Male,1589.0,83.45
2026,Female,1590.0,83.46666666666667
2026,Male,1590.0,83.46666666666667
2026,Male,1590.0,83.46666666666667
2026,Male,1590.0,83.46666666666667
2026,Male,1594.0,83.48333333333333
2026,Male,1594.0,83.48333333333333
2026,Male,1594.0,83.48333333333333
2026,Female,1594.0,83.48333333333333
2026,Male,1598.0,83.5
2026,Female,1598.0,83.5
2026,Female,1598.0,83.5
2026,Male,1601.0,83.51666666666667
2026,Female,1602.0,83.53333333333333
2026,Female,1603.0,83.55
2026,Female,1604.0,83.56666666666666
2026,Male,1604.0,83.56666666666666
2026,Female,1604.0,83.56666666666666
2026,Male,1607.0,83.58333333333333
2026,Female,1608.0,83.6
2026,Male,1608.0,83.6
2026,Male,1608.0,83.6
2026,Female,1611.0,83.61666666666666
2026,Male,1612.0,83.63333333333334
2026,Female,1613.0,83.65
2026,Male,1613.0,83.65
2026,Male,1615.0,83.66666666666667
2026,Male,1616.0,83.68333333333334
2026,Male,1617.0,83.7
2026,Female,1617.0,83.7
2026,Female,1619.0,83.71666666666667
2026,Female,1619.0,83.71666666666667
2026,Male,1619.0,83.71666666666667
2026,Male,1619.0,83.71666666666667
2026,Female,1619.0,83.71666666666667
2026,Male,1624.0,83.73333333333333
2026,Female,1624.0,83.73333333333333
2026,Male,1626.0,83.75
2026,Male,1627.0,83.76666666666667
2026,Male,1627.0,83.76666666666667
2026,Female,1629.0,83.8
2026,Female,1629.0,83.8
2026,Male,1629.0,83.8
2026,Male,1632.0,83.83333333333333
2026,Female,1633.0,83.86666666666666
2026,Female,1633.0,83.86666666666666
2026,Male,1635.0,83.88333333333334
2026,Female,1635.0,83.88333333333334
2026,Male,1637.0,83.93333333333334
2026,Male,1637.0,83.93333333333334
2026,Male,1637.0,83.93333333333334
2026,Female,1640.0,83.96666666666667
2026,Male,1640.0,83.96666666666667
2026,Male,1642.0,84.01666666666667
2026,Male,1643.0,84.03333333333333
2026,Male,1643.0,84.03333333333333
2026,Male,1643.0,84.03333333333333
2026,Male,1643.0,84.03333333333333
2026,Female,1643.0,84.03333333333333
2026,Male,1648.0,84.06666666666666
2026,Male,1649.0,84.08333333333333
2026,Female,1650.0,84.13333333333334
2026,Female,1650.0,84.13333333333334
2026,Female,1652.0,84.15
2026,Male,1653.0,84.18333333333334
2026,Female,1653.0,84.18333333333334
2026,Male,1655.0,84.2
2026,Male,1656.0,84.21666666666667
2026,Male,1656.0,84.21666666666667
2026,Female,1658.0,84.23333333333333
2026,Male,1659.0,84.25
2026,Female,1659.0,84.25
2026,Male,1661.0,84.28333333333333
2026,Male,1662.0,84.3
2026,Male,1662.0,84.3
2026,Male,1662.0,84.3
2026,Male,1665.0,84.31666666666666
2026,Male,1666.0,84.35
2026,Male,1667.0,84.36666666666666
2026,Male,1667.0,84.36666666666666
2026,Male,1667.0,84.36666666666666
2026,Male,1670.0,84.38333333333334
2026,Female,1671.0,84.4
2026,Male,1671.0,84.4
2026,Male,1673.0,84.46666666666667
2026,Female,1673.0,84.46666666666667
2026,Female,1673.0,84.46666666666667
2026,Male,1676.0,84.48333333333333
2026,Female,1677.0,84.5
2026,Female,1678.0,84.51666666666667
2026,Male,1678.0,84.51666666666667
2026,Male,1680.0,84.56666666666666
2026,Male,1681.0,84.61666666666666
2026,Male,1682.0,84.65
2026,Male,1683.0,84.66666666666667
2026,Male,1683.0,84.66666666666667
2026,Female,1685.0,84.68333333333334
2026,Female,1686.0,84.73333333333333
2026,Female,1686.0,84.73333333333333
2026,Male,1688.0,84.75
2026,Male,1688.0,84.75
2026,Male,1690.0,84.76666666666667
2026,Female,1690.0,84.76666666666667
2026,Male,1692.0,84.78333333333333
2026,Male,1692.0,84.78333333333333
2026,Female,1694.0,84.8
2026,Male,1694.0,84.8
2026,Male,1696.0,84.81666666666666
2026,Female,1696.0,84.81666666666666
2026,Male,1698.0,84.83333333333333
2026,Female,1698.0,84.83333333333333
2026,Female,1700.0,84.86666666666666
2026,Male,1700.0,84.86666666666666
2026,Female,1702.0,84.88333333333334
2026,Female,1703.0,84.9
2026,Male,1703.0,84.9
2026,Male,1705.0,84.91666666666667
2026,Male,1706.0,84.93333333333334
2026,Male,1707.0,84.98333333333333
2026,Male,1708.0,85.0
2026,Male,1708.0,85.0
2026,Female,1710.0,85.05
2026,Female,1710.0,85.05
2026,Female,1712.0,85.06666666666666
2026,Female,1712.0,85.06666666666666
2026,Male,1714.0,85.1
2026,Male,1715.0,85.15
2026,Male,1716.0,85.16666666666667
2026,Male,1717.0,85.2
2026,Male,1717.0,85.2
2026,Male,1719.0,85.3
2026,Female,1719.0,85.3
2026,Male,1719.0,85.3
2026,Female,1722.0,85.33333333333333
2026,Female,1723.0,85.35
2026,Male,1723.0,85.35
2026,Female,1725.0,85.36666666666666
2026,Male,1725.0,85.36666666666666
2026,Male,1727.0,85.38333333333334
2026,Female,1728.0,85.4
2026,Male,1728.0,85.4
2026,Female,1728.0,85.4
2026,Male,1731.0,85.43333333333334
2026,Male,1732.0,85.45
2026,Male,1733.0,85.46666666666667
2026,Male,1733.0,85.46666666666667
2026,Male,1733.0,85.46666666666667
2026,Female,1733.0,85.46666666666667
2026,Female,1737.0,85.48333333333333
2026,Male,1738.0,85.51666666666667
2026,Male,1739.0,85.55
2026,Male,1740.0,85.61666666666666
2026,Male,1740.0,85.61666666666666
2026,Female,1742.0,85.63333333333334
2026,Male,1742.0,85.63333333333334
2026,Male,1742.0,85.63333333333334
2026,Male,1745.0,85.66666666666667
2026,Female,1745.0,85.66666666666667
2026,Female,1745.0,85.66666666666667
2026,Male,1748.0,85.7
2026,Male,1749.0,85.71666666666667
2026,Female,1750.0,85.73333333333333
2026,Male,1750.0,85.73333333333333
2026,Female,1752.0,85.75
2026,Female,1753.0,85.76666666666667
2026,Female,1754.0,85.78333333333333
2026,Female,1754.0,85.78333333333333
2026,Male,1756.0,85.81666666666666
2026,Male,1756.0,85.81666666666666
2026,Female,1758.0,85.85
2026,Female,1759.0,85.86666666666666
2026,Female,1759.0,85.86666666666666
2026,Male,1761.0,85.88333333333334
2026,Male,1761.0,85.88333333333334
2026,Female,1761.0,85.88333333333334
2026,Female,1764.0,85.9
2026,Male,1764.0,85.9
2026,Male,1764.0,85.9
2026,Male,1767.0,85.91666666666667
2026,Male,1768.0,85.93333333333334
2026,Female,1769.0,85.95
2026,Female,1769.0,85.95
2026,Female,1771.0,85.98333333333333
2026,Female,1772.0,86.01666666666667
2026,Male,1772.0,86.01666666666667
2026,Male,1774.0,86.05
2026,Male,1775.0,86.06666666666666
2026,Male,1775.0,86.06666666666666
2026,Female,1777.0,86.11666666666666
2026,Male,1778.0,86.13333333333334
2026,Female,1779.0,86.15
2026,Female,1779.0,86.15
2026,Male,1781.0,86.16666666666667
2026,Male,1781.0,86.16666666666667
2026,Female,1783.0,86.18333333333334
2026,Female,1784.0,86.2
2026,Male,1784.0,86.2
2026,Male,1786.0,86.25
2026,Male,1787.0,86.26666666666667
2026,Female,1787.0,86.26666666666667
2026,Male,1789.0,86.28333333333333
2026,Male,1789.0,86.28333333333333
2026,Female,1791.0,86.31666666666666
2026,Female,1792.0,86.33333333333333
2026,Male,1793.0,86.38333333333334
2026,Female,1794.0,86.5
2026,Female,1794.0,86.5
2026,Female,1794.0,86.5
2026,Male,1797.0,86.51666666666667
2026,Male,1798.0,86.55
2026,Male,1798.0,86.55
2026,Female,1800.0,86.56666666666666
2026,Male,1801.0,86.58333333333333
2026,Male,1801.0,86.58333333333333
2026,Male,1801.0,86.58333333333333
2026,Male,1804.0,86.6
2026,Female,1805.0,86.61666666666666
2026,Male,1806.0,86.63333333333334
2026,Female,1806.0,86.63333333333334
2026,Male,1808.0,86.65
2026,Male,1808.0,86.65
2026,Male,1810.0,86.7
2026,Female,1811.0,86.73333333333333
2026,Female,1811.0,86.73333333333333
2026,Female,1813.0,86.76666666666667
2026,Female,1813.0,86.76666666666667
2026,Male,1813.0,86.76666666666667
2026,Female,1816.0,86.81666666666666
2026,Female,1817.0,86.85
2026,Male,1817.0,86.85
2026,Male,1819.0,86.86666666666666
2026,Male,1819.0,86.86666666666666
2026,Male,1819.0,86.86666666666666
2026,Male,1822.0,86.91666666666667
2026,Male,1822.0,86.91666666666667
2026,Male,1822.0,86.91666666666667
2026,Male,1825.0,86.93333333333334
2026,Male,1826.0,86.96666666666667
2026,Female,1826.0,86.96666666666667
2026,Male,1826.0,86.96666666666667
2026,Female,1829.0,87.03333333333333
2026,Male,1829.0,87.03333333333333
2026,Female,1831.0,87.06666666666666
2026,Female,1831.0,87.06666666666666
2026,Female,1833.0,87.11666666666666
2026,Male,1834.0,87.13333333333334
2026,Male,1835.0,87.15
2026,Male,1835.0,87.15
2026,Female,1837.0,87.16666666666667
2026,Male,1838.0,87.18333333333334
2026,Male,1839.0,87.2
2026,Female,1840.0,87.26666666666667
2026,Female,1841.0,87.28333333333333
2026,Male,1842.0,87.3
2026,Female,1842.0,87.3
2026,Male,1842.0,87.3
2026,Female,1845.0,87.31666666666666
2026,Male,1846.0,87.33333333333333
2026,Male,1846.0,87.33333333333333
2026,Female,1848.0,87.35
2026,Male,1849.0,87.4
2026,Female,1850.0,87.41666666666667
2026,Male,1850.0,87.41666666666667
2026,Male,1852.0,87.45
2026,Male,1852.0,87.45
2026,Male,1852.0,87.45
2026,Male,1855.0,87.46666666666667
2026,Female,1856.0,87.53333333333333
2026,Female,1857.0,87.55
2026,Female,1858.0,87.56666666666666
2026,Female,1859.0,87.61666666666666
2026,Female,1860.0,87.66666666666667
2026,Male,1861.0,87.71666666666667
2026,Male,1861.0,87.71666666666667
2026,Male,1863.0,87.73333333333333
2026,Male,1863.0,87.73333333333333
2026,Male,1863.0,87.73333333333333
2026,Male,1866.0,87.75
2026,Male,1866.0,87.75
2026,Male,1866.0,87.75
2026,Male,1869.0,87.76666666666667
2026,Male,1869.0,87.76666666666667
2026,Male,1871.0,87.78333333333333
2026,Male,1872.0,87.85
2026,Male,1872.0,87.85
2026,Female,1874.0,87.86666666666666
2026,Male,1875.0,87.88333333333334
2026,Male,1876.0,87.9
2026,Male,1877.0,87.95
2026,Female,1878.0,88.05
2026,Male,1879.0,88.06666666666666
2026,Male,1880.0,88.1
2026,Male,1880.0,88.1
2026,Male,1882.0,88.13333333333334
2026,Male,1883.0,88.16666666666667
2026,Male,1884.0,88.2
2026,Male,1885.0,88.21666666666667
2026,Male,1886.0,88.36666666666666
2026,Female,1887.0,88.41666666666667
2026,Male,1888.0,88.43333333333334
2026,Female,1889.0,88.45
2026,Female,1890.0,88.46666666666667
2026,Male,1891.0,88.5
2026,Female,1891.0,88.5
2026,Male,1893.0,88.51666666666667
2026,Male,1894.0,88.53333333333333
2026,Male,1895.0,88.63333333333334
2026,Female,1896.0,88.66666666666667
2026,Male,1896.0,88.66666666666667
2026,Male,1898.0,88.68333333333334
2026,Male,1899.0,88.7
2026,Male,1900.0,88.71666666666667
2026,Female,1901.0,88.73333333333333
2026,Male,1902.0,88.81666666666666
2026,Male,1903.0,88.83333333333333
2026,Female,1904.0,88.85
2026,Male,1904.0,88.85
2026,Male,1904.0,88.85
2026,Female,1907.0,88.9
2026,Male,1908.0,88.91666666666667
2026,Female,1908.0,88.91666666666667
2026,Male,1910.0,88.96666666666667
2026,Female,1911.0,89.0
2026,Male,1911.0,89.0
2026,Male,1911.0,89.0
2026,Female,1914.0,89.01666666666667
2026,Male,1914.0,89.01666666666667
2026,Female,1916.0,89.03333333333333
2026,Male,1917.0,89.05
2026,Female,1918.0,89.11666666666666
2026,Female,1919.0,89.13333333333334
2026,Female,1919.0,89.13333333333334
2026,Female,1921.0,89.18333333333334
2026,Male,1922.0,89.2
2026,Male,1923.0,89.21666666666667
2026,Male,1923.0,89.21666666666667
2026,Male,1925.0,89.23333333333333
2026,Male,1926.0,89.26666666666667
2026,Female,1926.0,89.26666666666667
2026,Female,1928.0,89.28333333333333
2026,Male,1929.0,89.31666666666666
2026,Male,1929.0,89.31666666666666
2026,Male,1931.0,89.35
2026,Female,1931.0,89.35
2026,Male,1933.0,89.4
2026,Male,1933.0,89.4
2026,Female,1935.0,89.45
2026,Male,1936.0,89.48333333333333
2026,Female,1937.0,89.51666666666667
2026,Male,1938.0,89.53333333333333
2026,Male,1938.0,89.53333333333333
2026,Male,1938.0,89.53333333333333
2026,Female,1941.0,89.55
2026,Male,1942.0,89.56666666666666
2026,Male,1942.0,89.56666666666666
2026,Male,1944.0,89.58333333333333
2026,Male,1945.0,89.6
2026,Female,1946.0,89.63333333333334
2026,Male,1947.0,89.65
2026,Female,1948.0,89.66666666666667
2026,Male,1949.0,89.7
2026,Male,1950.0,89.71666666666667
2026,Male,1950.0,89.71666666666667
2026,Female,1952.0,89.73333333333333
2026,Female,1953.0,89.78333333333333
2026,Male,1954.0,89.85
2026,Female,1954.0,89.85
2026,Female,1956.0,89.86666666666666
2026,Female,1957.0,89.88333333333334
2026,Female,1958.0,89.9
2026,Female,1958.0,89.9
2026,Male,1960.0,89.95
2026,Female,1961.0,89.96666666666667
2026,Female,1962.0,90.03333333333333
2026,Male,1962.0,90.03333333333333
2026,Male,1964.0,90.05
2026,Female,1964.0,90.05
2026,Male,1966.0,90.21666666666667
2026,Male,1966.0,90.21666666666667
2026,Female,1968.0,90.25
2026,Female,1969.0,90.31666666666666
2026,Male,1970.0,90.33333333333333
2026,Female,1971.0,90.35
2026,Female,1972.0,90.38333333333334
2026,Female,1972.0,90.38333333333334
2026,Male,1974.0,90.41666666666667
2026,Male,1975.0,90.43333333333334
2026,Male,1975.0,90.43333333333334
2026,Male,1977.0,90.48333333333333
2026,Male,1978.0,90.55
2026,Male,1978.0,90.55
2026,Male,1980.0,90.58333333333333
2026,Female,1981.0,90.6
2026,Male,1982.0,90.63333333333334
2026,Female,1983.0,90.66666666666667
2026,Female,1984.0,90.68333333333334
2026,Female,1985.0,90.7
2026,Female,1986.0,90.71666666666667
2026,Male,1987.0,90.73333333333333
2026,Male,1987.0,90.73333333333333
2026,Female,1989.0,90.75
2026,Male,1989.0,90.75
2026,Male,1991.0,90.78333333333333
2026,Male,1992.0,90.96666666666667
2026,Male,1993.0,91.03333333333333
2026,Male,1994.0,91.15
2026,Female,1995.0,91.16666666666667
2026,Female,1996.0,91.18333333333334
2026,Female,1997.0,91.25
2026,Female,1998.0,91.28333333333333
2026,Male,1999.0,91.36666666666666
2026,Male,2000.0,91.43333333333334
2026,Male,2000.0,91.43333333333334
2026,Male,2002.0,91.46666666666667
2026,Male,2003.0,91.51666666666667
2026,Female,2004.0,91.55
2026,Female,2004.0,91.55
2026,Male,2006.0,91.61666666666666
2026,Male,2007.0,91.63333333333334
2026,Male,2008.0,91.66666666666667
2026,Female,2009.0,91.75
2026,Male,2009.0,91.75
2026,Male,2009.0,91.75
2026,Male,2012.0,91.96666666666667
2026,Female,2012.0,91.96666666666667
2026,Female,2014.0,92.03333333333333
2026,Female,2015.0,92.06666666666666
2026,Male,2016.0,92.08333333333333
2026,Male,2017.0,92.13333333333334
2026,Female,2018.0,92.16666666666667
2026,Female,2019.0,92.23333333333333
2026,Female,2020.0,92.35
2026,Male,2020.0,92.35
2026,Male,2022.0,92.36666666666666
2026,Female,2023.0,92.38333333333334
2026,Male,2024.0,92.45
2026,Female,2025.0,92.46666666666667
2026,Male,2026.0,92.58333333333333
2026,Female,2027.0,92.61666666666666
2026,Female,2028.0,92.63333333333334
2026,Male,2029.0,92.65
2026,Female,2030.0,92.7
2026,Male,2031.0,92.78333333333333
2026,Male,2032.0,92.86666666666666
2026,Male,2033.0,92.88333333333334
2026,Male,2034.0,92.9
2026,Female,2035.0,92.91666666666667
2026,Female,2036.0,92.96666666666667
2026,Female,2037.0,93.05
2026,Female,2038.0,93.15
2026,Male,2039.0,93.18333333333334
2026,Female,2040.0,93.33333333333333
2026,Female,2040.0,93.33333333333333
2026,Female,2042.0,93.38333333333334
2026,Female,2043.0,93.4
2026,Female,2044.0,93.5
2026,Female,2045.0,93.56666666666666
2026,Male,2046.0,93.61666666666666
2026,Female,2047.0,93.63333333333334
2026,Male,2048.0,93.76666666666667
2026,Male,2049.0,93.86666666666666
2026,Female,2049.0,93.86666666666666
2026,Female,2051.0,93.91666666666667
2026,Male,2052.0,93.93333333333334
2026,Male,2053.0,94.0
2026,Female,2054.0,94.01666666666667
2026,Male,2055.0,94.28333333333333
2026,Male,2055.0,94.28333333333333
2026,Female,2057.0,94.31666666666666
2026,Male,2058.0,94.58333333333333
2026,Male,2058.0,94.58333333333333
2026,Female,2060.0,94.66666666666667
2026,Male,2061.0,94.68333333333334
2026,Female,2062.0,94.75
2026,Male,2063.0,94.78333333333333
2026,Male,2063.0,94.78333333333333
2026,Female,2065.0,94.8
2026,Male,2066.0,94.95
2026,Male,2067.0,94.96666666666667
2026,Male,2068.0,95.03333333333333
2026,Female,2069.0,95.11666666666666
2026,Female,2070.0,95.13333333333334
2026,Female,2071.0,95.33333333333333
2026,Female,2072.0,95.48333333333333
2026,Female,2073.0,95.56666666666666
2026,Female,2074.0,95.58333333333333
2026,Female,2075.0,95.96666666666667
2026,Male,2076.0,96.05
2026,Female,2077.0,96.06666666666666
2026,Male,2078.0,96.08333333333333
2026,Male,2079.0,96.21666666666667
2026,Male,2080.0,96.3
2026,Male,2080.0,96.3
2026,Female,2082.0,96.41666666666667
2026,Male,2083.0,96.5
2026,Male,2084.0,96.73333333333333
2026,Male,2085.0,96.91666666666667
2026,Female,2086.0,96.95
2026,Male,2087.0,96.98333333333333
2026,Male,2088.0,97.01666666666667
2026,Male,2089.0,97.05
2026,Male,2090.0,97.11666666666666
2026,Male,2091.0,97.18333333333334
2026,Male,2092.0,97.4
2026,Female,2093.0,97.51666666666667
2026,Female,2094.0,97.53333333333333
2026,Male,2095.0,97.68333333333334
2026,Male,2096.0,97.81666666666666
2026,Male,2097.0,97.93333333333334
2026,Female,2098.0,97.95
2026,Female,2099.0,98.03333333333333
2026,Male,2100.0,98.41666666666667
2026,Male,2101.0,98.43333333333334
2026,Male,2101.0,98.43333333333334
2026,Female,2103.0,98.5
2026,Male,2104.0,98.76666666666667
2026,Male,2105.0,99.05
2026,Male,2106.0,99.16666666666667
2026,Male,2107.0,99.53333333333333
2026,Female,2108.0,100.03333333333333
2026,Male,2108.0,100.03333333333333
2026,Female,2110.0,100.18333333333334
2026,Male,2111.0,100.2
2026,Female,2112.0,100.33333333333333
2026,Female,2113.0,100.43333333333334
2026,Female,2114.0,100.5
2026,Male,2115.0,100.6
2026,Female,2116.0,100.68333333333334
2026,Male,2117.0,100.76666666666667
2026,Female,2118.0,100.81666666666666
2026,Male,2119.0,101.08333333333333
2026,Male,2120.0,101.1
2026,Male,2121.0,101.15
2026,Male,2122.0,101.46666666666667
2026,Male,2122.0,101.46666666666667
2026,Male,2124.0,101.63333333333334
2026,Female,2125.0,101.7
2026,Female,2126.0,101.83333333333333
2026,Female,2127.0,101.96666666666667
2026,Female,2128.0,102.03333333333333
2026,Male,2128.0,102.03333333333333
2026,Male,2130.0,102.08333333333333
2026,Female,2131.0,102.2
2026,Female,2132.0,102.23333333333333
2026,Female,2133.0,102.28333333333333
2026,Male,2134.0,102.36666666666666
2026,Male,2135.0,102.43333333333334
2026,Male,2135.0,102.43333333333334
2026,Male,2137.0,102.53333333333333
2026,Male,2138.0,102.63333333333334
2026,Female,2139.0,102.65
2026,Female,2140.0,102.66666666666667
2026,Male,2141.0,102.73333333333333
2026,Male,2142.0,102.76666666666667
2026,Female,2142.0,102.76666666666667
2026,Female,2144.0,102.81666666666666
2026,Male,2145.0,102.85
2026,Female,2146.0,102.98333333333333
2026,Male,2147.0,103.11666666666666
2026,Female,2148.0,103.4
2026,Female,2149.0,103.96666666666667
2026,Male,2150.0,104.0
2026,Male,2151.0,104.05
2026,Male,2152.0,104.26666666666667
2026,Male,2153.0,104.31666666666666
2026,Male,2153.0,104.31666666666666
2026,Female,2155.0,104.91666666666667
2026,Female,2156.0,105.03333333333333
2026,Male,2157.0,105.25
2026,Female,2158.0,105.33333333333333
2026,Female,2159.0,105.83333333333333
2026,Female,2160.0,106.03333333333333
2026,Female,2161.0,106.21666666666667
2026,Male,2162.0,106.5
2026,Female,2163.0,106.55
2026,Female,2164.0,106.63333333333334
2026,Male,2165.0,107.03333333333333
2026,Male,2166.0,107.13333333333334
2026,Female,2167.0,107.25
2026,Female,2168.0,107.45
2026,Female,2169.0,107.48333333333333
2026,Male,2170.0,107.75
2026,Male,2171.0,107.9
2026,Female,2171.0,107.9
2026,Male,2173.0,107.95
2026,Male,2174.0,108.25
2026,Male,2175.0,108.28333333333333
2026,Male,2176.0,108.55
2026,Female,2177.0,109.06666666666666
2026,Female,2178.0,109.35
2026,Female,2179.0,109.61666666666666
2026,Female,2180.0,109.83333333333333
2026,Female,2181.0,110.01666666666667
2026,Female,2182.0,110.1
2026,Female,2183.0,110.85
2026,Male,2184.0,111.06666666666666
2026,Male,2185.0,111.6
2026,Female,2186.0,111.83333333333333
2026,Female,2187.0,111.85
2026,Female,2188.0,112.03333333333333
2026,Female,2189.0,112.05
2026,Male,2190.0,113.53333333333333
2026,Female,2191.0,113.88333333333334
2026,Male,2192.0,114.16666666666667
2026,Male,2193.0,114.95
2026,Male,2194.0,115.6
2026,Male,2195.0,117.63333333333334
2026,Female,2196.0,120.73333333333333
2026,Male,2197.0,122.28333333333333
2026,Male,2198.0,122.45
2026,Male,2199.0,123.26666666666667
2026,Female,2200.0,125.03333333333333
2026,Female,2201.0,125.6
2026,Male,2202.0,125.78333333333333
2026,Female,2203.0,126.21666666666667
2026,Male,2204.0,126.63333333333334
2026,Male,2205.0,127.05
2026,Female,2206.0,129.83333333333334
2026,Female,2207.0,139.61666666666667
2026,Female,2208.0,142.28333333333333
